"Project","Task","Precision","Recall","ITest_size","IReal_size","FP_size","FN_size","Hits_size","ITest","IReal","F2"
"diaspora","1032","0.25","0.5","12","6","9","3","3","[app/controllers/admin/users_controller.rb, app/controllers/blocks_controller.rb, app/controllers/home_controller.rb, app/controllers/invitation_codes_controller.rb, app/controllers/people_controller.rb, app/controllers/photos_controller.rb, app/controllers/profiles_controller.rb, app/controllers/registrations_controller.rb, app/controllers/sessions_controller.rb, app/controllers/streams_controller.rb, app/controllers/tags_controller.rb, app/controllers/users_controller.rb]","[app/controllers/aspect_memberships_controller.rb, app/controllers/invitation_codes_controller.rb, app/controllers/posts_controller.rb, app/controllers/registrations_controller.rb, app/controllers/sessions_controller.rb, app/controllers/status_messages_controller.rb]","0.41666666666666663"
"diaspora","1063","0.0769230769","1.0","13","1","12","0","1","[app/controllers/admin/users_controller.rb, app/controllers/api/openid_connect/user_applications_controller.rb, app/controllers/blocks_controller.rb, app/controllers/home_controller.rb, app/controllers/invitation_codes_controller.rb, app/controllers/people_controller.rb, app/controllers/photos_controller.rb, app/controllers/profiles_controller.rb, app/controllers/registrations_controller.rb, app/controllers/sessions_controller.rb, app/controllers/streams_controller.rb, app/controllers/tags_controller.rb, app/controllers/users_controller.rb]","[app/controllers/registrations_controller.rb]","0.29411764699134946"
"diaspora","1100","0.0833333333","0.3333333333","12","3","11","2","1","[app/controllers/admin/users_controller.rb, app/controllers/blocks_controller.rb, app/controllers/home_controller.rb, app/controllers/invitation_codes_controller.rb, app/controllers/people_controller.rb, app/controllers/photos_controller.rb, app/controllers/profiles_controller.rb, app/controllers/registrations_controller.rb, app/controllers/sessions_controller.rb, app/controllers/streams_controller.rb, app/controllers/tags_controller.rb, app/controllers/users_controller.rb]","[app/controllers/aspect_memberships_controller.rb, app/controllers/invitation_codes_controller.rb, app/controllers/posts_controller.rb]","0.20833333328124998"
"diaspora","1134","0.0833333333","1.0","12","1","11","0","1","[app/controllers/admin/users_controller.rb, app/controllers/blocks_controller.rb, app/controllers/home_controller.rb, app/controllers/invitation_codes_controller.rb, app/controllers/people_controller.rb, app/controllers/photos_controller.rb, app/controllers/profiles_controller.rb, app/controllers/registrations_controller.rb, app/controllers/sessions_controller.rb, app/controllers/streams_controller.rb, app/controllers/tags_controller.rb, app/controllers/users_controller.rb]","[app/controllers/people_controller.rb]","0.31249999990625"
"diaspora","1148","0.0833333333","0.1111111111","12","9","11","8","1","[app/controllers/admin/users_controller.rb, app/controllers/blocks_controller.rb, app/controllers/home_controller.rb, app/controllers/invitation_codes_controller.rb, app/controllers/people_controller.rb, app/controllers/photos_controller.rb, app/controllers/profiles_controller.rb, app/controllers/registrations_controller.rb, app/controllers/sessions_controller.rb, app/controllers/streams_controller.rb, app/controllers/tags_controller.rb, app/controllers/users_controller.rb]","[app/controllers/api/openid_connect/authorizations_controller.rb, app/controllers/api/openid_connect/clients_controller.rb, app/controllers/api/openid_connect/discovery_controller.rb, app/controllers/api/openid_connect/id_tokens_controller.rb, app/controllers/api/openid_connect/token_endpoint_controller.rb, app/controllers/api/openid_connect/user_applications_controller.rb, app/controllers/api/openid_connect/user_info_controller.rb, app/controllers/api/v0/base_controller.rb, app/controllers/users_controller.rb]","0.10416666664843752"
"diaspora","1292","0.0833333333","1.0","12","1","11","0","1","[app/controllers/admin/users_controller.rb, app/controllers/blocks_controller.rb, app/controllers/home_controller.rb, app/controllers/invitation_codes_controller.rb, app/controllers/people_controller.rb, app/controllers/photos_controller.rb, app/controllers/profiles_controller.rb, app/controllers/registrations_controller.rb, app/controllers/sessions_controller.rb, app/controllers/streams_controller.rb, app/controllers/tags_controller.rb, app/controllers/users_controller.rb]","[app/controllers/streams_controller.rb]","0.31249999990625"
"diaspora","1360","0.25","0.3333333333","12","9","9","6","3","[app/controllers/admin/users_controller.rb, app/controllers/blocks_controller.rb, app/controllers/home_controller.rb, app/controllers/invitation_codes_controller.rb, app/controllers/people_controller.rb, app/controllers/photos_controller.rb, app/controllers/profiles_controller.rb, app/controllers/registrations_controller.rb, app/controllers/sessions_controller.rb, app/controllers/streams_controller.rb, app/controllers/tags_controller.rb, app/controllers/users_controller.rb]","[app/controllers/admins_controller.rb, app/controllers/application_controller.rb, app/controllers/comments_controller.rb, app/controllers/home_controller.rb, app/controllers/node_info_controller.rb, app/controllers/people_controller.rb, app/controllers/photos_controller.rb, app/controllers/posts_controller.rb, app/controllers/status_messages_controller.rb]","0.3124999999765625"
"diaspora","1395","0.4166666667","0.5","12","10","7","5","5","[app/controllers/admin/users_controller.rb, app/controllers/blocks_controller.rb, app/controllers/home_controller.rb, app/controllers/invitation_codes_controller.rb, app/controllers/people_controller.rb, app/controllers/photos_controller.rb, app/controllers/profiles_controller.rb, app/controllers/registrations_controller.rb, app/controllers/sessions_controller.rb, app/controllers/streams_controller.rb, app/controllers/tags_controller.rb, app/controllers/users_controller.rb]","[app/controllers/admin/pods_controller.rb, app/controllers/admins_controller.rb, app/controllers/application_controller.rb, app/controllers/help_controller.rb, app/controllers/home_controller.rb, app/controllers/people_controller.rb, app/controllers/photos_controller.rb, app/controllers/profiles_controller.rb, app/controllers/social_relay_controller.rb, app/controllers/users_controller.rb]","0.48076923077810646"
"diaspora","1417","0.4166666667","0.4545454545","12","11","7","6","5","[app/controllers/admin/users_controller.rb, app/controllers/blocks_controller.rb, app/controllers/home_controller.rb, app/controllers/invitation_codes_controller.rb, app/controllers/people_controller.rb, app/controllers/photos_controller.rb, app/controllers/profiles_controller.rb, app/controllers/registrations_controller.rb, app/controllers/sessions_controller.rb, app/controllers/streams_controller.rb, app/controllers/tags_controller.rb, app/controllers/users_controller.rb]","[app/controllers/admins_controller.rb, app/controllers/application_controller.rb, app/controllers/comments_controller.rb, app/controllers/help_controller.rb, app/controllers/home_controller.rb, app/controllers/people_controller.rb, app/controllers/photos_controller.rb, app/controllers/profiles_controller.rb, app/controllers/social_relay_controller.rb, app/controllers/status_messages_controller.rb, app/controllers/users_controller.rb]","0.44642857140114794"
"diaspora","1423","0.4166666667","0.4545454545","12","11","7","6","5","[app/controllers/admin/users_controller.rb, app/controllers/blocks_controller.rb, app/controllers/home_controller.rb, app/controllers/invitation_codes_controller.rb, app/controllers/people_controller.rb, app/controllers/photos_controller.rb, app/controllers/profiles_controller.rb, app/controllers/registrations_controller.rb, app/controllers/sessions_controller.rb, app/controllers/streams_controller.rb, app/controllers/tags_controller.rb, app/controllers/users_controller.rb]","[app/controllers/admins_controller.rb, app/controllers/application_controller.rb, app/controllers/comments_controller.rb, app/controllers/help_controller.rb, app/controllers/home_controller.rb, app/controllers/people_controller.rb, app/controllers/photos_controller.rb, app/controllers/profiles_controller.rb, app/controllers/social_relay_controller.rb, app/controllers/status_messages_controller.rb, app/controllers/users_controller.rb]","0.44642857140114794"
"odin","332","1.0","0.4285714286","3","7","0","4","3","[app/controllers/confirmations_controller.rb, app/controllers/courses_controller.rb, app/controllers/static_pages_controller.rb]","[app/controllers/application_controller.rb, app/controllers/confirmations_controller.rb, app/controllers/courses_controller.rb, app/controllers/lesson_completions_controller.rb, app/controllers/omniauth_callbacks_controller.rb, app/controllers/registrations_controller.rb, app/controllers/static_pages_controller.rb]","0.48387096777107186"
"odin","337","1.0","0.4285714286","3","7","0","4","3","[app/controllers/confirmations_controller.rb, app/controllers/courses_controller.rb, app/controllers/static_pages_controller.rb]","[app/controllers/application_controller.rb, app/controllers/confirmations_controller.rb, app/controllers/courses_controller.rb, app/controllers/lesson_completions_controller.rb, app/controllers/omniauth_callbacks_controller.rb, app/controllers/registrations_controller.rb, app/controllers/static_pages_controller.rb]","0.48387096777107186"
"odin","339","0.0","0.0","3","1","3","1","0","[app/controllers/confirmations_controller.rb, app/controllers/courses_controller.rb, app/controllers/static_pages_controller.rb]","[app/controllers/lesson_completions_controller.rb]","0"
"odin","346","0.0","0.0","2","1","2","1","0","[app/controllers/courses_controller.rb, app/controllers/static_pages_controller.rb]","[app/controllers/application_controller.rb]","0"
"odin","388","1.0","0.5","2","4","0","2","2","[app/controllers/courses_controller.rb, app/controllers/lessons_controller.rb]","[app/controllers/application_controller.rb, app/controllers/courses_controller.rb, app/controllers/lessons_controller.rb, app/controllers/static_pages_controller.rb]","0.5555555555555556"
"oneclickorgs","26","1.0","0.7727272727","17","22","0","5","17","[app/controllers/add_member_proposals_controller.rb, app/controllers/associations_controller.rb, app/controllers/change_member_class_proposals_controller.rb, app/controllers/comments_controller.rb, app/controllers/companies_controller.rb, app/controllers/constitution_proposal_bundles_controller.rb, app/controllers/constitutions_controller.rb, app/controllers/directors_controller.rb, app/controllers/eject_member_proposals_controller.rb, app/controllers/found_association_proposals_controller.rb, app/controllers/founding_members_controller.rb, app/controllers/meetings_controller.rb, app/controllers/member_sessions_controller.rb, app/controllers/members_controller.rb, app/controllers/one_click_controller.rb, app/controllers/password_resets_controller.rb, app/controllers/proposals_controller.rb]","[app/controllers/add_member_proposals_controller.rb, app/controllers/application_controller.rb, app/controllers/associations_controller.rb, app/controllers/change_member_class_proposals_controller.rb, app/controllers/comments_controller.rb, app/controllers/companies_controller.rb, app/controllers/constitution_proposal_bundles_controller.rb, app/controllers/constitutions_controller.rb, app/controllers/directors_controller.rb, app/controllers/eject_member_proposals_controller.rb, app/controllers/found_association_proposals_controller.rb, app/controllers/founding_members_controller.rb, app/controllers/invitations_controller.rb, app/controllers/meetings_controller.rb, app/controllers/member_sessions_controller.rb, app/controllers/members_controller.rb, app/controllers/one_click_controller.rb, app/controllers/password_resets_controller.rb, app/controllers/proposals_controller.rb, app/controllers/setup_controller.rb, app/controllers/votes_controller.rb, app/controllers/welcome_controller.rb]","0.8095238094998638"
"oneclickorgs","27","1.0","0.7727272727","17","22","0","5","17","[app/controllers/add_member_proposals_controller.rb, app/controllers/associations_controller.rb, app/controllers/change_member_class_proposals_controller.rb, app/controllers/comments_controller.rb, app/controllers/companies_controller.rb, app/controllers/constitution_proposal_bundles_controller.rb, app/controllers/constitutions_controller.rb, app/controllers/directors_controller.rb, app/controllers/eject_member_proposals_controller.rb, app/controllers/found_association_proposals_controller.rb, app/controllers/founding_members_controller.rb, app/controllers/meetings_controller.rb, app/controllers/member_sessions_controller.rb, app/controllers/members_controller.rb, app/controllers/one_click_controller.rb, app/controllers/password_resets_controller.rb, app/controllers/proposals_controller.rb]","[app/controllers/add_member_proposals_controller.rb, app/controllers/application_controller.rb, app/controllers/associations_controller.rb, app/controllers/change_member_class_proposals_controller.rb, app/controllers/comments_controller.rb, app/controllers/companies_controller.rb, app/controllers/constitution_proposal_bundles_controller.rb, app/controllers/constitutions_controller.rb, app/controllers/directors_controller.rb, app/controllers/eject_member_proposals_controller.rb, app/controllers/found_association_proposals_controller.rb, app/controllers/founding_members_controller.rb, app/controllers/invitations_controller.rb, app/controllers/meetings_controller.rb, app/controllers/member_sessions_controller.rb, app/controllers/members_controller.rb, app/controllers/one_click_controller.rb, app/controllers/password_resets_controller.rb, app/controllers/proposals_controller.rb, app/controllers/setup_controller.rb, app/controllers/votes_controller.rb, app/controllers/welcome_controller.rb]","0.8095238094998638"
"oneclickorgs","30","1.0","0.7727272727","17","22","0","5","17","[app/controllers/add_member_proposals_controller.rb, app/controllers/associations_controller.rb, app/controllers/change_member_class_proposals_controller.rb, app/controllers/comments_controller.rb, app/controllers/companies_controller.rb, app/controllers/constitution_proposal_bundles_controller.rb, app/controllers/constitutions_controller.rb, app/controllers/directors_controller.rb, app/controllers/eject_member_proposals_controller.rb, app/controllers/found_association_proposals_controller.rb, app/controllers/founding_members_controller.rb, app/controllers/meetings_controller.rb, app/controllers/member_sessions_controller.rb, app/controllers/members_controller.rb, app/controllers/one_click_controller.rb, app/controllers/password_resets_controller.rb, app/controllers/proposals_controller.rb]","[app/controllers/add_member_proposals_controller.rb, app/controllers/application_controller.rb, app/controllers/associations_controller.rb, app/controllers/change_member_class_proposals_controller.rb, app/controllers/comments_controller.rb, app/controllers/companies_controller.rb, app/controllers/constitution_proposal_bundles_controller.rb, app/controllers/constitutions_controller.rb, app/controllers/directors_controller.rb, app/controllers/eject_member_proposals_controller.rb, app/controllers/found_association_proposals_controller.rb, app/controllers/founding_members_controller.rb, app/controllers/invitations_controller.rb, app/controllers/meetings_controller.rb, app/controllers/member_sessions_controller.rb, app/controllers/members_controller.rb, app/controllers/one_click_controller.rb, app/controllers/password_resets_controller.rb, app/controllers/proposals_controller.rb, app/controllers/setup_controller.rb, app/controllers/votes_controller.rb, app/controllers/welcome_controller.rb]","0.8095238094998638"
"oneclickorgs","31","1.0","0.7727272727","17","22","0","5","17","[app/controllers/add_member_proposals_controller.rb, app/controllers/associations_controller.rb, app/controllers/change_member_class_proposals_controller.rb, app/controllers/comments_controller.rb, app/controllers/companies_controller.rb, app/controllers/constitution_proposal_bundles_controller.rb, app/controllers/constitutions_controller.rb, app/controllers/directors_controller.rb, app/controllers/eject_member_proposals_controller.rb, app/controllers/found_association_proposals_controller.rb, app/controllers/founding_members_controller.rb, app/controllers/meetings_controller.rb, app/controllers/member_sessions_controller.rb, app/controllers/members_controller.rb, app/controllers/one_click_controller.rb, app/controllers/password_resets_controller.rb, app/controllers/proposals_controller.rb]","[app/controllers/add_member_proposals_controller.rb, app/controllers/application_controller.rb, app/controllers/associations_controller.rb, app/controllers/change_member_class_proposals_controller.rb, app/controllers/comments_controller.rb, app/controllers/companies_controller.rb, app/controllers/constitution_proposal_bundles_controller.rb, app/controllers/constitutions_controller.rb, app/controllers/directors_controller.rb, app/controllers/eject_member_proposals_controller.rb, app/controllers/found_association_proposals_controller.rb, app/controllers/founding_members_controller.rb, app/controllers/invitations_controller.rb, app/controllers/meetings_controller.rb, app/controllers/member_sessions_controller.rb, app/controllers/members_controller.rb, app/controllers/one_click_controller.rb, app/controllers/password_resets_controller.rb, app/controllers/proposals_controller.rb, app/controllers/setup_controller.rb, app/controllers/votes_controller.rb, app/controllers/welcome_controller.rb]","0.8095238094998638"
"oneclickorgs","64","1.0","0.7727272727","17","22","0","5","17","[app/controllers/add_member_proposals_controller.rb, app/controllers/associations_controller.rb, app/controllers/change_member_class_proposals_controller.rb, app/controllers/comments_controller.rb, app/controllers/companies_controller.rb, app/controllers/constitution_proposal_bundles_controller.rb, app/controllers/constitutions_controller.rb, app/controllers/directors_controller.rb, app/controllers/eject_member_proposals_controller.rb, app/controllers/found_association_proposals_controller.rb, app/controllers/founding_members_controller.rb, app/controllers/meetings_controller.rb, app/controllers/member_sessions_controller.rb, app/controllers/members_controller.rb, app/controllers/one_click_controller.rb, app/controllers/password_resets_controller.rb, app/controllers/proposals_controller.rb]","[app/controllers/add_member_proposals_controller.rb, app/controllers/application_controller.rb, app/controllers/associations_controller.rb, app/controllers/change_member_class_proposals_controller.rb, app/controllers/comments_controller.rb, app/controllers/companies_controller.rb, app/controllers/constitution_proposal_bundles_controller.rb, app/controllers/constitutions_controller.rb, app/controllers/directors_controller.rb, app/controllers/eject_member_proposals_controller.rb, app/controllers/found_association_proposals_controller.rb, app/controllers/founding_members_controller.rb, app/controllers/invitations_controller.rb, app/controllers/meetings_controller.rb, app/controllers/member_sessions_controller.rb, app/controllers/members_controller.rb, app/controllers/one_click_controller.rb, app/controllers/password_resets_controller.rb, app/controllers/proposals_controller.rb, app/controllers/setup_controller.rb, app/controllers/votes_controller.rb, app/controllers/welcome_controller.rb]","0.8095238094998638"
"oneclickorgs","67","1.0","0.7727272727","17","22","0","5","17","[app/controllers/add_member_proposals_controller.rb, app/controllers/associations_controller.rb, app/controllers/change_member_class_proposals_controller.rb, app/controllers/comments_controller.rb, app/controllers/companies_controller.rb, app/controllers/constitution_proposal_bundles_controller.rb, app/controllers/constitutions_controller.rb, app/controllers/directors_controller.rb, app/controllers/eject_member_proposals_controller.rb, app/controllers/found_association_proposals_controller.rb, app/controllers/founding_members_controller.rb, app/controllers/meetings_controller.rb, app/controllers/member_sessions_controller.rb, app/controllers/members_controller.rb, app/controllers/one_click_controller.rb, app/controllers/password_resets_controller.rb, app/controllers/proposals_controller.rb]","[app/controllers/add_member_proposals_controller.rb, app/controllers/application_controller.rb, app/controllers/associations_controller.rb, app/controllers/change_member_class_proposals_controller.rb, app/controllers/comments_controller.rb, app/controllers/companies_controller.rb, app/controllers/constitution_proposal_bundles_controller.rb, app/controllers/constitutions_controller.rb, app/controllers/directors_controller.rb, app/controllers/eject_member_proposals_controller.rb, app/controllers/found_association_proposals_controller.rb, app/controllers/founding_members_controller.rb, app/controllers/invitations_controller.rb, app/controllers/meetings_controller.rb, app/controllers/member_sessions_controller.rb, app/controllers/members_controller.rb, app/controllers/one_click_controller.rb, app/controllers/password_resets_controller.rb, app/controllers/proposals_controller.rb, app/controllers/setup_controller.rb, app/controllers/votes_controller.rb, app/controllers/welcome_controller.rb]","0.8095238094998638"
"oneclickorgs","92","0.9523809524","0.4081632653","21","49","1","29","20","[app/controllers/admin/coops_controller.rb, app/controllers/admin_controller.rb, app/controllers/annual_general_meetings_controller.rb, app/controllers/ballots_controller.rb, app/controllers/board_meetings_controller.rb, app/controllers/boards_controller.rb, app/controllers/comments_controller.rb, app/controllers/companies_controller.rb, app/controllers/constitutions_controller.rb, app/controllers/coops_controller.rb, app/controllers/directors_controller.rb, app/controllers/directorships_controller.rb, app/controllers/general_meetings_controller.rb, app/controllers/meetings_controller.rb, app/controllers/members_controller.rb, app/controllers/minutes_controller.rb, app/controllers/one_click_controller.rb, app/controllers/proposals_controller.rb, app/controllers/resolutions_controller.rb, app/controllers/shares_controller.rb, app/controllers/tasks_controller.rb]","[app/controllers/admin/coops_controller.rb, app/controllers/admin_controller.rb, app/controllers/administrator_sessions_controller.rb, app/controllers/annual_general_meetings_controller.rb, app/controllers/application_controller.rb, app/controllers/ballots_controller.rb, app/controllers/board_meetings_controller.rb, app/controllers/board_resolutions_controller.rb, app/controllers/boards_controller.rb, app/controllers/change_board_composition_resolutions_controller.rb, app/controllers/change_common_ownership_resolutions_controller.rb, app/controllers/change_meeting_notice_period_resolutions_controller.rb, app/controllers/change_membership_criteria_resolutions_controller.rb, app/controllers/change_name_resolutions_controller.rb, app/controllers/change_objectives_resolutions_controller.rb, app/controllers/change_quorum_resolutions_controller.rb, app/controllers/change_registered_office_address_resolutions_controller.rb, app/controllers/change_single_shareholding_resolutions_controller.rb, app/controllers/comments_controller.rb, app/controllers/constitution_proposal_bundles_controller.rb, app/controllers/constitutions_controller.rb, app/controllers/coops_controller.rb, app/controllers/decisions_controller.rb, app/controllers/directors_controller.rb, app/controllers/directorships_controller.rb, app/controllers/founder_members_controller.rb, app/controllers/general_meetings_controller.rb, app/controllers/generic_resolutions_controller.rb, app/controllers/invitations_controller.rb, app/controllers/meetings_controller.rb, app/controllers/members_controller.rb, app/controllers/membership_application_forms_controller.rb, app/controllers/minutes_controller.rb, app/controllers/officerships_controller.rb, app/controllers/offices_controller.rb, app/controllers/one_click_controller.rb, app/controllers/organisations_controller.rb, app/controllers/proposals_controller.rb, app/controllers/registration_forms_controller.rb, app/controllers/resolution_proposals_controller.rb, app/controllers/resolutions_controller.rb, app/controllers/setup_controller.rb, app/controllers/share_applications_controller.rb, app/controllers/share_transactions_controller.rb, app/controllers/share_withdrawals_controller.rb, app/controllers/shares_controller.rb, app/controllers/system_controller.rb, app/controllers/tasks_controller.rb, app/controllers/votes_controller.rb]","0.46082949308220605"
"oneclickorgs","111","0.825","0.6470588235","40","51","7","18","33","[app/controllers/add_member_proposals_controller.rb, app/controllers/admin/coops_controller.rb, app/controllers/admin_controller.rb, app/controllers/administrator_sessions_controller.rb, app/controllers/annual_general_meetings_controller.rb, app/controllers/associations_controller.rb, app/controllers/ballots_controller.rb, app/controllers/board_meetings_controller.rb, app/controllers/board_resolutions_controller.rb, app/controllers/boards_controller.rb, app/controllers/change_meeting_notice_period_resolutions_controller.rb, app/controllers/change_member_class_proposals_controller.rb, app/controllers/change_quorum_resolutions_controller.rb, app/controllers/comments_controller.rb, app/controllers/companies_controller.rb, app/controllers/constitution_proposal_bundles_controller.rb, app/controllers/constitutions_controller.rb, app/controllers/coops_controller.rb, app/controllers/directors_controller.rb, app/controllers/directorships_controller.rb, app/controllers/eject_member_proposals_controller.rb, app/controllers/found_association_proposals_controller.rb, app/controllers/founder_members_controller.rb, app/controllers/founding_members_controller.rb, app/controllers/general_meetings_controller.rb, app/controllers/meetings_controller.rb, app/controllers/member_sessions_controller.rb, app/controllers/members_controller.rb, app/controllers/minutes_controller.rb, app/controllers/officerships_controller.rb, app/controllers/offices_controller.rb, app/controllers/one_click_controller.rb, app/controllers/password_resets_controller.rb, app/controllers/proposals_controller.rb, app/controllers/resolution_proposals_controller.rb, app/controllers/resolutions_controller.rb, app/controllers/share_applications_controller.rb, app/controllers/share_withdrawals_controller.rb, app/controllers/shares_controller.rb, app/controllers/tasks_controller.rb]","[app/controllers/admin/coops_controller.rb, app/controllers/admin_controller.rb, app/controllers/administrator_sessions_controller.rb, app/controllers/annual_general_meetings_controller.rb, app/controllers/application_controller.rb, app/controllers/ballots_controller.rb, app/controllers/board_meetings_controller.rb, app/controllers/board_resolutions_controller.rb, app/controllers/boards_controller.rb, app/controllers/change_board_composition_resolutions_controller.rb, app/controllers/change_common_ownership_resolutions_controller.rb, app/controllers/change_meeting_notice_period_resolutions_controller.rb, app/controllers/change_member_class_proposals_controller.rb, app/controllers/change_membership_criteria_resolutions_controller.rb, app/controllers/change_name_resolutions_controller.rb, app/controllers/change_objectives_resolutions_controller.rb, app/controllers/change_quorum_resolutions_controller.rb, app/controllers/change_registered_office_address_resolutions_controller.rb, app/controllers/change_single_shareholding_resolutions_controller.rb, app/controllers/comments_controller.rb, app/controllers/constitution_proposal_bundles_controller.rb, app/controllers/constitutions_controller.rb, app/controllers/coops_controller.rb, app/controllers/decisions_controller.rb, app/controllers/directors_controller.rb, app/controllers/directorships_controller.rb, app/controllers/found_association_proposals_controller.rb, app/controllers/founder_members_controller.rb, app/controllers/general_meetings_controller.rb, app/controllers/generic_resolutions_controller.rb, app/controllers/invitations_controller.rb, app/controllers/meetings_controller.rb, app/controllers/members_controller.rb, app/controllers/membership_application_forms_controller.rb, app/controllers/minutes_controller.rb, app/controllers/officerships_controller.rb, app/controllers/offices_controller.rb, app/controllers/one_click_controller.rb, app/controllers/organisations_controller.rb, app/controllers/proposals_controller.rb, app/controllers/registration_forms_controller.rb, app/controllers/resolution_proposals_controller.rb, app/controllers/resolutions_controller.rb, app/controllers/setup_controller.rb, app/controllers/share_applications_controller.rb, app/controllers/share_transactions_controller.rb, app/controllers/share_withdrawals_controller.rb, app/controllers/shares_controller.rb, app/controllers/system_controller.rb, app/controllers/tasks_controller.rb, app/controllers/votes_controller.rb]","0.6762295081710226"
"oneclickorgs","115","0.825","0.6470588235","40","51","7","18","33","[app/controllers/add_member_proposals_controller.rb, app/controllers/admin/coops_controller.rb, app/controllers/admin_controller.rb, app/controllers/administrator_sessions_controller.rb, app/controllers/annual_general_meetings_controller.rb, app/controllers/associations_controller.rb, app/controllers/ballots_controller.rb, app/controllers/board_meetings_controller.rb, app/controllers/board_resolutions_controller.rb, app/controllers/boards_controller.rb, app/controllers/change_meeting_notice_period_resolutions_controller.rb, app/controllers/change_member_class_proposals_controller.rb, app/controllers/change_quorum_resolutions_controller.rb, app/controllers/comments_controller.rb, app/controllers/companies_controller.rb, app/controllers/constitution_proposal_bundles_controller.rb, app/controllers/constitutions_controller.rb, app/controllers/coops_controller.rb, app/controllers/directors_controller.rb, app/controllers/directorships_controller.rb, app/controllers/eject_member_proposals_controller.rb, app/controllers/found_association_proposals_controller.rb, app/controllers/founder_members_controller.rb, app/controllers/founding_members_controller.rb, app/controllers/general_meetings_controller.rb, app/controllers/meetings_controller.rb, app/controllers/member_sessions_controller.rb, app/controllers/members_controller.rb, app/controllers/minutes_controller.rb, app/controllers/officerships_controller.rb, app/controllers/offices_controller.rb, app/controllers/one_click_controller.rb, app/controllers/password_resets_controller.rb, app/controllers/proposals_controller.rb, app/controllers/resolution_proposals_controller.rb, app/controllers/resolutions_controller.rb, app/controllers/share_applications_controller.rb, app/controllers/share_withdrawals_controller.rb, app/controllers/shares_controller.rb, app/controllers/tasks_controller.rb]","[app/controllers/admin/coops_controller.rb, app/controllers/admin_controller.rb, app/controllers/administrator_sessions_controller.rb, app/controllers/annual_general_meetings_controller.rb, app/controllers/application_controller.rb, app/controllers/ballots_controller.rb, app/controllers/board_meetings_controller.rb, app/controllers/board_resolutions_controller.rb, app/controllers/boards_controller.rb, app/controllers/change_board_composition_resolutions_controller.rb, app/controllers/change_common_ownership_resolutions_controller.rb, app/controllers/change_meeting_notice_period_resolutions_controller.rb, app/controllers/change_member_class_proposals_controller.rb, app/controllers/change_membership_criteria_resolutions_controller.rb, app/controllers/change_name_resolutions_controller.rb, app/controllers/change_objectives_resolutions_controller.rb, app/controllers/change_quorum_resolutions_controller.rb, app/controllers/change_registered_office_address_resolutions_controller.rb, app/controllers/change_single_shareholding_resolutions_controller.rb, app/controllers/comments_controller.rb, app/controllers/constitution_proposal_bundles_controller.rb, app/controllers/constitutions_controller.rb, app/controllers/coops_controller.rb, app/controllers/decisions_controller.rb, app/controllers/directors_controller.rb, app/controllers/directorships_controller.rb, app/controllers/found_association_proposals_controller.rb, app/controllers/founder_members_controller.rb, app/controllers/general_meetings_controller.rb, app/controllers/generic_resolutions_controller.rb, app/controllers/invitations_controller.rb, app/controllers/meetings_controller.rb, app/controllers/members_controller.rb, app/controllers/membership_application_forms_controller.rb, app/controllers/minutes_controller.rb, app/controllers/officerships_controller.rb, app/controllers/offices_controller.rb, app/controllers/one_click_controller.rb, app/controllers/organisations_controller.rb, app/controllers/proposals_controller.rb, app/controllers/registration_forms_controller.rb, app/controllers/resolution_proposals_controller.rb, app/controllers/resolutions_controller.rb, app/controllers/setup_controller.rb, app/controllers/share_applications_controller.rb, app/controllers/share_transactions_controller.rb, app/controllers/share_withdrawals_controller.rb, app/controllers/shares_controller.rb, app/controllers/system_controller.rb, app/controllers/tasks_controller.rb, app/controllers/votes_controller.rb]","0.6762295081710226"
"oneclickorgs","120","0.25","1.0","4","1","3","0","1","[app/controllers/comments_controller.rb, app/controllers/members_controller.rb, app/controllers/one_click_controller.rb, app/controllers/proposals_controller.rb]","[app/controllers/members_controller.rb]","0.625"
"otwarchive","36","0.0303030303","1.0","66","2","64","0","2","[app/controllers/admin/activities_controller.rb, app/controllers/admin/admin_invitations_controller.rb, app/controllers/admin/admin_users_controller.rb, app/controllers/admin/api_controller.rb, app/controllers/admin/banners_controller.rb, app/controllers/admin/blacklisted_emails_controller.rb, app/controllers/admin/settings_controller.rb, app/controllers/admin/skins_controller.rb, app/controllers/admin_posts_controller.rb, app/controllers/admin_sessions_controller.rb, app/controllers/admins_controller.rb, app/controllers/api/v1/bookmarks_controller.rb, app/controllers/api/v1/works_controller.rb, app/controllers/archive_faqs_controller.rb, app/controllers/bookmarks_controller.rb, app/controllers/challenge_assignments_controller.rb, app/controllers/challenge_claims_controller.rb, app/controllers/challenge_requests_controller.rb, app/controllers/challenge_signups_controller.rb, app/controllers/chapters_controller.rb, app/controllers/collection_items_controller.rb, app/controllers/collection_participants_controller.rb, app/controllers/collections_controller.rb, app/controllers/comments_controller.rb, app/controllers/external_authors_controller.rb, app/controllers/external_works_controller.rb, app/controllers/fandoms_controller.rb, app/controllers/feedbacks_controller.rb, app/controllers/gifts_controller.rb, app/controllers/home_controller.rb, app/controllers/invitations_controller.rb, app/controllers/invite_requests_controller.rb, app/controllers/known_issues_controller.rb, app/controllers/kudos_controller.rb, app/controllers/languages_controller.rb, app/controllers/locales_controller.rb, app/controllers/media_controller.rb, app/controllers/opendoors/external_authors_controller.rb, app/controllers/opendoors/tools_controller.rb, app/controllers/orphans_controller.rb, app/controllers/owned_tag_sets_controller.rb, app/controllers/passwords_controller.rb, app/controllers/people_controller.rb, app/controllers/potential_matches_controller.rb, app/controllers/preferences_controller.rb, app/controllers/prompts_controller.rb, app/controllers/pseuds_controller.rb, app/controllers/readings_controller.rb, app/controllers/redirect_controller.rb, app/controllers/related_works_controller.rb, app/controllers/series_controller.rb, app/controllers/skins_controller.rb, app/controllers/stats_controller.rb, app/controllers/subscriptions_controller.rb, app/controllers/tag_set_associations_controller.rb, app/controllers/tag_set_nominations_controller.rb, app/controllers/tag_wranglers_controller.rb, app/controllers/tag_wranglings_controller.rb, app/controllers/tags_controller.rb, app/controllers/unsorted_tags_controller.rb, app/controllers/user_invite_requests_controller.rb, app/controllers/user_sessions_controller.rb, app/controllers/users_controller.rb, app/controllers/work_links_controller.rb, app/controllers/works_controller.rb, app/controllers/wrangling_guidelines_controller.rb]","[app/controllers/api/v1/works_controller.rb, app/controllers/works_controller.rb]","0.13513513512308253"
"otwarchive","44","0.0428571429","0.75","70","4","67","1","3","[app/controllers/abuse_reports_controller.rb, app/controllers/admin/activities_controller.rb, app/controllers/admin/admin_invitations_controller.rb, app/controllers/admin/admin_users_controller.rb, app/controllers/admin/api_controller.rb, app/controllers/admin/banners_controller.rb, app/controllers/admin/blacklisted_emails_controller.rb, app/controllers/admin/settings_controller.rb, app/controllers/admin/skins_controller.rb, app/controllers/admin_posts_controller.rb, app/controllers/admin_sessions_controller.rb, app/controllers/admins_controller.rb, app/controllers/api/v1/bookmarks_controller.rb, app/controllers/api/v1/works_controller.rb, app/controllers/archive_faqs_controller.rb, app/controllers/bookmarks_controller.rb, app/controllers/challenge/gift_exchange_controller.rb, app/controllers/challenge/prompt_meme_controller.rb, app/controllers/challenge_assignments_controller.rb, app/controllers/challenge_claims_controller.rb, app/controllers/challenge_requests_controller.rb, app/controllers/challenge_signups_controller.rb, app/controllers/chapters_controller.rb, app/controllers/collection_items_controller.rb, app/controllers/collection_participants_controller.rb, app/controllers/collections_controller.rb, app/controllers/comments_controller.rb, app/controllers/external_authors_controller.rb, app/controllers/external_works_controller.rb, app/controllers/fandoms_controller.rb, app/controllers/favorite_tags_controller.rb, app/controllers/feedbacks_controller.rb, app/controllers/gifts_controller.rb, app/controllers/home_controller.rb, app/controllers/invitations_controller.rb, app/controllers/invite_requests_controller.rb, app/controllers/known_issues_controller.rb, app/controllers/kudos_controller.rb, app/controllers/languages_controller.rb, app/controllers/locales_controller.rb, app/controllers/media_controller.rb, app/controllers/opendoors/external_authors_controller.rb, app/controllers/opendoors/tools_controller.rb, app/controllers/orphans_controller.rb, app/controllers/owned_tag_sets_controller.rb, app/controllers/passwords_controller.rb, app/controllers/people_controller.rb, app/controllers/potential_matches_controller.rb, app/controllers/preferences_controller.rb, app/controllers/prompts_controller.rb, app/controllers/pseuds_controller.rb, app/controllers/readings_controller.rb, app/controllers/redirect_controller.rb, app/controllers/related_works_controller.rb, app/controllers/series_controller.rb, app/controllers/skins_controller.rb, app/controllers/stats_controller.rb, app/controllers/subscriptions_controller.rb, app/controllers/tag_set_associations_controller.rb, app/controllers/tag_set_nominations_controller.rb, app/controllers/tag_wranglers_controller.rb, app/controllers/tag_wranglings_controller.rb, app/controllers/tags_controller.rb, app/controllers/unsorted_tags_controller.rb, app/controllers/user_invite_requests_controller.rb, app/controllers/user_sessions_controller.rb, app/controllers/users_controller.rb, app/controllers/work_links_controller.rb, app/controllers/works_controller.rb, app/controllers/wrangling_guidelines_controller.rb]","[app/controllers/api/v1/base_controller.rb, app/controllers/api/v1/bookmarks_controller.rb, app/controllers/api/v1/works_controller.rb, app/controllers/fandoms_controller.rb]","0.17441860479313143"
"otwarchive","49","0.0153846154","0.3333333333","65","3","64","2","1","[app/controllers/admin/activities_controller.rb, app/controllers/admin/admin_invitations_controller.rb, app/controllers/admin/admin_users_controller.rb, app/controllers/admin/api_controller.rb, app/controllers/admin/banners_controller.rb, app/controllers/admin/blacklisted_emails_controller.rb, app/controllers/admin/settings_controller.rb, app/controllers/admin/skins_controller.rb, app/controllers/admin_posts_controller.rb, app/controllers/admin_sessions_controller.rb, app/controllers/admins_controller.rb, app/controllers/api/v1/works_controller.rb, app/controllers/archive_faqs_controller.rb, app/controllers/bookmarks_controller.rb, app/controllers/challenge_assignments_controller.rb, app/controllers/challenge_claims_controller.rb, app/controllers/challenge_requests_controller.rb, app/controllers/challenge_signups_controller.rb, app/controllers/chapters_controller.rb, app/controllers/collection_items_controller.rb, app/controllers/collection_participants_controller.rb, app/controllers/collections_controller.rb, app/controllers/comments_controller.rb, app/controllers/external_authors_controller.rb, app/controllers/external_works_controller.rb, app/controllers/fandoms_controller.rb, app/controllers/feedbacks_controller.rb, app/controllers/gifts_controller.rb, app/controllers/home_controller.rb, app/controllers/invitations_controller.rb, app/controllers/invite_requests_controller.rb, app/controllers/known_issues_controller.rb, app/controllers/kudos_controller.rb, app/controllers/languages_controller.rb, app/controllers/locales_controller.rb, app/controllers/media_controller.rb, app/controllers/opendoors/external_authors_controller.rb, app/controllers/opendoors/tools_controller.rb, app/controllers/orphans_controller.rb, app/controllers/owned_tag_sets_controller.rb, app/controllers/passwords_controller.rb, app/controllers/people_controller.rb, app/controllers/potential_matches_controller.rb, app/controllers/preferences_controller.rb, app/controllers/prompts_controller.rb, app/controllers/pseuds_controller.rb, app/controllers/readings_controller.rb, app/controllers/redirect_controller.rb, app/controllers/related_works_controller.rb, app/controllers/series_controller.rb, app/controllers/skins_controller.rb, app/controllers/stats_controller.rb, app/controllers/subscriptions_controller.rb, app/controllers/tag_set_associations_controller.rb, app/controllers/tag_set_nominations_controller.rb, app/controllers/tag_wranglers_controller.rb, app/controllers/tag_wranglings_controller.rb, app/controllers/tags_controller.rb, app/controllers/unsorted_tags_controller.rb, app/controllers/user_invite_requests_controller.rb, app/controllers/user_sessions_controller.rb, app/controllers/users_controller.rb, app/controllers/work_links_controller.rb, app/controllers/works_controller.rb, app/controllers/wrangling_guidelines_controller.rb]","[app/controllers/api/v1/base_controller.rb, app/controllers/api/v1/bookmarks_controller.rb, app/controllers/api/v1/works_controller.rb]","0.06493506498886827"
"otwarchive","56","0.0153846154","1.0","65","1","64","0","1","[app/controllers/admin/activities_controller.rb, app/controllers/admin/admin_invitations_controller.rb, app/controllers/admin/admin_users_controller.rb, app/controllers/admin/api_controller.rb, app/controllers/admin/banners_controller.rb, app/controllers/admin/blacklisted_emails_controller.rb, app/controllers/admin/settings_controller.rb, app/controllers/admin/skins_controller.rb, app/controllers/admin_posts_controller.rb, app/controllers/admin_sessions_controller.rb, app/controllers/admins_controller.rb, app/controllers/api/v1/works_controller.rb, app/controllers/archive_faqs_controller.rb, app/controllers/bookmarks_controller.rb, app/controllers/challenge_assignments_controller.rb, app/controllers/challenge_claims_controller.rb, app/controllers/challenge_requests_controller.rb, app/controllers/challenge_signups_controller.rb, app/controllers/chapters_controller.rb, app/controllers/collection_items_controller.rb, app/controllers/collection_participants_controller.rb, app/controllers/collections_controller.rb, app/controllers/comments_controller.rb, app/controllers/external_authors_controller.rb, app/controllers/external_works_controller.rb, app/controllers/fandoms_controller.rb, app/controllers/feedbacks_controller.rb, app/controllers/gifts_controller.rb, app/controllers/home_controller.rb, app/controllers/invitations_controller.rb, app/controllers/invite_requests_controller.rb, app/controllers/known_issues_controller.rb, app/controllers/kudos_controller.rb, app/controllers/languages_controller.rb, app/controllers/locales_controller.rb, app/controllers/media_controller.rb, app/controllers/opendoors/external_authors_controller.rb, app/controllers/opendoors/tools_controller.rb, app/controllers/orphans_controller.rb, app/controllers/owned_tag_sets_controller.rb, app/controllers/passwords_controller.rb, app/controllers/people_controller.rb, app/controllers/potential_matches_controller.rb, app/controllers/preferences_controller.rb, app/controllers/prompts_controller.rb, app/controllers/pseuds_controller.rb, app/controllers/readings_controller.rb, app/controllers/redirect_controller.rb, app/controllers/related_works_controller.rb, app/controllers/series_controller.rb, app/controllers/skins_controller.rb, app/controllers/stats_controller.rb, app/controllers/subscriptions_controller.rb, app/controllers/tag_set_associations_controller.rb, app/controllers/tag_set_nominations_controller.rb, app/controllers/tag_wranglers_controller.rb, app/controllers/tag_wranglings_controller.rb, app/controllers/tags_controller.rb, app/controllers/unsorted_tags_controller.rb, app/controllers/user_invite_requests_controller.rb, app/controllers/user_sessions_controller.rb, app/controllers/users_controller.rb, app/controllers/work_links_controller.rb, app/controllers/works_controller.rb, app/controllers/wrangling_guidelines_controller.rb]","[app/controllers/fandoms_controller.rb]","0.07246376818420498"
"otwarchive","71","0.04","1.0","50","2","48","0","2","[app/controllers/abuse_reports_controller.rb, app/controllers/admin/admin_invitations_controller.rb, app/controllers/admin/admin_users_controller.rb, app/controllers/admin/api_controller.rb, app/controllers/admin/banners_controller.rb, app/controllers/admin/blacklisted_emails_controller.rb, app/controllers/admin_posts_controller.rb, app/controllers/admin_sessions_controller.rb, app/controllers/api/v1/bookmarks_controller.rb, app/controllers/api/v1/works_controller.rb, app/controllers/archive_faqs_controller.rb, app/controllers/bookmarks_controller.rb, app/controllers/challenge/gift_exchange_controller.rb, app/controllers/challenge/prompt_meme_controller.rb, app/controllers/challenge_claims_controller.rb, app/controllers/challenge_signups_controller.rb, app/controllers/chapters_controller.rb, app/controllers/collection_items_controller.rb, app/controllers/collections_controller.rb, app/controllers/comments_controller.rb, app/controllers/external_authors_controller.rb, app/controllers/fandoms_controller.rb, app/controllers/favorite_tags_controller.rb, app/controllers/feedbacks_controller.rb, app/controllers/home_controller.rb, app/controllers/invitations_controller.rb, app/controllers/invite_requests_controller.rb, app/controllers/known_issues_controller.rb, app/controllers/kudos_controller.rb, app/controllers/languages_controller.rb, app/controllers/locales_controller.rb, app/controllers/media_controller.rb, app/controllers/opendoors/external_authors_controller.rb, app/controllers/orphans_controller.rb, app/controllers/owned_tag_sets_controller.rb, app/controllers/passwords_controller.rb, app/controllers/prompts_controller.rb, app/controllers/pseuds_controller.rb, app/controllers/readings_controller.rb, app/controllers/series_controller.rb, app/controllers/skins_controller.rb, app/controllers/subscriptions_controller.rb, app/controllers/tag_set_nominations_controller.rb, app/controllers/tag_wranglers_controller.rb, app/controllers/tags_controller.rb, app/controllers/user_invite_requests_controller.rb, app/controllers/user_sessions_controller.rb, app/controllers/users_controller.rb, app/controllers/works_controller.rb, app/controllers/wrangling_guidelines_controller.rb]","[app/controllers/admin/admin_invitations_controller.rb, app/controllers/admin/admin_users_controller.rb]","0.17241379310344832"
"otwarchive","73","0.05","1.0","20","1","19","0","1","[app/controllers/admin/admin_users_controller.rb, app/controllers/admin_posts_controller.rb, app/controllers/admin_sessions_controller.rb, app/controllers/api/v1/works_controller.rb, app/controllers/archive_faqs_controller.rb, app/controllers/collections_controller.rb, app/controllers/fandoms_controller.rb, app/controllers/feedbacks_controller.rb, app/controllers/home_controller.rb, app/controllers/invite_requests_controller.rb, app/controllers/known_issues_controller.rb, app/controllers/languages_controller.rb, app/controllers/media_controller.rb, app/controllers/passwords_controller.rb, app/controllers/readings_controller.rb, app/controllers/tag_wranglers_controller.rb, app/controllers/user_sessions_controller.rb, app/controllers/users_controller.rb, app/controllers/works_controller.rb, app/controllers/wrangling_guidelines_controller.rb]","[app/controllers/admin/admin_users_controller.rb]","0.20833333333333337"
"otwarchive","74","0.0212765957","1.0","47","1","46","0","1","[app/controllers/abuse_reports_controller.rb, app/controllers/admin/admin_invitations_controller.rb, app/controllers/admin/admin_users_controller.rb, app/controllers/admin/api_controller.rb, app/controllers/admin/banners_controller.rb, app/controllers/admin/blacklisted_emails_controller.rb, app/controllers/admin_posts_controller.rb, app/controllers/admin_sessions_controller.rb, app/controllers/api/v1/bookmarks_controller.rb, app/controllers/api/v1/works_controller.rb, app/controllers/archive_faqs_controller.rb, app/controllers/bookmarks_controller.rb, app/controllers/challenge/gift_exchange_controller.rb, app/controllers/challenge/prompt_meme_controller.rb, app/controllers/challenge_claims_controller.rb, app/controllers/challenge_signups_controller.rb, app/controllers/chapters_controller.rb, app/controllers/collection_items_controller.rb, app/controllers/collections_controller.rb, app/controllers/comments_controller.rb, app/controllers/external_authors_controller.rb, app/controllers/favorite_tags_controller.rb, app/controllers/feedbacks_controller.rb, app/controllers/invitations_controller.rb, app/controllers/invite_requests_controller.rb, app/controllers/known_issues_controller.rb, app/controllers/kudos_controller.rb, app/controllers/languages_controller.rb, app/controllers/locales_controller.rb, app/controllers/opendoors/external_authors_controller.rb, app/controllers/orphans_controller.rb, app/controllers/owned_tag_sets_controller.rb, app/controllers/passwords_controller.rb, app/controllers/prompts_controller.rb, app/controllers/pseuds_controller.rb, app/controllers/readings_controller.rb, app/controllers/series_controller.rb, app/controllers/skins_controller.rb, app/controllers/subscriptions_controller.rb, app/controllers/tag_set_nominations_controller.rb, app/controllers/tag_wranglers_controller.rb, app/controllers/tags_controller.rb, app/controllers/user_invite_requests_controller.rb, app/controllers/user_sessions_controller.rb, app/controllers/users_controller.rb, app/controllers/works_controller.rb, app/controllers/wrangling_guidelines_controller.rb]","[app/controllers/admin/admin_invitations_controller.rb]","0.0980392154965398"
"otwarchive","75","0.05","1.0","20","1","19","0","1","[app/controllers/admin/admin_users_controller.rb, app/controllers/admin_posts_controller.rb, app/controllers/admin_sessions_controller.rb, app/controllers/api/v1/works_controller.rb, app/controllers/archive_faqs_controller.rb, app/controllers/collections_controller.rb, app/controllers/fandoms_controller.rb, app/controllers/feedbacks_controller.rb, app/controllers/home_controller.rb, app/controllers/invite_requests_controller.rb, app/controllers/known_issues_controller.rb, app/controllers/languages_controller.rb, app/controllers/media_controller.rb, app/controllers/passwords_controller.rb, app/controllers/readings_controller.rb, app/controllers/tag_wranglers_controller.rb, app/controllers/user_sessions_controller.rb, app/controllers/users_controller.rb, app/controllers/works_controller.rb, app/controllers/wrangling_guidelines_controller.rb]","[app/controllers/admin/admin_users_controller.rb]","0.20833333333333337"
"otwarchive","79","0.0555555556","1.0","18","1","17","0","1","[app/controllers/admin/admin_users_controller.rb, app/controllers/admin_posts_controller.rb, app/controllers/admin_sessions_controller.rb, app/controllers/api/v1/works_controller.rb, app/controllers/archive_faqs_controller.rb, app/controllers/collections_controller.rb, app/controllers/fandoms_controller.rb, app/controllers/feedbacks_controller.rb, app/controllers/home_controller.rb, app/controllers/invite_requests_controller.rb, app/controllers/known_issues_controller.rb, app/controllers/languages_controller.rb, app/controllers/media_controller.rb, app/controllers/passwords_controller.rb, app/controllers/readings_controller.rb, app/controllers/user_sessions_controller.rb, app/controllers/users_controller.rb, app/controllers/works_controller.rb]","[app/controllers/admin/admin_users_controller.rb]","0.22727272742148757"
"otwarchive","81","0.0555555556","1.0","18","1","17","0","1","[app/controllers/admin/admin_users_controller.rb, app/controllers/admin_posts_controller.rb, app/controllers/admin_sessions_controller.rb, app/controllers/api/v1/works_controller.rb, app/controllers/archive_faqs_controller.rb, app/controllers/collections_controller.rb, app/controllers/fandoms_controller.rb, app/controllers/feedbacks_controller.rb, app/controllers/home_controller.rb, app/controllers/invite_requests_controller.rb, app/controllers/known_issues_controller.rb, app/controllers/languages_controller.rb, app/controllers/media_controller.rb, app/controllers/passwords_controller.rb, app/controllers/readings_controller.rb, app/controllers/user_sessions_controller.rb, app/controllers/users_controller.rb, app/controllers/works_controller.rb]","[app/controllers/admin/admin_users_controller.rb]","0.22727272742148757"
"rapidftr","1","0.04","1.0","25","1","24","0","1","[app/controllers/admin_controller.rb, app/controllers/advanced_search_controller.rb, app/controllers/api/children_controller.rb, app/controllers/api/enquiries_controller.rb, app/controllers/api/sessions_controller.rb, app/controllers/child_histories_controller.rb, app/controllers/child_ids_controller.rb, app/controllers/children_controller.rb, app/controllers/devices_controller.rb, app/controllers/duplicates_controller.rb, app/controllers/enquiries_controller.rb, app/controllers/enquiry_histories_controller.rb, app/controllers/fields_controller.rb, app/controllers/form_section_controller.rb, app/controllers/forms_controller.rb, app/controllers/potential_matches_controller.rb, app/controllers/replications_controller.rb, app/controllers/reports_controller.rb, app/controllers/roles_controller.rb, app/controllers/search_controller.rb, app/controllers/sessions_controller.rb, app/controllers/standard_forms_controller.rb, app/controllers/system_users_controller.rb, app/controllers/user_histories_controller.rb, app/controllers/users_controller.rb]","[app/controllers/enquiries_controller.rb]","0.17241379310344832"
"rapidftr","32","0.1538461538","0.8","26","5","22","1","4","[app/controllers/admin_controller.rb, app/controllers/advanced_search_controller.rb, app/controllers/api/children_controller.rb, app/controllers/api/enquiries_controller.rb, app/controllers/api/sessions_controller.rb, app/controllers/application_controller.rb, app/controllers/child_histories_controller.rb, app/controllers/child_ids_controller.rb, app/controllers/children_controller.rb, app/controllers/devices_controller.rb, app/controllers/duplicates_controller.rb, app/controllers/enquiries_controller.rb, app/controllers/enquiry_histories_controller.rb, app/controllers/fields_controller.rb, app/controllers/form_section_controller.rb, app/controllers/forms_controller.rb, app/controllers/potential_matches_controller.rb, app/controllers/replications_controller.rb, app/controllers/reports_controller.rb, app/controllers/roles_controller.rb, app/controllers/search_controller.rb, app/controllers/sessions_controller.rb, app/controllers/standard_forms_controller.rb, app/controllers/system_users_controller.rb, app/controllers/user_histories_controller.rb, app/controllers/users_controller.rb]","[app/controllers/api/children_controller.rb, app/controllers/api/enquiries_controller.rb, app/controllers/children_controller.rb, app/controllers/enquiries_controller.rb, app/controllers/system_variables_controller.rb]","0.4347826086219282"
"rapidftr","37","0.1538461538","0.8","26","5","22","1","4","[app/controllers/admin_controller.rb, app/controllers/advanced_search_controller.rb, app/controllers/api/children_controller.rb, app/controllers/api/enquiries_controller.rb, app/controllers/api/sessions_controller.rb, app/controllers/application_controller.rb, app/controllers/child_histories_controller.rb, app/controllers/child_ids_controller.rb, app/controllers/children_controller.rb, app/controllers/devices_controller.rb, app/controllers/duplicates_controller.rb, app/controllers/enquiries_controller.rb, app/controllers/enquiry_histories_controller.rb, app/controllers/fields_controller.rb, app/controllers/form_section_controller.rb, app/controllers/forms_controller.rb, app/controllers/potential_matches_controller.rb, app/controllers/replications_controller.rb, app/controllers/reports_controller.rb, app/controllers/roles_controller.rb, app/controllers/search_controller.rb, app/controllers/sessions_controller.rb, app/controllers/standard_forms_controller.rb, app/controllers/system_users_controller.rb, app/controllers/user_histories_controller.rb, app/controllers/users_controller.rb]","[app/controllers/api/children_controller.rb, app/controllers/api/enquiries_controller.rb, app/controllers/children_controller.rb, app/controllers/enquiries_controller.rb, app/controllers/system_variables_controller.rb]","0.4347826086219282"
"rapidftr","43","0.16","0.8","25","5","21","1","4","[app/controllers/admin_controller.rb, app/controllers/advanced_search_controller.rb, app/controllers/api/children_controller.rb, app/controllers/api/enquiries_controller.rb, app/controllers/api/sessions_controller.rb, app/controllers/child_histories_controller.rb, app/controllers/child_ids_controller.rb, app/controllers/children_controller.rb, app/controllers/devices_controller.rb, app/controllers/duplicates_controller.rb, app/controllers/enquiries_controller.rb, app/controllers/enquiry_histories_controller.rb, app/controllers/fields_controller.rb, app/controllers/form_section_controller.rb, app/controllers/forms_controller.rb, app/controllers/potential_matches_controller.rb, app/controllers/replications_controller.rb, app/controllers/reports_controller.rb, app/controllers/roles_controller.rb, app/controllers/search_controller.rb, app/controllers/sessions_controller.rb, app/controllers/standard_forms_controller.rb, app/controllers/system_users_controller.rb, app/controllers/user_histories_controller.rb, app/controllers/users_controller.rb]","[app/controllers/api/children_controller.rb, app/controllers/api/enquiries_controller.rb, app/controllers/children_controller.rb, app/controllers/enquiries_controller.rb, app/controllers/system_variables_controller.rb]","0.4444444444444445"
"rapidftr","66","0.04","1.0","25","1","24","0","1","[app/controllers/admin_controller.rb, app/controllers/advanced_search_controller.rb, app/controllers/api/children_controller.rb, app/controllers/api/enquiries_controller.rb, app/controllers/api/sessions_controller.rb, app/controllers/child_histories_controller.rb, app/controllers/child_ids_controller.rb, app/controllers/children_controller.rb, app/controllers/devices_controller.rb, app/controllers/duplicates_controller.rb, app/controllers/enquiries_controller.rb, app/controllers/enquiry_histories_controller.rb, app/controllers/fields_controller.rb, app/controllers/form_section_controller.rb, app/controllers/forms_controller.rb, app/controllers/potential_matches_controller.rb, app/controllers/replications_controller.rb, app/controllers/reports_controller.rb, app/controllers/roles_controller.rb, app/controllers/search_controller.rb, app/controllers/sessions_controller.rb, app/controllers/standard_forms_controller.rb, app/controllers/system_users_controller.rb, app/controllers/user_histories_controller.rb, app/controllers/users_controller.rb]","[app/controllers/potential_matches_controller.rb]","0.17241379310344832"
"rapidftr","70","0.1481481481","0.8","27","5","23","1","4","[app/controllers/admin_controller.rb, app/controllers/advanced_search_controller.rb, app/controllers/api/children_controller.rb, app/controllers/api/enquiries_controller.rb, app/controllers/api/sessions_controller.rb, app/controllers/application_controller.rb, app/controllers/child_histories_controller.rb, app/controllers/child_ids_controller.rb, app/controllers/children_controller.rb, app/controllers/devices_controller.rb, app/controllers/duplicates_controller.rb, app/controllers/enquiries_controller.rb, app/controllers/enquiry_histories_controller.rb, app/controllers/fields_controller.rb, app/controllers/form_section_controller.rb, app/controllers/forms_controller.rb, app/controllers/media_controller.rb, app/controllers/potential_matches_controller.rb, app/controllers/replications_controller.rb, app/controllers/reports_controller.rb, app/controllers/roles_controller.rb, app/controllers/search_controller.rb, app/controllers/sessions_controller.rb, app/controllers/standard_forms_controller.rb, app/controllers/system_users_controller.rb, app/controllers/user_histories_controller.rb, app/controllers/users_controller.rb]","[app/controllers/application_controller.rb, app/controllers/media_controller.rb, app/controllers/potential_matches_controller.rb, app/controllers/system_variables_controller.rb, app/controllers/users_controller.rb]","0.4255319148141693"
"rapidftr","74","0.1481481481","0.8","27","5","23","1","4","[app/controllers/admin_controller.rb, app/controllers/advanced_search_controller.rb, app/controllers/api/children_controller.rb, app/controllers/api/enquiries_controller.rb, app/controllers/api/sessions_controller.rb, app/controllers/application_controller.rb, app/controllers/child_histories_controller.rb, app/controllers/child_ids_controller.rb, app/controllers/children_controller.rb, app/controllers/devices_controller.rb, app/controllers/duplicates_controller.rb, app/controllers/enquiries_controller.rb, app/controllers/enquiry_histories_controller.rb, app/controllers/fields_controller.rb, app/controllers/form_section_controller.rb, app/controllers/forms_controller.rb, app/controllers/media_controller.rb, app/controllers/potential_matches_controller.rb, app/controllers/replications_controller.rb, app/controllers/reports_controller.rb, app/controllers/roles_controller.rb, app/controllers/search_controller.rb, app/controllers/sessions_controller.rb, app/controllers/standard_forms_controller.rb, app/controllers/system_users_controller.rb, app/controllers/user_histories_controller.rb, app/controllers/users_controller.rb]","[app/controllers/application_controller.rb, app/controllers/media_controller.rb, app/controllers/potential_matches_controller.rb, app/controllers/system_variables_controller.rb, app/controllers/users_controller.rb]","0.4255319148141693"
"rapidftr","75","0.04","0.5","25","2","24","1","1","[app/controllers/admin_controller.rb, app/controllers/advanced_search_controller.rb, app/controllers/api/children_controller.rb, app/controllers/api/enquiries_controller.rb, app/controllers/api/sessions_controller.rb, app/controllers/child_histories_controller.rb, app/controllers/child_ids_controller.rb, app/controllers/children_controller.rb, app/controllers/devices_controller.rb, app/controllers/duplicates_controller.rb, app/controllers/enquiries_controller.rb, app/controllers/enquiry_histories_controller.rb, app/controllers/fields_controller.rb, app/controllers/form_section_controller.rb, app/controllers/forms_controller.rb, app/controllers/potential_matches_controller.rb, app/controllers/replications_controller.rb, app/controllers/reports_controller.rb, app/controllers/roles_controller.rb, app/controllers/search_controller.rb, app/controllers/sessions_controller.rb, app/controllers/standard_forms_controller.rb, app/controllers/system_users_controller.rb, app/controllers/user_histories_controller.rb, app/controllers/users_controller.rb]","[app/controllers/system_variables_controller.rb, app/controllers/users_controller.rb]","0.15151515151515152"
"rapidftr","82","0.0740740741","1.0","27","2","25","0","2","[app/controllers/admin_controller.rb, app/controllers/advanced_search_controller.rb, app/controllers/api/children_controller.rb, app/controllers/api/enquiries_controller.rb, app/controllers/api/sessions_controller.rb, app/controllers/application_controller.rb, app/controllers/child_histories_controller.rb, app/controllers/child_ids_controller.rb, app/controllers/children_controller.rb, app/controllers/devices_controller.rb, app/controllers/duplicates_controller.rb, app/controllers/enquiries_controller.rb, app/controllers/enquiry_histories_controller.rb, app/controllers/fields_controller.rb, app/controllers/form_section_controller.rb, app/controllers/forms_controller.rb, app/controllers/media_controller.rb, app/controllers/potential_matches_controller.rb, app/controllers/replications_controller.rb, app/controllers/reports_controller.rb, app/controllers/roles_controller.rb, app/controllers/search_controller.rb, app/controllers/sessions_controller.rb, app/controllers/standard_forms_controller.rb, app/controllers/system_users_controller.rb, app/controllers/user_histories_controller.rb, app/controllers/users_controller.rb]","[app/controllers/application_controller.rb, app/controllers/media_controller.rb]","0.2857142857914286"
"rapidftr","83","0.04","0.5","25","2","24","1","1","[app/controllers/admin_controller.rb, app/controllers/advanced_search_controller.rb, app/controllers/api/children_controller.rb, app/controllers/api/enquiries_controller.rb, app/controllers/api/sessions_controller.rb, app/controllers/child_histories_controller.rb, app/controllers/child_ids_controller.rb, app/controllers/children_controller.rb, app/controllers/devices_controller.rb, app/controllers/duplicates_controller.rb, app/controllers/enquiries_controller.rb, app/controllers/enquiry_histories_controller.rb, app/controllers/fields_controller.rb, app/controllers/form_section_controller.rb, app/controllers/forms_controller.rb, app/controllers/potential_matches_controller.rb, app/controllers/replications_controller.rb, app/controllers/reports_controller.rb, app/controllers/roles_controller.rb, app/controllers/search_controller.rb, app/controllers/sessions_controller.rb, app/controllers/standard_forms_controller.rb, app/controllers/system_users_controller.rb, app/controllers/user_histories_controller.rb, app/controllers/users_controller.rb]","[app/controllers/media_controller.rb, app/controllers/potential_matches_controller.rb]","0.15151515151515152"
"tip4commit","51","0.8333333333","0.7142857143","6","7","1","2","5","[app/controllers/deposits_controller.rb, app/controllers/home_controller.rb, app/controllers/projects_controller.rb, app/controllers/tips_controller.rb, app/controllers/users_controller.rb, app/controllers/withdrawals_controller.rb]","[app/controllers/application_controller.rb, app/controllers/deposits_controller.rb, app/controllers/home_controller.rb, app/controllers/projects_controller.rb, app/controllers/tips_controller.rb, app/controllers/users/omniauth_callbacks_controller.rb, app/controllers/users_controller.rb]","0.7352941176539793"
"tip4commit","55","0.6666666667","0.8","6","5","2","1","4","[app/controllers/deposits_controller.rb, app/controllers/home_controller.rb, app/controllers/projects_controller.rb, app/controllers/tips_controller.rb, app/controllers/users_controller.rb, app/controllers/withdrawals_controller.rb]","[app/controllers/application_controller.rb, app/controllers/deposits_controller.rb, app/controllers/projects_controller.rb, app/controllers/tips_controller.rb, app/controllers/users_controller.rb]","0.769230769239645"
"tip4commit","67","0.6666666667","0.8","6","5","2","1","4","[app/controllers/deposits_controller.rb, app/controllers/home_controller.rb, app/controllers/projects_controller.rb, app/controllers/tips_controller.rb, app/controllers/users_controller.rb, app/controllers/withdrawals_controller.rb]","[app/controllers/application_controller.rb, app/controllers/deposits_controller.rb, app/controllers/projects_controller.rb, app/controllers/tips_controller.rb, app/controllers/users_controller.rb]","0.769230769239645"
"tip4commit","71","0.6666666667","0.8","6","5","2","1","4","[app/controllers/deposits_controller.rb, app/controllers/home_controller.rb, app/controllers/projects_controller.rb, app/controllers/tips_controller.rb, app/controllers/users_controller.rb, app/controllers/withdrawals_controller.rb]","[app/controllers/application_controller.rb, app/controllers/deposits_controller.rb, app/controllers/projects_controller.rb, app/controllers/tips_controller.rb, app/controllers/users_controller.rb]","0.769230769239645"
"tip4commit","77","0.5","1.0","6","3","3","0","3","[app/controllers/deposits_controller.rb, app/controllers/home_controller.rb, app/controllers/projects_controller.rb, app/controllers/tips_controller.rb, app/controllers/users_controller.rb, app/controllers/withdrawals_controller.rb]","[app/controllers/projects_controller.rb, app/controllers/tips_controller.rb, app/controllers/users_controller.rb]","0.8333333333333333"
"tip4commit","97","0.1666666667","1.0","6","1","5","0","1","[app/controllers/deposits_controller.rb, app/controllers/home_controller.rb, app/controllers/projects_controller.rb, app/controllers/tips_controller.rb, app/controllers/users_controller.rb, app/controllers/withdrawals_controller.rb]","[app/controllers/projects_controller.rb]","0.50000000006"
"tip4commit","118","0.25","0.5","4","2","3","1","1","[app/controllers/home_controller.rb, app/controllers/projects_controller.rb, app/controllers/tips_controller.rb, app/controllers/users_controller.rb]","[app/controllers/application_controller.rb, app/controllers/projects_controller.rb]","0.41666666666666663"
"tracks","57","1.0","0.2222222222","2","9","0","7","2","[app/controllers/contexts_controller.rb, app/controllers/projects_controller.rb]","[app/controllers/application_controller.rb, app/controllers/contexts_controller.rb, app/controllers/integrations_controller.rb, app/controllers/notes_controller.rb, app/controllers/projects_controller.rb, app/controllers/recurring_todos_controller.rb, app/controllers/stats_controller.rb, app/controllers/todos/todo_create_params_helper.rb, app/controllers/todos_controller.rb]","0.26315789471191137"
"tracks","124","1.0","1.0","1","1","0","0","1","[app/controllers/todos_controller.rb]","[app/controllers/todos_controller.rb]","1.0"
"websiteone","38","0.0909090909","1.0","11","1","10","0","1","[app/controllers/articles_controller.rb, app/controllers/event_instances_controller.rb, app/controllers/events_controller.rb, app/controllers/hookups_controller.rb, app/controllers/newsletters_controller.rb, app/controllers/projects_controller.rb, app/controllers/registrations_controller.rb, app/controllers/static_pages_controller.rb, app/controllers/subscriptions_controller.rb, app/controllers/users_controller.rb, app/controllers/visitors_controller.rb]","[app/controllers/subscriptions_controller.rb]","0.3333333333088889"
"websiteone","44","0.0","0.0","1","1","1","1","0","[app/controllers/users_controller.rb]","[app/controllers/charges_controller.rb]","0"
"websiteone","52","0.1428571429","1.0","7","1","6","0","1","[app/controllers/charges_controller.rb, app/controllers/event_instances_controller.rb, app/controllers/events_controller.rb, app/controllers/projects_controller.rb, app/controllers/static_pages_controller.rb, app/controllers/users_controller.rb, app/controllers/visitors_controller.rb]","[app/controllers/charges_controller.rb]","0.4545454546322314"
"websiteone","68","0.4285714286","1.0","7","3","4","0","3","[app/controllers/charges_controller.rb, app/controllers/event_instances_controller.rb, app/controllers/events_controller.rb, app/controllers/projects_controller.rb, app/controllers/static_pages_controller.rb, app/controllers/users_controller.rb, app/controllers/visitors_controller.rb]","[app/controllers/charges_controller.rb, app/controllers/event_instances_controller.rb, app/controllers/events_controller.rb]","0.789473684229917"
"websiteone","70","0.1818181818","1.0","11","2","9","0","2","[app/controllers/articles_controller.rb, app/controllers/charges_controller.rb, app/controllers/event_instances_controller.rb, app/controllers/events_controller.rb, app/controllers/hookups_controller.rb, app/controllers/newsletters_controller.rb, app/controllers/projects_controller.rb, app/controllers/registrations_controller.rb, app/controllers/static_pages_controller.rb, app/controllers/users_controller.rb, app/controllers/visitors_controller.rb]","[app/controllers/charges_controller.rb, app/controllers/static_pages_controller.rb]","0.5263157894432133"
"websiteone","74","0.0909090909","1.0","11","1","10","0","1","[app/controllers/articles_controller.rb, app/controllers/charges_controller.rb, app/controllers/event_instances_controller.rb, app/controllers/events_controller.rb, app/controllers/hookups_controller.rb, app/controllers/newsletters_controller.rb, app/controllers/projects_controller.rb, app/controllers/registrations_controller.rb, app/controllers/static_pages_controller.rb, app/controllers/users_controller.rb, app/controllers/visitors_controller.rb]","[app/controllers/charges_controller.rb]","0.3333333333088889"
"websiteone","80","0.4285714286","1.0","7","3","4","0","3","[app/controllers/event_instances_controller.rb, app/controllers/events_controller.rb, app/controllers/projects_controller.rb, app/controllers/registrations_controller.rb, app/controllers/static_pages_controller.rb, app/controllers/users_controller.rb, app/controllers/visitors_controller.rb]","[app/controllers/event_instances_controller.rb, app/controllers/static_pages_controller.rb, app/controllers/users_controller.rb]","0.789473684229917"
"websiteone","90","1.0","0.5","1","2","0","1","1","[app/controllers/users_controller.rb]","[app/controllers/charges_controller.rb, app/controllers/users_controller.rb]","0.5555555555555556"
"websiteone","100","0.1818181818","0.6666666667","11","3","9","1","2","[app/controllers/articles_controller.rb, app/controllers/charges_controller.rb, app/controllers/event_instances_controller.rb, app/controllers/events_controller.rb, app/controllers/hookups_controller.rb, app/controllers/newsletters_controller.rb, app/controllers/projects_controller.rb, app/controllers/registrations_controller.rb, app/controllers/static_pages_controller.rb, app/controllers/users_controller.rb, app/controllers/visitors_controller.rb]","[app/controllers/authentications_controller.rb, app/controllers/charges_controller.rb, app/controllers/static_pages_controller.rb]","0.43478260868620033"
"websiteone","102","0.0909090909","1.0","11","1","10","0","1","[app/controllers/articles_controller.rb, app/controllers/charges_controller.rb, app/controllers/event_instances_controller.rb, app/controllers/events_controller.rb, app/controllers/hookups_controller.rb, app/controllers/newsletters_controller.rb, app/controllers/projects_controller.rb, app/controllers/registrations_controller.rb, app/controllers/static_pages_controller.rb, app/controllers/users_controller.rb, app/controllers/visitors_controller.rb]","[app/controllers/charges_controller.rb]","0.3333333333088889"
"whitehall","499","1.0","0.5","1","2","0","1","1","[app/controllers/admin/editions_controller.rb]","[app/controllers/admin/editions_controller.rb, app/controllers/admin/needs_controller.rb]","0.5555555555555556"
"whitehall","569","0.0666666667","0.1666666667","15","6","14","5","1","[app/controllers/admin/about_pages_controller.rb, app/controllers/admin/consultations_controller.rb, app/controllers/admin/dashboard_controller.rb, app/controllers/admin/document_collections_controller.rb, app/controllers/admin/edition_workflow_controller.rb, app/controllers/admin/editions_controller.rb, app/controllers/admin/find_in_admin_bookmarklet_controller.rb, app/controllers/admin/topical_events_controller.rb, app/controllers/admin/topics_controller.rb, app/controllers/admin/worldwide_organisations_controller.rb, app/controllers/admin/worldwide_organisations_translations_controller.rb, app/controllers/api/worldwide_organisations_controller.rb, app/controllers/topical_events_controller.rb, app/controllers/topics_controller.rb, app/controllers/worldwide_organisations_controller.rb]","[app/controllers/admin/document_collection_groups_controller.rb, app/controllers/consultations_controller.rb, app/controllers/corporate_information_pages_controller.rb, app/controllers/world_location_news_controller.rb, app/controllers/world_locations_controller.rb, app/controllers/worldwide_organisations_controller.rb]","0.1282051282455621"
"whitehall","571","0.6666666667","0.175","21","80","7","66","14","[app/controllers/admin/about_pages_controller.rb, app/controllers/admin/attachments_controller.rb, app/controllers/admin/consultations_controller.rb, app/controllers/admin/dashboard_controller.rb, app/controllers/admin/document_collections_controller.rb, app/controllers/admin/edition_workflow_controller.rb, app/controllers/admin/editions_controller.rb, app/controllers/admin/find_in_admin_bookmarklet_controller.rb, app/controllers/admin/topical_events_controller.rb, app/controllers/admin/topics_controller.rb, app/controllers/admin/world_locations_controller.rb, app/controllers/admin/worldwide_organisations_controller.rb, app/controllers/admin/worldwide_organisations_translations_controller.rb, app/controllers/api/world_locations_controller.rb, app/controllers/api/worldwide_organisations_controller.rb, app/controllers/html_attachments_controller.rb, app/controllers/ministerial_roles_controller.rb, app/controllers/topical_events_controller.rb, app/controllers/topics_controller.rb, app/controllers/world_locations_controller.rb, app/controllers/worldwide_organisations_controller.rb]","[app/controllers/admin/about_pages_controller.rb, app/controllers/admin/access_and_opening_times_controller.rb, app/controllers/admin/attachments_controller.rb, app/controllers/admin/base_controller.rb, app/controllers/admin/bulk_uploads_controller.rb, app/controllers/admin/cabinet_ministers_controller.rb, app/controllers/admin/classification_featurings_controller.rb, app/controllers/admin/classifications_controller.rb, app/controllers/admin/consultations_controller.rb, app/controllers/admin/contacts_controller.rb, app/controllers/admin/corporate_information_pages_controller.rb, app/controllers/admin/document_collection_group_memberships_controller.rb, app/controllers/admin/document_collection_groups_controller.rb, app/controllers/admin/document_sources_controller.rb, app/controllers/admin/edition_tags_controller.rb, app/controllers/admin/edition_unpublishing_controller.rb, app/controllers/admin/edition_workflow_controller.rb, app/controllers/admin/editions_controller.rb, app/controllers/admin/editorial_remarks_controller.rb, app/controllers/admin/fact_check_requests_controller.rb, app/controllers/admin/fatality_notices_controller.rb, app/controllers/admin/feature_lists_controller.rb, app/controllers/admin/featured_policies_controller.rb, app/controllers/admin/features_controller.rb, app/controllers/admin/financial_reports_controller.rb, app/controllers/admin/find_in_admin_bookmarklet_controller.rb, app/controllers/admin/get_involved_controller.rb, app/controllers/admin/governments_controller.rb, app/controllers/admin/historical_accounts_controller.rb, app/controllers/admin/home_page_list_controller.rb, app/controllers/admin/links_reports_controller.rb, app/controllers/admin/offsite_links_controller.rb, app/controllers/admin/operational_fields_controller.rb, app/controllers/admin/organisations_controller.rb, app/controllers/admin/people_controller.rb, app/controllers/admin/policy_groups_controller.rb, app/controllers/admin/preview_controller.rb, app/controllers/admin/promotional_feature_items_controller.rb, app/controllers/admin/promotional_features_controller.rb, app/controllers/admin/publications_controller.rb, app/controllers/admin/responses_controller.rb, app/controllers/admin/role_appointments_controller.rb, app/controllers/admin/roles_controller.rb, app/controllers/admin/sitewide_settings_controller.rb, app/controllers/admin/social_media_accounts_controller.rb, app/controllers/admin/speeches_controller.rb, app/controllers/admin/statistics_announcement_date_changes_controller.rb, app/controllers/admin/statistics_announcement_tags_controller.rb, app/controllers/admin/statistics_announcement_unpublishings_controller.rb, app/controllers/admin/statistics_announcements_controller.rb, app/controllers/admin/take_part_pages_controller.rb, app/controllers/admin/topical_events_controller.rb, app/controllers/admin/users_controller.rb, app/controllers/admin/world_locations_controller.rb, app/controllers/admin/worldwide_offices_controller.rb, app/controllers/admin/worldwide_organisations_controller.rb, app/controllers/api/governments_controller.rb, app/controllers/api/organisations_controller.rb, app/controllers/api/world_locations_controller.rb, app/controllers/api/worldwide_organisations_controller.rb, app/controllers/application_controller.rb, app/controllers/attachments_controller.rb, app/controllers/consultations_controller.rb, app/controllers/corporate_information_pages_controller.rb, app/controllers/documents_controller.rb, app/controllers/historic_appointments_controller.rb, app/controllers/histories_controller.rb, app/controllers/html_attachments_controller.rb, app/controllers/latest_controller.rb, app/controllers/organisations_controller.rb, app/controllers/past_foreign_secretaries_controller.rb, app/controllers/public_facing_controller.rb, app/controllers/public_uploads_controller.rb, app/controllers/publications_controller.rb, app/controllers/statistics_controller.rb, app/controllers/world_location_news_articles_controller.rb, app/controllers/world_location_news_controller.rb, app/controllers/world_locations_controller.rb, app/controllers/worldwide_offices_controller.rb, app/controllers/worldwide_organisations_controller.rb]","0.20527859237599866"
"whitehall","589","0.6666666667","0.1265822785","15","79","5","69","10","[app/controllers/admin/about_pages_controller.rb, app/controllers/admin/attachments_controller.rb, app/controllers/admin/dashboard_controller.rb, app/controllers/admin/edition_workflow_controller.rb, app/controllers/admin/editions_controller.rb, app/controllers/admin/find_in_admin_bookmarklet_controller.rb, app/controllers/admin/topical_events_controller.rb, app/controllers/admin/topics_controller.rb, app/controllers/admin/world_locations_controller.rb, app/controllers/api/world_locations_controller.rb, app/controllers/html_attachments_controller.rb, app/controllers/ministerial_roles_controller.rb, app/controllers/topical_events_controller.rb, app/controllers/topics_controller.rb, app/controllers/world_locations_controller.rb]","[app/controllers/admin/about_pages_controller.rb, app/controllers/admin/access_and_opening_times_controller.rb, app/controllers/admin/attachments_controller.rb, app/controllers/admin/base_controller.rb, app/controllers/admin/bulk_uploads_controller.rb, app/controllers/admin/cabinet_ministers_controller.rb, app/controllers/admin/classification_featurings_controller.rb, app/controllers/admin/classifications_controller.rb, app/controllers/admin/consultations_controller.rb, app/controllers/admin/contacts_controller.rb, app/controllers/admin/corporate_information_pages_controller.rb, app/controllers/admin/document_collection_group_memberships_controller.rb, app/controllers/admin/document_collection_groups_controller.rb, app/controllers/admin/document_sources_controller.rb, app/controllers/admin/edition_tags_controller.rb, app/controllers/admin/edition_unpublishing_controller.rb, app/controllers/admin/edition_workflow_controller.rb, app/controllers/admin/editions_controller.rb, app/controllers/admin/editorial_remarks_controller.rb, app/controllers/admin/fact_check_requests_controller.rb, app/controllers/admin/fatality_notices_controller.rb, app/controllers/admin/feature_lists_controller.rb, app/controllers/admin/featured_policies_controller.rb, app/controllers/admin/features_controller.rb, app/controllers/admin/financial_reports_controller.rb, app/controllers/admin/find_in_admin_bookmarklet_controller.rb, app/controllers/admin/get_involved_controller.rb, app/controllers/admin/governments_controller.rb, app/controllers/admin/historical_accounts_controller.rb, app/controllers/admin/home_page_list_controller.rb, app/controllers/admin/links_reports_controller.rb, app/controllers/admin/offsite_links_controller.rb, app/controllers/admin/operational_fields_controller.rb, app/controllers/admin/organisations_controller.rb, app/controllers/admin/people_controller.rb, app/controllers/admin/policy_groups_controller.rb, app/controllers/admin/preview_controller.rb, app/controllers/admin/promotional_feature_items_controller.rb, app/controllers/admin/promotional_features_controller.rb, app/controllers/admin/publications_controller.rb, app/controllers/admin/responses_controller.rb, app/controllers/admin/role_appointments_controller.rb, app/controllers/admin/roles_controller.rb, app/controllers/admin/sitewide_settings_controller.rb, app/controllers/admin/social_media_accounts_controller.rb, app/controllers/admin/speeches_controller.rb, app/controllers/admin/statistics_announcement_date_changes_controller.rb, app/controllers/admin/statistics_announcement_tags_controller.rb, app/controllers/admin/statistics_announcement_unpublishings_controller.rb, app/controllers/admin/statistics_announcements_controller.rb, app/controllers/admin/take_part_pages_controller.rb, app/controllers/admin/topical_events_controller.rb, app/controllers/admin/users_controller.rb, app/controllers/admin/world_locations_controller.rb, app/controllers/admin/worldwide_offices_controller.rb, app/controllers/admin/worldwide_organisations_controller.rb, app/controllers/api/governments_controller.rb, app/controllers/api/organisations_controller.rb, app/controllers/api/world_locations_controller.rb, app/controllers/api/worldwide_organisations_controller.rb, app/controllers/application_controller.rb, app/controllers/attachments_controller.rb, app/controllers/corporate_information_pages_controller.rb, app/controllers/documents_controller.rb, app/controllers/historic_appointments_controller.rb, app/controllers/histories_controller.rb, app/controllers/html_attachments_controller.rb, app/controllers/latest_controller.rb, app/controllers/organisations_controller.rb, app/controllers/past_foreign_secretaries_controller.rb, app/controllers/public_facing_controller.rb, app/controllers/public_uploads_controller.rb, app/controllers/publications_controller.rb, app/controllers/statistics_controller.rb, app/controllers/world_location_news_articles_controller.rb, app/controllers/world_location_news_controller.rb, app/controllers/world_locations_controller.rb, app/controllers/worldwide_offices_controller.rb, app/controllers/worldwide_organisations_controller.rb]","0.15105740183466287"
"whitehall","687","1.0","0.0547945205","4","73","0","69","4","[app/controllers/admin/edition_workflow_controller.rb, app/controllers/admin/world_locations_controller.rb, app/controllers/api/world_locations_controller.rb, app/controllers/world_locations_controller.rb]","[app/controllers/admin/about_pages_controller.rb, app/controllers/admin/access_and_opening_times_controller.rb, app/controllers/admin/attachments_controller.rb, app/controllers/admin/base_controller.rb, app/controllers/admin/bulk_uploads_controller.rb, app/controllers/admin/cabinet_ministers_controller.rb, app/controllers/admin/classification_featurings_controller.rb, app/controllers/admin/classifications_controller.rb, app/controllers/admin/consultations_controller.rb, app/controllers/admin/contacts_controller.rb, app/controllers/admin/corporate_information_pages_controller.rb, app/controllers/admin/document_collection_group_memberships_controller.rb, app/controllers/admin/document_collection_groups_controller.rb, app/controllers/admin/document_sources_controller.rb, app/controllers/admin/edition_tags_controller.rb, app/controllers/admin/edition_unpublishing_controller.rb, app/controllers/admin/edition_workflow_controller.rb, app/controllers/admin/editions_controller.rb, app/controllers/admin/editorial_remarks_controller.rb, app/controllers/admin/fact_check_requests_controller.rb, app/controllers/admin/fatality_notices_controller.rb, app/controllers/admin/feature_lists_controller.rb, app/controllers/admin/featured_policies_controller.rb, app/controllers/admin/features_controller.rb, app/controllers/admin/financial_reports_controller.rb, app/controllers/admin/get_involved_controller.rb, app/controllers/admin/governments_controller.rb, app/controllers/admin/historical_accounts_controller.rb, app/controllers/admin/home_page_list_controller.rb, app/controllers/admin/links_reports_controller.rb, app/controllers/admin/offsite_links_controller.rb, app/controllers/admin/operational_fields_controller.rb, app/controllers/admin/organisations_controller.rb, app/controllers/admin/people_controller.rb, app/controllers/admin/policy_groups_controller.rb, app/controllers/admin/preview_controller.rb, app/controllers/admin/promotional_feature_items_controller.rb, app/controllers/admin/promotional_features_controller.rb, app/controllers/admin/publications_controller.rb, app/controllers/admin/responses_controller.rb, app/controllers/admin/role_appointments_controller.rb, app/controllers/admin/roles_controller.rb, app/controllers/admin/sitewide_settings_controller.rb, app/controllers/admin/social_media_accounts_controller.rb, app/controllers/admin/speeches_controller.rb, app/controllers/admin/statistics_announcement_date_changes_controller.rb, app/controllers/admin/statistics_announcement_unpublishings_controller.rb, app/controllers/admin/statistics_announcements_controller.rb, app/controllers/admin/take_part_pages_controller.rb, app/controllers/admin/topical_events_controller.rb, app/controllers/admin/users_controller.rb, app/controllers/admin/world_locations_controller.rb, app/controllers/admin/worldwide_offices_controller.rb, app/controllers/admin/worldwide_organisations_controller.rb, app/controllers/api/governments_controller.rb, app/controllers/api/organisations_controller.rb, app/controllers/api/world_locations_controller.rb, app/controllers/api/worldwide_organisations_controller.rb, app/controllers/application_controller.rb, app/controllers/attachments_controller.rb, app/controllers/corporate_information_pages_controller.rb, app/controllers/documents_controller.rb, app/controllers/historic_appointments_controller.rb, app/controllers/html_attachments_controller.rb, app/controllers/latest_controller.rb, app/controllers/organisations_controller.rb, app/controllers/public_facing_controller.rb, app/controllers/publications_controller.rb, app/controllers/statistics_controller.rb, app/controllers/world_location_news_articles_controller.rb, app/controllers/world_locations_controller.rb, app/controllers/worldwide_offices_controller.rb, app/controllers/worldwide_organisations_controller.rb]","0.06756756750924489"
"whitehall","793","0.1","0.3333333333","10","3","9","2","1","[app/controllers/admin/consultations_controller.rb, app/controllers/admin/dashboard_controller.rb, app/controllers/admin/detailed_guides_controller.rb, app/controllers/admin/edition_workflow_controller.rb, app/controllers/admin/editions_controller.rb, app/controllers/admin/find_in_admin_bookmarklet_controller.rb, app/controllers/admin/publications_controller.rb, app/controllers/announcements_controller.rb, app/controllers/consultations_controller.rb, app/controllers/publications_controller.rb]","[app/controllers/admin/edition_tags_controller.rb, app/controllers/application_controller.rb, app/controllers/consultations_controller.rb]","0.22727272726033057"
"whitehall","1053","0.0","0.0","3","4","3","4","0","[app/controllers/admin/world_locations_controller.rb, app/controllers/api/world_locations_controller.rb, app/controllers/world_locations_controller.rb]","[app/controllers/case_studies_controller.rb, app/controllers/policy_groups_controller.rb, app/controllers/statistical_data_sets_controller.rb, app/controllers/worldwide_organisations_controller.rb]","0"
"whitehall","1367","0.5","0.5","2","2","1","1","1","[app/controllers/admin/policy_groups_controller.rb, app/controllers/policy_groups_controller.rb]","[app/controllers/admin/editions_controller.rb, app/controllers/policy_groups_controller.rb]","0.5"
"whitehall","1561","0.0","0.0","2","3","2","3","0","[app/controllers/admin/publications_controller.rb, app/controllers/publications_controller.rb]","[app/controllers/admin/editions_controller.rb, app/controllers/application_controller.rb, app/controllers/attachments_controller.rb]","0"
"whitehall","1671","0.2","0.5","5","2","4","1","1","[app/controllers/admin/corporate_information_pages_controller.rb, app/controllers/admin/organisations_controller.rb, app/controllers/api/organisations_controller.rb, app/controllers/corporate_information_pages_controller.rb, app/controllers/organisations_controller.rb]","[app/controllers/admin/featured_policies_controller.rb, app/controllers/organisations_controller.rb]","0.38461538461538464"