"Project","Task","Precision","Recall","IText_size","IReal_size","FP_size","FN_size","Hits_size","IText","IReal","F2"
"diaspora","1032","0.0","0.0","9","6","9","6","0","[app/controllers/admins_controller.rb, app/controllers/application_controller.rb, app/controllers/help_controller.rb, app/controllers/home_controller.rb, app/controllers/people_controller.rb, app/controllers/photos_controller.rb, app/controllers/profiles_controller.rb, app/controllers/social_relay_controller.rb, app/controllers/users_controller.rb]","[app/controllers/aspect_memberships_controller.rb, app/controllers/invitation_codes_controller.rb, app/controllers/posts_controller.rb, app/controllers/registrations_controller.rb, app/controllers/sessions_controller.rb, app/controllers/status_messages_controller.rb]","0.0"
"diaspora","1063","0.0","0.0","9","1","9","1","0","[app/controllers/admins_controller.rb, app/controllers/application_controller.rb, app/controllers/help_controller.rb, app/controllers/home_controller.rb, app/controllers/people_controller.rb, app/controllers/photos_controller.rb, app/controllers/profiles_controller.rb, app/controllers/social_relay_controller.rb, app/controllers/users_controller.rb]","[app/controllers/registrations_controller.rb]","0.0"
"diaspora","1100","0.0","0.0","0","3","0","3","0","[]","[app/controllers/aspect_memberships_controller.rb, app/controllers/invitation_codes_controller.rb, app/controllers/posts_controller.rb]","0.0"
"diaspora","1134","0.1111111111","1.0","9","1","8","0","1","[app/controllers/admins_controller.rb, app/controllers/application_controller.rb, app/controllers/help_controller.rb, app/controllers/home_controller.rb, app/controllers/people_controller.rb, app/controllers/photos_controller.rb, app/controllers/profiles_controller.rb, app/controllers/social_relay_controller.rb, app/controllers/users_controller.rb]","[app/controllers/people_controller.rb]","0.3846153845887574"
"diaspora","1148","0.1111111111","0.1111111111","9","9","8","8","1","[app/controllers/admins_controller.rb, app/controllers/application_controller.rb, app/controllers/help_controller.rb, app/controllers/home_controller.rb, app/controllers/people_controller.rb, app/controllers/photos_controller.rb, app/controllers/profiles_controller.rb, app/controllers/social_relay_controller.rb, app/controllers/users_controller.rb]","[app/controllers/api/openid_connect/authorizations_controller.rb, app/controllers/api/openid_connect/clients_controller.rb, app/controllers/api/openid_connect/discovery_controller.rb, app/controllers/api/openid_connect/id_tokens_controller.rb, app/controllers/api/openid_connect/token_endpoint_controller.rb, app/controllers/api/openid_connect/user_applications_controller.rb, app/controllers/api/openid_connect/user_info_controller.rb, app/controllers/api/v0/base_controller.rb, app/controllers/users_controller.rb]","0.1111111111"
"diaspora","1292","0.0","0.0","1","1","1","1","0","[app/controllers/people_controller.rb]","[app/controllers/streams_controller.rb]","0.0"
"diaspora","1360","0.5555555556","0.5555555556","9","9","4","4","5","[app/controllers/admins_controller.rb, app/controllers/application_controller.rb, app/controllers/help_controller.rb, app/controllers/home_controller.rb, app/controllers/people_controller.rb, app/controllers/photos_controller.rb, app/controllers/profiles_controller.rb, app/controllers/social_relay_controller.rb, app/controllers/users_controller.rb]","[app/controllers/admins_controller.rb, app/controllers/application_controller.rb, app/controllers/comments_controller.rb, app/controllers/home_controller.rb, app/controllers/node_info_controller.rb, app/controllers/people_controller.rb, app/controllers/photos_controller.rb, app/controllers/posts_controller.rb, app/controllers/status_messages_controller.rb]","0.5555555556000001"
"diaspora","1395","0.7142857143","0.5","7","10","2","5","5","[app/controllers/admins_controller.rb, app/controllers/application_controller.rb, app/controllers/comments_controller.rb, app/controllers/home_controller.rb, app/controllers/people_controller.rb, app/controllers/photos_controller.rb, app/controllers/status_messages_controller.rb]","[app/controllers/admin/pods_controller.rb, app/controllers/admins_controller.rb, app/controllers/application_controller.rb, app/controllers/help_controller.rb, app/controllers/home_controller.rb, app/controllers/people_controller.rb, app/controllers/photos_controller.rb, app/controllers/profiles_controller.rb, app/controllers/social_relay_controller.rb, app/controllers/users_controller.rb]","0.5319148936186057"
"diaspora","1417","1.0","0.4545454545","5","11","0","6","5","[app/controllers/admins_controller.rb, app/controllers/application_controller.rb, app/controllers/home_controller.rb, app/controllers/people_controller.rb, app/controllers/photos_controller.rb]","[app/controllers/admins_controller.rb, app/controllers/application_controller.rb, app/controllers/comments_controller.rb, app/controllers/help_controller.rb, app/controllers/home_controller.rb, app/controllers/people_controller.rb, app/controllers/photos_controller.rb, app/controllers/profiles_controller.rb, app/controllers/social_relay_controller.rb, app/controllers/status_messages_controller.rb, app/controllers/users_controller.rb]","0.5102040815868388"
"diaspora","1423","1.0","0.4545454545","5","11","0","6","5","[app/controllers/admins_controller.rb, app/controllers/application_controller.rb, app/controllers/home_controller.rb, app/controllers/people_controller.rb, app/controllers/photos_controller.rb]","[app/controllers/admins_controller.rb, app/controllers/application_controller.rb, app/controllers/comments_controller.rb, app/controllers/help_controller.rb, app/controllers/home_controller.rb, app/controllers/people_controller.rb, app/controllers/photos_controller.rb, app/controllers/profiles_controller.rb, app/controllers/social_relay_controller.rb, app/controllers/status_messages_controller.rb, app/controllers/users_controller.rb]","0.5102040815868388"
"odin","332","0.0","0.0","0","7","0","7","0","[]","[app/controllers/application_controller.rb, app/controllers/confirmations_controller.rb, app/controllers/courses_controller.rb, app/controllers/lesson_completions_controller.rb, app/controllers/omniauth_callbacks_controller.rb, app/controllers/registrations_controller.rb, app/controllers/static_pages_controller.rb]","0.0"
"odin","337","0.0","0.0","0","7","0","7","0","[]","[app/controllers/application_controller.rb, app/controllers/confirmations_controller.rb, app/controllers/courses_controller.rb, app/controllers/lesson_completions_controller.rb, app/controllers/omniauth_callbacks_controller.rb, app/controllers/registrations_controller.rb, app/controllers/static_pages_controller.rb]","0.0"
"odin","339","0.0","0.0","3","1","3","1","0","[app/controllers/application_controller.rb, app/controllers/courses_controller.rb, app/controllers/static_pages_controller.rb]","[app/controllers/lesson_completions_controller.rb]","0.0"
"odin","346","0.3333333333","1.0","3","1","2","0","1","[app/controllers/application_controller.rb, app/controllers/courses_controller.rb, app/controllers/static_pages_controller.rb]","[app/controllers/application_controller.rb]","0.714285714255102"
"odin","388","0.0","0.0","1","4","1","4","0","[app/controllers/lesson_completions_controller.rb]","[app/controllers/application_controller.rb, app/controllers/courses_controller.rb, app/controllers/lessons_controller.rb, app/controllers/static_pages_controller.rb]","0.0"
"oneclickorgs","26","1.0","1.0","22","22","0","0","22","[app/controllers/add_member_proposals_controller.rb, app/controllers/application_controller.rb, app/controllers/associations_controller.rb, app/controllers/change_member_class_proposals_controller.rb, app/controllers/comments_controller.rb, app/controllers/companies_controller.rb, app/controllers/constitution_proposal_bundles_controller.rb, app/controllers/constitutions_controller.rb, app/controllers/directors_controller.rb, app/controllers/eject_member_proposals_controller.rb, app/controllers/found_association_proposals_controller.rb, app/controllers/founding_members_controller.rb, app/controllers/invitations_controller.rb, app/controllers/meetings_controller.rb, app/controllers/member_sessions_controller.rb, app/controllers/members_controller.rb, app/controllers/one_click_controller.rb, app/controllers/password_resets_controller.rb, app/controllers/proposals_controller.rb, app/controllers/setup_controller.rb, app/controllers/votes_controller.rb, app/controllers/welcome_controller.rb]","[app/controllers/add_member_proposals_controller.rb, app/controllers/application_controller.rb, app/controllers/associations_controller.rb, app/controllers/change_member_class_proposals_controller.rb, app/controllers/comments_controller.rb, app/controllers/companies_controller.rb, app/controllers/constitution_proposal_bundles_controller.rb, app/controllers/constitutions_controller.rb, app/controllers/directors_controller.rb, app/controllers/eject_member_proposals_controller.rb, app/controllers/found_association_proposals_controller.rb, app/controllers/founding_members_controller.rb, app/controllers/invitations_controller.rb, app/controllers/meetings_controller.rb, app/controllers/member_sessions_controller.rb, app/controllers/members_controller.rb, app/controllers/one_click_controller.rb, app/controllers/password_resets_controller.rb, app/controllers/proposals_controller.rb, app/controllers/setup_controller.rb, app/controllers/votes_controller.rb, app/controllers/welcome_controller.rb]","1.0"
"oneclickorgs","27","1.0","1.0","22","22","0","0","22","[app/controllers/add_member_proposals_controller.rb, app/controllers/application_controller.rb, app/controllers/associations_controller.rb, app/controllers/change_member_class_proposals_controller.rb, app/controllers/comments_controller.rb, app/controllers/companies_controller.rb, app/controllers/constitution_proposal_bundles_controller.rb, app/controllers/constitutions_controller.rb, app/controllers/directors_controller.rb, app/controllers/eject_member_proposals_controller.rb, app/controllers/found_association_proposals_controller.rb, app/controllers/founding_members_controller.rb, app/controllers/invitations_controller.rb, app/controllers/meetings_controller.rb, app/controllers/member_sessions_controller.rb, app/controllers/members_controller.rb, app/controllers/one_click_controller.rb, app/controllers/password_resets_controller.rb, app/controllers/proposals_controller.rb, app/controllers/setup_controller.rb, app/controllers/votes_controller.rb, app/controllers/welcome_controller.rb]","[app/controllers/add_member_proposals_controller.rb, app/controllers/application_controller.rb, app/controllers/associations_controller.rb, app/controllers/change_member_class_proposals_controller.rb, app/controllers/comments_controller.rb, app/controllers/companies_controller.rb, app/controllers/constitution_proposal_bundles_controller.rb, app/controllers/constitutions_controller.rb, app/controllers/directors_controller.rb, app/controllers/eject_member_proposals_controller.rb, app/controllers/found_association_proposals_controller.rb, app/controllers/founding_members_controller.rb, app/controllers/invitations_controller.rb, app/controllers/meetings_controller.rb, app/controllers/member_sessions_controller.rb, app/controllers/members_controller.rb, app/controllers/one_click_controller.rb, app/controllers/password_resets_controller.rb, app/controllers/proposals_controller.rb, app/controllers/setup_controller.rb, app/controllers/votes_controller.rb, app/controllers/welcome_controller.rb]","1.0"
"oneclickorgs","30","1.0","1.0","22","22","0","0","22","[app/controllers/add_member_proposals_controller.rb, app/controllers/application_controller.rb, app/controllers/associations_controller.rb, app/controllers/change_member_class_proposals_controller.rb, app/controllers/comments_controller.rb, app/controllers/companies_controller.rb, app/controllers/constitution_proposal_bundles_controller.rb, app/controllers/constitutions_controller.rb, app/controllers/directors_controller.rb, app/controllers/eject_member_proposals_controller.rb, app/controllers/found_association_proposals_controller.rb, app/controllers/founding_members_controller.rb, app/controllers/invitations_controller.rb, app/controllers/meetings_controller.rb, app/controllers/member_sessions_controller.rb, app/controllers/members_controller.rb, app/controllers/one_click_controller.rb, app/controllers/password_resets_controller.rb, app/controllers/proposals_controller.rb, app/controllers/setup_controller.rb, app/controllers/votes_controller.rb, app/controllers/welcome_controller.rb]","[app/controllers/add_member_proposals_controller.rb, app/controllers/application_controller.rb, app/controllers/associations_controller.rb, app/controllers/change_member_class_proposals_controller.rb, app/controllers/comments_controller.rb, app/controllers/companies_controller.rb, app/controllers/constitution_proposal_bundles_controller.rb, app/controllers/constitutions_controller.rb, app/controllers/directors_controller.rb, app/controllers/eject_member_proposals_controller.rb, app/controllers/found_association_proposals_controller.rb, app/controllers/founding_members_controller.rb, app/controllers/invitations_controller.rb, app/controllers/meetings_controller.rb, app/controllers/member_sessions_controller.rb, app/controllers/members_controller.rb, app/controllers/one_click_controller.rb, app/controllers/password_resets_controller.rb, app/controllers/proposals_controller.rb, app/controllers/setup_controller.rb, app/controllers/votes_controller.rb, app/controllers/welcome_controller.rb]","1.0"
"oneclickorgs","31","1.0","1.0","22","22","0","0","22","[app/controllers/add_member_proposals_controller.rb, app/controllers/application_controller.rb, app/controllers/associations_controller.rb, app/controllers/change_member_class_proposals_controller.rb, app/controllers/comments_controller.rb, app/controllers/companies_controller.rb, app/controllers/constitution_proposal_bundles_controller.rb, app/controllers/constitutions_controller.rb, app/controllers/directors_controller.rb, app/controllers/eject_member_proposals_controller.rb, app/controllers/found_association_proposals_controller.rb, app/controllers/founding_members_controller.rb, app/controllers/invitations_controller.rb, app/controllers/meetings_controller.rb, app/controllers/member_sessions_controller.rb, app/controllers/members_controller.rb, app/controllers/one_click_controller.rb, app/controllers/password_resets_controller.rb, app/controllers/proposals_controller.rb, app/controllers/setup_controller.rb, app/controllers/votes_controller.rb, app/controllers/welcome_controller.rb]","[app/controllers/add_member_proposals_controller.rb, app/controllers/application_controller.rb, app/controllers/associations_controller.rb, app/controllers/change_member_class_proposals_controller.rb, app/controllers/comments_controller.rb, app/controllers/companies_controller.rb, app/controllers/constitution_proposal_bundles_controller.rb, app/controllers/constitutions_controller.rb, app/controllers/directors_controller.rb, app/controllers/eject_member_proposals_controller.rb, app/controllers/found_association_proposals_controller.rb, app/controllers/founding_members_controller.rb, app/controllers/invitations_controller.rb, app/controllers/meetings_controller.rb, app/controllers/member_sessions_controller.rb, app/controllers/members_controller.rb, app/controllers/one_click_controller.rb, app/controllers/password_resets_controller.rb, app/controllers/proposals_controller.rb, app/controllers/setup_controller.rb, app/controllers/votes_controller.rb, app/controllers/welcome_controller.rb]","1.0"
"oneclickorgs","64","1.0","1.0","22","22","0","0","22","[app/controllers/add_member_proposals_controller.rb, app/controllers/application_controller.rb, app/controllers/associations_controller.rb, app/controllers/change_member_class_proposals_controller.rb, app/controllers/comments_controller.rb, app/controllers/companies_controller.rb, app/controllers/constitution_proposal_bundles_controller.rb, app/controllers/constitutions_controller.rb, app/controllers/directors_controller.rb, app/controllers/eject_member_proposals_controller.rb, app/controllers/found_association_proposals_controller.rb, app/controllers/founding_members_controller.rb, app/controllers/invitations_controller.rb, app/controllers/meetings_controller.rb, app/controllers/member_sessions_controller.rb, app/controllers/members_controller.rb, app/controllers/one_click_controller.rb, app/controllers/password_resets_controller.rb, app/controllers/proposals_controller.rb, app/controllers/setup_controller.rb, app/controllers/votes_controller.rb, app/controllers/welcome_controller.rb]","[app/controllers/add_member_proposals_controller.rb, app/controllers/application_controller.rb, app/controllers/associations_controller.rb, app/controllers/change_member_class_proposals_controller.rb, app/controllers/comments_controller.rb, app/controllers/companies_controller.rb, app/controllers/constitution_proposal_bundles_controller.rb, app/controllers/constitutions_controller.rb, app/controllers/directors_controller.rb, app/controllers/eject_member_proposals_controller.rb, app/controllers/found_association_proposals_controller.rb, app/controllers/founding_members_controller.rb, app/controllers/invitations_controller.rb, app/controllers/meetings_controller.rb, app/controllers/member_sessions_controller.rb, app/controllers/members_controller.rb, app/controllers/one_click_controller.rb, app/controllers/password_resets_controller.rb, app/controllers/proposals_controller.rb, app/controllers/setup_controller.rb, app/controllers/votes_controller.rb, app/controllers/welcome_controller.rb]","1.0"
"oneclickorgs","67","1.0","1.0","22","22","0","0","22","[app/controllers/add_member_proposals_controller.rb, app/controllers/application_controller.rb, app/controllers/associations_controller.rb, app/controllers/change_member_class_proposals_controller.rb, app/controllers/comments_controller.rb, app/controllers/companies_controller.rb, app/controllers/constitution_proposal_bundles_controller.rb, app/controllers/constitutions_controller.rb, app/controllers/directors_controller.rb, app/controllers/eject_member_proposals_controller.rb, app/controllers/found_association_proposals_controller.rb, app/controllers/founding_members_controller.rb, app/controllers/invitations_controller.rb, app/controllers/meetings_controller.rb, app/controllers/member_sessions_controller.rb, app/controllers/members_controller.rb, app/controllers/one_click_controller.rb, app/controllers/password_resets_controller.rb, app/controllers/proposals_controller.rb, app/controllers/setup_controller.rb, app/controllers/votes_controller.rb, app/controllers/welcome_controller.rb]","[app/controllers/add_member_proposals_controller.rb, app/controllers/application_controller.rb, app/controllers/associations_controller.rb, app/controllers/change_member_class_proposals_controller.rb, app/controllers/comments_controller.rb, app/controllers/companies_controller.rb, app/controllers/constitution_proposal_bundles_controller.rb, app/controllers/constitutions_controller.rb, app/controllers/directors_controller.rb, app/controllers/eject_member_proposals_controller.rb, app/controllers/found_association_proposals_controller.rb, app/controllers/founding_members_controller.rb, app/controllers/invitations_controller.rb, app/controllers/meetings_controller.rb, app/controllers/member_sessions_controller.rb, app/controllers/members_controller.rb, app/controllers/one_click_controller.rb, app/controllers/password_resets_controller.rb, app/controllers/proposals_controller.rb, app/controllers/setup_controller.rb, app/controllers/votes_controller.rb, app/controllers/welcome_controller.rb]","1.0"
"oneclickorgs","92","0.8571428571","0.2448979592","14","49","2","37","12","[app/controllers/application_controller.rb, app/controllers/change_member_class_proposals_controller.rb, app/controllers/comments_controller.rb, app/controllers/constitution_proposal_bundles_controller.rb, app/controllers/constitutions_controller.rb, app/controllers/directors_controller.rb, app/controllers/found_association_proposals_controller.rb, app/controllers/invitations_controller.rb, app/controllers/meetings_controller.rb, app/controllers/members_controller.rb, app/controllers/one_click_controller.rb, app/controllers/proposals_controller.rb, app/controllers/setup_controller.rb, app/controllers/votes_controller.rb]","[app/controllers/admin/coops_controller.rb, app/controllers/admin_controller.rb, app/controllers/administrator_sessions_controller.rb, app/controllers/annual_general_meetings_controller.rb, app/controllers/application_controller.rb, app/controllers/ballots_controller.rb, app/controllers/board_meetings_controller.rb, app/controllers/board_resolutions_controller.rb, app/controllers/boards_controller.rb, app/controllers/change_board_composition_resolutions_controller.rb, app/controllers/change_common_ownership_resolutions_controller.rb, app/controllers/change_meeting_notice_period_resolutions_controller.rb, app/controllers/change_membership_criteria_resolutions_controller.rb, app/controllers/change_name_resolutions_controller.rb, app/controllers/change_objectives_resolutions_controller.rb, app/controllers/change_quorum_resolutions_controller.rb, app/controllers/change_registered_office_address_resolutions_controller.rb, app/controllers/change_single_shareholding_resolutions_controller.rb, app/controllers/comments_controller.rb, app/controllers/constitution_proposal_bundles_controller.rb, app/controllers/constitutions_controller.rb, app/controllers/coops_controller.rb, app/controllers/decisions_controller.rb, app/controllers/directors_controller.rb, app/controllers/directorships_controller.rb, app/controllers/founder_members_controller.rb, app/controllers/general_meetings_controller.rb, app/controllers/generic_resolutions_controller.rb, app/controllers/invitations_controller.rb, app/controllers/meetings_controller.rb, app/controllers/members_controller.rb, app/controllers/membership_application_forms_controller.rb, app/controllers/minutes_controller.rb, app/controllers/officerships_controller.rb, app/controllers/offices_controller.rb, app/controllers/one_click_controller.rb, app/controllers/organisations_controller.rb, app/controllers/proposals_controller.rb, app/controllers/registration_forms_controller.rb, app/controllers/resolution_proposals_controller.rb, app/controllers/resolutions_controller.rb, app/controllers/setup_controller.rb, app/controllers/share_applications_controller.rb, app/controllers/share_transactions_controller.rb, app/controllers/share_withdrawals_controller.rb, app/controllers/shares_controller.rb, app/controllers/system_controller.rb, app/controllers/tasks_controller.rb, app/controllers/votes_controller.rb]","0.28571428573111113"
"oneclickorgs","111","1.0","0.2352941176","12","51","0","39","12","[app/controllers/application_controller.rb, app/controllers/comments_controller.rb, app/controllers/constitution_proposal_bundles_controller.rb, app/controllers/constitutions_controller.rb, app/controllers/directors_controller.rb, app/controllers/invitations_controller.rb, app/controllers/meetings_controller.rb, app/controllers/members_controller.rb, app/controllers/one_click_controller.rb, app/controllers/proposals_controller.rb, app/controllers/setup_controller.rb, app/controllers/votes_controller.rb]","[app/controllers/admin/coops_controller.rb, app/controllers/admin_controller.rb, app/controllers/administrator_sessions_controller.rb, app/controllers/annual_general_meetings_controller.rb, app/controllers/application_controller.rb, app/controllers/ballots_controller.rb, app/controllers/board_meetings_controller.rb, app/controllers/board_resolutions_controller.rb, app/controllers/boards_controller.rb, app/controllers/change_board_composition_resolutions_controller.rb, app/controllers/change_common_ownership_resolutions_controller.rb, app/controllers/change_meeting_notice_period_resolutions_controller.rb, app/controllers/change_member_class_proposals_controller.rb, app/controllers/change_membership_criteria_resolutions_controller.rb, app/controllers/change_name_resolutions_controller.rb, app/controllers/change_objectives_resolutions_controller.rb, app/controllers/change_quorum_resolutions_controller.rb, app/controllers/change_registered_office_address_resolutions_controller.rb, app/controllers/change_single_shareholding_resolutions_controller.rb, app/controllers/comments_controller.rb, app/controllers/constitution_proposal_bundles_controller.rb, app/controllers/constitutions_controller.rb, app/controllers/coops_controller.rb, app/controllers/decisions_controller.rb, app/controllers/directors_controller.rb, app/controllers/directorships_controller.rb, app/controllers/found_association_proposals_controller.rb, app/controllers/founder_members_controller.rb, app/controllers/general_meetings_controller.rb, app/controllers/generic_resolutions_controller.rb, app/controllers/invitations_controller.rb, app/controllers/meetings_controller.rb, app/controllers/members_controller.rb, app/controllers/membership_application_forms_controller.rb, app/controllers/minutes_controller.rb, app/controllers/officerships_controller.rb, app/controllers/offices_controller.rb, app/controllers/one_click_controller.rb, app/controllers/organisations_controller.rb, app/controllers/proposals_controller.rb, app/controllers/registration_forms_controller.rb, app/controllers/resolution_proposals_controller.rb, app/controllers/resolutions_controller.rb, app/controllers/setup_controller.rb, app/controllers/share_applications_controller.rb, app/controllers/share_transactions_controller.rb, app/controllers/share_withdrawals_controller.rb, app/controllers/shares_controller.rb, app/controllers/system_controller.rb, app/controllers/tasks_controller.rb, app/controllers/votes_controller.rb]","0.27777777772530865"
"oneclickorgs","115","1.0","0.2352941176","12","51","0","39","12","[app/controllers/application_controller.rb, app/controllers/comments_controller.rb, app/controllers/constitution_proposal_bundles_controller.rb, app/controllers/constitutions_controller.rb, app/controllers/directors_controller.rb, app/controllers/invitations_controller.rb, app/controllers/meetings_controller.rb, app/controllers/members_controller.rb, app/controllers/one_click_controller.rb, app/controllers/proposals_controller.rb, app/controllers/setup_controller.rb, app/controllers/votes_controller.rb]","[app/controllers/admin/coops_controller.rb, app/controllers/admin_controller.rb, app/controllers/administrator_sessions_controller.rb, app/controllers/annual_general_meetings_controller.rb, app/controllers/application_controller.rb, app/controllers/ballots_controller.rb, app/controllers/board_meetings_controller.rb, app/controllers/board_resolutions_controller.rb, app/controllers/boards_controller.rb, app/controllers/change_board_composition_resolutions_controller.rb, app/controllers/change_common_ownership_resolutions_controller.rb, app/controllers/change_meeting_notice_period_resolutions_controller.rb, app/controllers/change_member_class_proposals_controller.rb, app/controllers/change_membership_criteria_resolutions_controller.rb, app/controllers/change_name_resolutions_controller.rb, app/controllers/change_objectives_resolutions_controller.rb, app/controllers/change_quorum_resolutions_controller.rb, app/controllers/change_registered_office_address_resolutions_controller.rb, app/controllers/change_single_shareholding_resolutions_controller.rb, app/controllers/comments_controller.rb, app/controllers/constitution_proposal_bundles_controller.rb, app/controllers/constitutions_controller.rb, app/controllers/coops_controller.rb, app/controllers/decisions_controller.rb, app/controllers/directors_controller.rb, app/controllers/directorships_controller.rb, app/controllers/found_association_proposals_controller.rb, app/controllers/founder_members_controller.rb, app/controllers/general_meetings_controller.rb, app/controllers/generic_resolutions_controller.rb, app/controllers/invitations_controller.rb, app/controllers/meetings_controller.rb, app/controllers/members_controller.rb, app/controllers/membership_application_forms_controller.rb, app/controllers/minutes_controller.rb, app/controllers/officerships_controller.rb, app/controllers/offices_controller.rb, app/controllers/one_click_controller.rb, app/controllers/organisations_controller.rb, app/controllers/proposals_controller.rb, app/controllers/registration_forms_controller.rb, app/controllers/resolution_proposals_controller.rb, app/controllers/resolutions_controller.rb, app/controllers/setup_controller.rb, app/controllers/share_applications_controller.rb, app/controllers/share_transactions_controller.rb, app/controllers/share_withdrawals_controller.rb, app/controllers/shares_controller.rb, app/controllers/system_controller.rb, app/controllers/tasks_controller.rb, app/controllers/votes_controller.rb]","0.27777777772530865"
"oneclickorgs","120","0.0454545455","1.0","22","1","21","0","1","[app/controllers/add_member_proposals_controller.rb, app/controllers/application_controller.rb, app/controllers/associations_controller.rb, app/controllers/change_member_class_proposals_controller.rb, app/controllers/comments_controller.rb, app/controllers/companies_controller.rb, app/controllers/constitution_proposal_bundles_controller.rb, app/controllers/constitutions_controller.rb, app/controllers/directors_controller.rb, app/controllers/eject_member_proposals_controller.rb, app/controllers/found_association_proposals_controller.rb, app/controllers/founding_members_controller.rb, app/controllers/invitations_controller.rb, app/controllers/meetings_controller.rb, app/controllers/member_sessions_controller.rb, app/controllers/members_controller.rb, app/controllers/one_click_controller.rb, app/controllers/password_resets_controller.rb, app/controllers/proposals_controller.rb, app/controllers/setup_controller.rb, app/controllers/votes_controller.rb, app/controllers/welcome_controller.rb]","[app/controllers/members_controller.rb]","0.1923076924704142"
"otwarchive","36","0.0","0.0","0","2","0","2","0","[]","[app/controllers/api/v1/works_controller.rb, app/controllers/works_controller.rb]","0.0"
"otwarchive","44","0.0","0.0","0","4","0","4","0","[]","[app/controllers/api/v1/base_controller.rb, app/controllers/api/v1/bookmarks_controller.rb, app/controllers/api/v1/works_controller.rb, app/controllers/fandoms_controller.rb]","0.0"
"otwarchive","49","0.0","0.0","0","3","0","3","0","[]","[app/controllers/api/v1/base_controller.rb, app/controllers/api/v1/bookmarks_controller.rb, app/controllers/api/v1/works_controller.rb]","0.0"
"otwarchive","56","0.0","0.0","1","1","1","1","0","[app/controllers/api/v1/works_controller.rb]","[app/controllers/fandoms_controller.rb]","0.0"
"otwarchive","71","1.0","0.5","1","2","0","1","1","[app/controllers/admin/admin_users_controller.rb]","[app/controllers/admin/admin_invitations_controller.rb, app/controllers/admin/admin_users_controller.rb]","0.5555555555555556"
"otwarchive","73","1.0","1.0","1","1","0","0","1","[app/controllers/admin/admin_users_controller.rb]","[app/controllers/admin/admin_users_controller.rb]","1.0"
"otwarchive","74","0.0","0.0","0","1","0","1","0","[]","[app/controllers/admin/admin_invitations_controller.rb]","0.0"
"otwarchive","75","1.0","1.0","1","1","0","0","1","[app/controllers/admin/admin_users_controller.rb]","[app/controllers/admin/admin_users_controller.rb]","1.0"
"otwarchive","79","1.0","1.0","1","1","0","0","1","[app/controllers/admin/admin_users_controller.rb]","[app/controllers/admin/admin_users_controller.rb]","1.0"
"otwarchive","81","1.0","1.0","1","1","0","0","1","[app/controllers/admin/admin_users_controller.rb]","[app/controllers/admin/admin_users_controller.rb]","1.0"
"rapidftr","1","0.0","0.0","0","1","0","1","0","[]","[app/controllers/enquiries_controller.rb]","0.0"
"rapidftr","32","0.0","0.0","0","5","0","5","0","[]","[app/controllers/api/children_controller.rb, app/controllers/api/enquiries_controller.rb, app/controllers/children_controller.rb, app/controllers/enquiries_controller.rb, app/controllers/system_variables_controller.rb]","0.0"
"rapidftr","37","0.0","0.0","0","5","0","5","0","[]","[app/controllers/api/children_controller.rb, app/controllers/api/enquiries_controller.rb, app/controllers/children_controller.rb, app/controllers/enquiries_controller.rb, app/controllers/system_variables_controller.rb]","0.0"
"rapidftr","43","0.0","0.0","0","5","0","5","0","[]","[app/controllers/api/children_controller.rb, app/controllers/api/enquiries_controller.rb, app/controllers/children_controller.rb, app/controllers/enquiries_controller.rb, app/controllers/system_variables_controller.rb]","0.0"
"rapidftr","66","0.0","0.0","0","1","0","1","0","[]","[app/controllers/potential_matches_controller.rb]","0.0"
"rapidftr","70","0.0","0.0","0","5","0","5","0","[]","[app/controllers/application_controller.rb, app/controllers/media_controller.rb, app/controllers/potential_matches_controller.rb, app/controllers/system_variables_controller.rb, app/controllers/users_controller.rb]","0.0"
"rapidftr","74","1.0","0.2","1","5","0","4","1","[app/controllers/media_controller.rb]","[app/controllers/application_controller.rb, app/controllers/media_controller.rb, app/controllers/potential_matches_controller.rb, app/controllers/system_variables_controller.rb, app/controllers/users_controller.rb]","0.23809523809523808"
"rapidftr","75","0.0","0.0","0","2","0","2","0","[]","[app/controllers/system_variables_controller.rb, app/controllers/users_controller.rb]","0.0"
"rapidftr","82","0.5","0.5","2","2","1","1","1","[app/controllers/media_controller.rb, app/controllers/potential_matches_controller.rb]","[app/controllers/application_controller.rb, app/controllers/media_controller.rb]","0.5"
"rapidftr","83","0.0","0.0","0","2","0","2","0","[]","[app/controllers/media_controller.rb, app/controllers/potential_matches_controller.rb]","0.0"
"tip4commit","51","1.0","0.7142857143","5","7","0","2","5","[app/controllers/application_controller.rb, app/controllers/deposits_controller.rb, app/controllers/projects_controller.rb, app/controllers/tips_controller.rb, app/controllers/users_controller.rb]","[app/controllers/application_controller.rb, app/controllers/deposits_controller.rb, app/controllers/home_controller.rb, app/controllers/projects_controller.rb, app/controllers/tips_controller.rb, app/controllers/users/omniauth_callbacks_controller.rb, app/controllers/users_controller.rb]","0.7575757575886134"
"tip4commit","55","1.0","1.0","5","5","0","0","5","[app/controllers/application_controller.rb, app/controllers/deposits_controller.rb, app/controllers/projects_controller.rb, app/controllers/tips_controller.rb, app/controllers/users_controller.rb]","[app/controllers/application_controller.rb, app/controllers/deposits_controller.rb, app/controllers/projects_controller.rb, app/controllers/tips_controller.rb, app/controllers/users_controller.rb]","1.0"
"tip4commit","67","1.0","1.0","5","5","0","0","5","[app/controllers/application_controller.rb, app/controllers/deposits_controller.rb, app/controllers/projects_controller.rb, app/controllers/tips_controller.rb, app/controllers/users_controller.rb]","[app/controllers/application_controller.rb, app/controllers/deposits_controller.rb, app/controllers/projects_controller.rb, app/controllers/tips_controller.rb, app/controllers/users_controller.rb]","1.0"
"tip4commit","71","1.0","0.2","1","5","0","4","1","[app/controllers/projects_controller.rb]","[app/controllers/application_controller.rb, app/controllers/deposits_controller.rb, app/controllers/projects_controller.rb, app/controllers/tips_controller.rb, app/controllers/users_controller.rb]","0.23809523809523808"
"tip4commit","77","1.0","0.3333333333","1","3","0","2","1","[app/controllers/projects_controller.rb]","[app/controllers/projects_controller.rb, app/controllers/tips_controller.rb, app/controllers/users_controller.rb]","0.38461538457988165"
"tip4commit","97","0.3333333333","1.0","3","1","2","0","1","[app/controllers/projects_controller.rb, app/controllers/tips_controller.rb, app/controllers/users_controller.rb]","[app/controllers/projects_controller.rb]","0.714285714255102"
"tip4commit","118","1.0","0.5","1","2","0","1","1","[app/controllers/projects_controller.rb]","[app/controllers/application_controller.rb, app/controllers/projects_controller.rb]","0.5555555555555556"
"tracks","57","1.0","0.1111111111","1","9","0","8","1","[app/controllers/todos_controller.rb]","[app/controllers/application_controller.rb, app/controllers/contexts_controller.rb, app/controllers/integrations_controller.rb, app/controllers/notes_controller.rb, app/controllers/projects_controller.rb, app/controllers/recurring_todos_controller.rb, app/controllers/stats_controller.rb, app/controllers/todos/todo_create_params_helper.rb, app/controllers/todos_controller.rb]","0.13513513512198688"
"tracks","124","0.1111111111","1.0","9","1","8","0","1","[app/controllers/application_controller.rb, app/controllers/contexts_controller.rb, app/controllers/integrations_controller.rb, app/controllers/notes_controller.rb, app/controllers/projects_controller.rb, app/controllers/recurring_todos_controller.rb, app/controllers/stats_controller.rb, app/controllers/todos/todo_create_params_helper.rb, app/controllers/todos_controller.rb]","[app/controllers/todos_controller.rb]","0.3846153845887574"
"websiteone","38","0.0","0.0","1","1","1","1","0","[app/controllers/charges_controller.rb]","[app/controllers/subscriptions_controller.rb]","0.0"
"websiteone","44","1.0","1.0","1","1","0","0","1","[app/controllers/charges_controller.rb]","[app/controllers/charges_controller.rb]","1.0"
"websiteone","52","1.0","1.0","1","1","0","0","1","[app/controllers/charges_controller.rb]","[app/controllers/charges_controller.rb]","1.0"
"websiteone","68","0.0","0.0","0","3","0","3","0","[]","[app/controllers/charges_controller.rb, app/controllers/event_instances_controller.rb, app/controllers/events_controller.rb]","0.0"
"websiteone","70","0.0","0.0","0","2","0","2","0","[]","[app/controllers/charges_controller.rb, app/controllers/static_pages_controller.rb]","0.0"
"websiteone","74","0.0","0.0","0","1","0","1","0","[]","[app/controllers/charges_controller.rb]","0.0"
"websiteone","80","0.0","0.0","1","3","1","3","0","[app/controllers/charges_controller.rb]","[app/controllers/event_instances_controller.rb, app/controllers/static_pages_controller.rb, app/controllers/users_controller.rb]","0.0"
"websiteone","90","1.0","0.5","1","2","0","1","1","[app/controllers/charges_controller.rb]","[app/controllers/charges_controller.rb, app/controllers/users_controller.rb]","0.5555555555555556"
"websiteone","100","0.0","0.0","0","3","0","3","0","[]","[app/controllers/authentications_controller.rb, app/controllers/charges_controller.rb, app/controllers/static_pages_controller.rb]","0.0"
"websiteone","102","0.0","0.0","0","1","0","1","0","[]","[app/controllers/charges_controller.rb]","0.0"
"whitehall","499","0.0","0.0","5","2","5","2","0","[app/controllers/admin/document_collection_groups_controller.rb, app/controllers/corporate_information_pages_controller.rb, app/controllers/world_location_news_controller.rb, app/controllers/world_locations_controller.rb, app/controllers/worldwide_organisations_controller.rb]","[app/controllers/admin/editions_controller.rb, app/controllers/admin/needs_controller.rb]","0.0"
"whitehall","569","0.0","0.0","2","6","2","6","0","[app/controllers/admin/edition_tags_controller.rb, app/controllers/application_controller.rb]","[app/controllers/admin/document_collection_groups_controller.rb, app/controllers/consultations_controller.rb, app/controllers/corporate_information_pages_controller.rb, app/controllers/world_location_news_controller.rb, app/controllers/world_locations_controller.rb, app/controllers/worldwide_organisations_controller.rb]","0.0"
"whitehall","571","1.0","0.05","4","80","0","76","4","[app/controllers/admin/document_collection_groups_controller.rb, app/controllers/corporate_information_pages_controller.rb, app/controllers/world_locations_controller.rb, app/controllers/worldwide_organisations_controller.rb]","[app/controllers/admin/about_pages_controller.rb, app/controllers/admin/access_and_opening_times_controller.rb, app/controllers/admin/attachments_controller.rb, app/controllers/admin/base_controller.rb, app/controllers/admin/bulk_uploads_controller.rb, app/controllers/admin/cabinet_ministers_controller.rb, app/controllers/admin/classification_featurings_controller.rb, app/controllers/admin/classifications_controller.rb, app/controllers/admin/consultations_controller.rb, app/controllers/admin/contacts_controller.rb, app/controllers/admin/corporate_information_pages_controller.rb, app/controllers/admin/document_collection_group_memberships_controller.rb, app/controllers/admin/document_collection_groups_controller.rb, app/controllers/admin/document_sources_controller.rb, app/controllers/admin/edition_tags_controller.rb, app/controllers/admin/edition_unpublishing_controller.rb, app/controllers/admin/edition_workflow_controller.rb, app/controllers/admin/editions_controller.rb, app/controllers/admin/editorial_remarks_controller.rb, app/controllers/admin/fact_check_requests_controller.rb, app/controllers/admin/fatality_notices_controller.rb, app/controllers/admin/feature_lists_controller.rb, app/controllers/admin/featured_policies_controller.rb, app/controllers/admin/features_controller.rb, app/controllers/admin/financial_reports_controller.rb, app/controllers/admin/find_in_admin_bookmarklet_controller.rb, app/controllers/admin/get_involved_controller.rb, app/controllers/admin/governments_controller.rb, app/controllers/admin/historical_accounts_controller.rb, app/controllers/admin/home_page_list_controller.rb, app/controllers/admin/links_reports_controller.rb, app/controllers/admin/offsite_links_controller.rb, app/controllers/admin/operational_fields_controller.rb, app/controllers/admin/organisations_controller.rb, app/controllers/admin/people_controller.rb, app/controllers/admin/policy_groups_controller.rb, app/controllers/admin/preview_controller.rb, app/controllers/admin/promotional_feature_items_controller.rb, app/controllers/admin/promotional_features_controller.rb, app/controllers/admin/publications_controller.rb, app/controllers/admin/responses_controller.rb, app/controllers/admin/role_appointments_controller.rb, app/controllers/admin/roles_controller.rb, app/controllers/admin/sitewide_settings_controller.rb, app/controllers/admin/social_media_accounts_controller.rb, app/controllers/admin/speeches_controller.rb, app/controllers/admin/statistics_announcement_date_changes_controller.rb, app/controllers/admin/statistics_announcement_tags_controller.rb, app/controllers/admin/statistics_announcement_unpublishings_controller.rb, app/controllers/admin/statistics_announcements_controller.rb, app/controllers/admin/take_part_pages_controller.rb, app/controllers/admin/topical_events_controller.rb, app/controllers/admin/users_controller.rb, app/controllers/admin/world_locations_controller.rb, app/controllers/admin/worldwide_offices_controller.rb, app/controllers/admin/worldwide_organisations_controller.rb, app/controllers/api/governments_controller.rb, app/controllers/api/organisations_controller.rb, app/controllers/api/world_locations_controller.rb, app/controllers/api/worldwide_organisations_controller.rb, app/controllers/application_controller.rb, app/controllers/attachments_controller.rb, app/controllers/consultations_controller.rb, app/controllers/corporate_information_pages_controller.rb, app/controllers/documents_controller.rb, app/controllers/historic_appointments_controller.rb, app/controllers/histories_controller.rb, app/controllers/html_attachments_controller.rb, app/controllers/latest_controller.rb, app/controllers/organisations_controller.rb, app/controllers/past_foreign_secretaries_controller.rb, app/controllers/public_facing_controller.rb, app/controllers/public_uploads_controller.rb, app/controllers/publications_controller.rb, app/controllers/statistics_controller.rb, app/controllers/world_location_news_articles_controller.rb, app/controllers/world_location_news_controller.rb, app/controllers/world_locations_controller.rb, app/controllers/worldwide_offices_controller.rb, app/controllers/worldwide_organisations_controller.rb]","0.0617283950617284"
"whitehall","589","1.0","0.0506329114","4","79","0","75","4","[app/controllers/admin/document_collection_groups_controller.rb, app/controllers/corporate_information_pages_controller.rb, app/controllers/world_locations_controller.rb, app/controllers/worldwide_organisations_controller.rb]","[app/controllers/admin/about_pages_controller.rb, app/controllers/admin/access_and_opening_times_controller.rb, app/controllers/admin/attachments_controller.rb, app/controllers/admin/base_controller.rb, app/controllers/admin/bulk_uploads_controller.rb, app/controllers/admin/cabinet_ministers_controller.rb, app/controllers/admin/classification_featurings_controller.rb, app/controllers/admin/classifications_controller.rb, app/controllers/admin/consultations_controller.rb, app/controllers/admin/contacts_controller.rb, app/controllers/admin/corporate_information_pages_controller.rb, app/controllers/admin/document_collection_group_memberships_controller.rb, app/controllers/admin/document_collection_groups_controller.rb, app/controllers/admin/document_sources_controller.rb, app/controllers/admin/edition_tags_controller.rb, app/controllers/admin/edition_unpublishing_controller.rb, app/controllers/admin/edition_workflow_controller.rb, app/controllers/admin/editions_controller.rb, app/controllers/admin/editorial_remarks_controller.rb, app/controllers/admin/fact_check_requests_controller.rb, app/controllers/admin/fatality_notices_controller.rb, app/controllers/admin/feature_lists_controller.rb, app/controllers/admin/featured_policies_controller.rb, app/controllers/admin/features_controller.rb, app/controllers/admin/financial_reports_controller.rb, app/controllers/admin/find_in_admin_bookmarklet_controller.rb, app/controllers/admin/get_involved_controller.rb, app/controllers/admin/governments_controller.rb, app/controllers/admin/historical_accounts_controller.rb, app/controllers/admin/home_page_list_controller.rb, app/controllers/admin/links_reports_controller.rb, app/controllers/admin/offsite_links_controller.rb, app/controllers/admin/operational_fields_controller.rb, app/controllers/admin/organisations_controller.rb, app/controllers/admin/people_controller.rb, app/controllers/admin/policy_groups_controller.rb, app/controllers/admin/preview_controller.rb, app/controllers/admin/promotional_feature_items_controller.rb, app/controllers/admin/promotional_features_controller.rb, app/controllers/admin/publications_controller.rb, app/controllers/admin/responses_controller.rb, app/controllers/admin/role_appointments_controller.rb, app/controllers/admin/roles_controller.rb, app/controllers/admin/sitewide_settings_controller.rb, app/controllers/admin/social_media_accounts_controller.rb, app/controllers/admin/speeches_controller.rb, app/controllers/admin/statistics_announcement_date_changes_controller.rb, app/controllers/admin/statistics_announcement_tags_controller.rb, app/controllers/admin/statistics_announcement_unpublishings_controller.rb, app/controllers/admin/statistics_announcements_controller.rb, app/controllers/admin/take_part_pages_controller.rb, app/controllers/admin/topical_events_controller.rb, app/controllers/admin/users_controller.rb, app/controllers/admin/world_locations_controller.rb, app/controllers/admin/worldwide_offices_controller.rb, app/controllers/admin/worldwide_organisations_controller.rb, app/controllers/api/governments_controller.rb, app/controllers/api/organisations_controller.rb, app/controllers/api/world_locations_controller.rb, app/controllers/api/worldwide_organisations_controller.rb, app/controllers/application_controller.rb, app/controllers/attachments_controller.rb, app/controllers/corporate_information_pages_controller.rb, app/controllers/documents_controller.rb, app/controllers/historic_appointments_controller.rb, app/controllers/histories_controller.rb, app/controllers/html_attachments_controller.rb, app/controllers/latest_controller.rb, app/controllers/organisations_controller.rb, app/controllers/past_foreign_secretaries_controller.rb, app/controllers/public_facing_controller.rb, app/controllers/public_uploads_controller.rb, app/controllers/publications_controller.rb, app/controllers/statistics_controller.rb, app/controllers/world_location_news_articles_controller.rb, app/controllers/world_location_news_controller.rb, app/controllers/world_locations_controller.rb, app/controllers/worldwide_offices_controller.rb, app/controllers/worldwide_organisations_controller.rb]","0.06250000000925782"
"whitehall","687","0.8","0.0547945205","5","73","1","69","4","[app/controllers/admin/document_collection_groups_controller.rb, app/controllers/corporate_information_pages_controller.rb, app/controllers/world_location_news_controller.rb, app/controllers/world_locations_controller.rb, app/controllers/worldwide_organisations_controller.rb]","[app/controllers/admin/about_pages_controller.rb, app/controllers/admin/access_and_opening_times_controller.rb, app/controllers/admin/attachments_controller.rb, app/controllers/admin/base_controller.rb, app/controllers/admin/bulk_uploads_controller.rb, app/controllers/admin/cabinet_ministers_controller.rb, app/controllers/admin/classification_featurings_controller.rb, app/controllers/admin/classifications_controller.rb, app/controllers/admin/consultations_controller.rb, app/controllers/admin/contacts_controller.rb, app/controllers/admin/corporate_information_pages_controller.rb, app/controllers/admin/document_collection_group_memberships_controller.rb, app/controllers/admin/document_collection_groups_controller.rb, app/controllers/admin/document_sources_controller.rb, app/controllers/admin/edition_tags_controller.rb, app/controllers/admin/edition_unpublishing_controller.rb, app/controllers/admin/edition_workflow_controller.rb, app/controllers/admin/editions_controller.rb, app/controllers/admin/editorial_remarks_controller.rb, app/controllers/admin/fact_check_requests_controller.rb, app/controllers/admin/fatality_notices_controller.rb, app/controllers/admin/feature_lists_controller.rb, app/controllers/admin/featured_policies_controller.rb, app/controllers/admin/features_controller.rb, app/controllers/admin/financial_reports_controller.rb, app/controllers/admin/get_involved_controller.rb, app/controllers/admin/governments_controller.rb, app/controllers/admin/historical_accounts_controller.rb, app/controllers/admin/home_page_list_controller.rb, app/controllers/admin/links_reports_controller.rb, app/controllers/admin/offsite_links_controller.rb, app/controllers/admin/operational_fields_controller.rb, app/controllers/admin/organisations_controller.rb, app/controllers/admin/people_controller.rb, app/controllers/admin/policy_groups_controller.rb, app/controllers/admin/preview_controller.rb, app/controllers/admin/promotional_feature_items_controller.rb, app/controllers/admin/promotional_features_controller.rb, app/controllers/admin/publications_controller.rb, app/controllers/admin/responses_controller.rb, app/controllers/admin/role_appointments_controller.rb, app/controllers/admin/roles_controller.rb, app/controllers/admin/sitewide_settings_controller.rb, app/controllers/admin/social_media_accounts_controller.rb, app/controllers/admin/speeches_controller.rb, app/controllers/admin/statistics_announcement_date_changes_controller.rb, app/controllers/admin/statistics_announcement_unpublishings_controller.rb, app/controllers/admin/statistics_announcements_controller.rb, app/controllers/admin/take_part_pages_controller.rb, app/controllers/admin/topical_events_controller.rb, app/controllers/admin/users_controller.rb, app/controllers/admin/world_locations_controller.rb, app/controllers/admin/worldwide_offices_controller.rb, app/controllers/admin/worldwide_organisations_controller.rb, app/controllers/api/governments_controller.rb, app/controllers/api/organisations_controller.rb, app/controllers/api/world_locations_controller.rb, app/controllers/api/worldwide_organisations_controller.rb, app/controllers/application_controller.rb, app/controllers/attachments_controller.rb, app/controllers/corporate_information_pages_controller.rb, app/controllers/documents_controller.rb, app/controllers/historic_appointments_controller.rb, app/controllers/html_attachments_controller.rb, app/controllers/latest_controller.rb, app/controllers/organisations_controller.rb, app/controllers/public_facing_controller.rb, app/controllers/publications_controller.rb, app/controllers/statistics_controller.rb, app/controllers/world_location_news_articles_controller.rb, app/controllers/world_locations_controller.rb, app/controllers/worldwide_offices_controller.rb, app/controllers/worldwide_organisations_controller.rb]","0.06734006728213673"
"whitehall","793","0.0","0.0","5","3","5","3","0","[app/controllers/admin/document_collection_groups_controller.rb, app/controllers/corporate_information_pages_controller.rb, app/controllers/world_location_news_controller.rb, app/controllers/world_locations_controller.rb, app/controllers/worldwide_organisations_controller.rb]","[app/controllers/admin/edition_tags_controller.rb, app/controllers/application_controller.rb, app/controllers/consultations_controller.rb]","0.0"
"whitehall","1053","0.2","0.25","5","4","4","3","1","[app/controllers/admin/document_collection_groups_controller.rb, app/controllers/corporate_information_pages_controller.rb, app/controllers/world_location_news_controller.rb, app/controllers/world_locations_controller.rb, app/controllers/worldwide_organisations_controller.rb]","[app/controllers/case_studies_controller.rb, app/controllers/policy_groups_controller.rb, app/controllers/statistical_data_sets_controller.rb, app/controllers/worldwide_organisations_controller.rb]","0.23809523809523808"
"whitehall","1367","0.0","0.0","5","2","5","2","0","[app/controllers/admin/document_collection_groups_controller.rb, app/controllers/corporate_information_pages_controller.rb, app/controllers/world_location_news_controller.rb, app/controllers/world_locations_controller.rb, app/controllers/worldwide_organisations_controller.rb]","[app/controllers/admin/editions_controller.rb, app/controllers/policy_groups_controller.rb]","0.0"
"whitehall","1561","0.0","0.0","5","3","5","3","0","[app/controllers/admin/document_collection_groups_controller.rb, app/controllers/corporate_information_pages_controller.rb, app/controllers/world_location_news_controller.rb, app/controllers/world_locations_controller.rb, app/controllers/worldwide_organisations_controller.rb]","[app/controllers/admin/editions_controller.rb, app/controllers/application_controller.rb, app/controllers/attachments_controller.rb]","0.0"
"whitehall","1671","0.0","0.0","5","2","5","2","0","[app/controllers/admin/document_collection_groups_controller.rb, app/controllers/corporate_information_pages_controller.rb, app/controllers/world_location_news_controller.rb, app/controllers/world_locations_controller.rb, app/controllers/worldwide_organisations_controller.rb]","[app/controllers/admin/featured_policies_controller.rb, app/controllers/organisations_controller.rb]","0.0"