"https://github.com/Arachni/arachni-ui-web.git"
"MERGE","LEFT","RIGHT","BASE","LEFT_COMMITS","RIGHT_COMMITS"
"89d2d1f3880637326c8812e283bef101dc2997c8","5989d63f598f402c18950efbfb897685a0edbad5","ea90a456ceccf17ea77497c95dc28a22bff9387d","fbc930f8b1e1b7530f12874570f0cd7ce51c8cef","[5989d63f598f402c18950efbfb897685a0edbad5]","[ea90a456ceccf17ea77497c95dc28a22bff9387d]"
"e1c2068885433aa02d2a3c16d9268b27fbcb7fb8","8f49230fd079ba3fbb7717858668cfe0345fe3ad","11a1535ca03ec204b1a142b630ef418caa8defb2","5b5c3e304a40e4993f8614759415e66f9bf47458","[81df422f8e77b76ebc70f51dfddd2d9ca8cdcf37, 8f49230fd079ba3fbb7717858668cfe0345fe3ad]","[11a1535ca03ec204b1a142b630ef418caa8defb2]"
"5b5c3e304a40e4993f8614759415e66f9bf47458","bd9ba9ed8423f64f3189479417c54bc8c57f9765","f7c44c5c1d072f4cee9db8bb1cbb4626d484a4c0","373b0c11bb6f5c2250f4dd43dc31890fda104ef7","[bd9ba9ed8423f64f3189479417c54bc8c57f9765]","[b1b7947985e12ad6abd3c78d8bcc335c1a40cd10, f7c44c5c1d072f4cee9db8bb1cbb4626d484a4c0]"
"9402d58b42d8c413fb86a45ae76d2d600c547458","293880644264e168216d6db0c1d5e184134d2556","960adaa7780f370b5fe49d1c416626eb7d339b31","9a72246f68381051d8c6a1e67d77d889add2e2e1","[449f04dd80707c222c61fb7b28035589d6624a6f, b1fbceae72f3edd4483a72724ed7ecf7c3d57bff, 293880644264e168216d6db0c1d5e184134d2556]","[cd43ef7fe332e2e1cb2e5a98d910a2b54b8c3ec5, 98e7e15af8d5cb3e3b0ebdf62bdd74895f56f09a, ddfda032526670d6172ecc68bf6e58a853a7ee9d, 769ab83051e33060d0c53d03be38fff634c1441f, 369ec48bc3663c35a91d03cef647d6cacbfc739b, 960adaa7780f370b5fe49d1c416626eb7d339b31]"
"9a72246f68381051d8c6a1e67d77d889add2e2e1","d47400141daf7eb8597579ff3bf6d8dc610eada5","b2f650a1c0af61d826886486ae88a108f2f1bf95","b1ba205bad27c3fb604f38d016328567d0fab38c","[d47400141daf7eb8597579ff3bf6d8dc610eada5]","[38294f326e97b4de00cc8094056959ee977a4e41, dd5d417af276d143d403f582b4f996e7d800d541, a13fdfbef2c467adaf61b6306a707f1b4864775d, a47f1cde65b015172d57ae362f1e9743b1d4e111, e3bde356940c9e80378c82470f0c4e0f40b5eba4, 447963ae3af966c11e26586e981f351ad9e2fb53, 2613eb5f0ab514f4aa7de48f2f021290141f4dc5, 9ef68dd8662b2be646748dcc72784c4f25d09d9d, faa1e14489c8fe0fdb39e4faa7cfa3be6f13e13b, f422811f464b797d3f0ac27008746c5a5dd5640f, a5f26c4e24b81a4244d25bf66f5d8545d6015bec, 63aca7537d88f24203ffb8bec871959d39a013ca, b2f650a1c0af61d826886486ae88a108f2f1bf95]"
"b1ba205bad27c3fb604f38d016328567d0fab38c","77d1df8ee8fd9bdbea586a12fa2c1655cd1d2d76","2ff29d7d705b6366bd895abc3a0e03b688806fc6","8453013941be68af63ebe47f4fc0f5214c5f1257","[3c977256d6a425ee68b8fcd8bed27cc4029a6f87, 77d1df8ee8fd9bdbea586a12fa2c1655cd1d2d76]","[e7c13eb0b27af80616610c65bbe37f9b1ca13903, e782cf52a17188d3e620b600c5629efa03d0bec0, b515e1f9bd86ff4a8bba3ff47c4504b9cadd5962, bb892a62fdd7df0263d97bc8699641c29d659d1e, 4683a830203bab1cb7c7494b51b7c7f53333b6b2, 1614b83229678598d90e7df9b73dfb702d529ba0, 249b48d4b5d4595912b58efe8366d8e1ddf1f6f5, bd77a192fef41ddd491a6d910110fc4950bfbe58, 2ff29d7d705b6366bd895abc3a0e03b688806fc6]"
"d86ef35789650ffb4c656214b1a102d277803dda","c7a4cccb4dcc1578525b0b405d4174acee60fab6","fb47c577356215dd26de103e5e02077d03045f34","ab7bdcd2f1993a064b7d15a50c647b6695a1b674","[c7a4cccb4dcc1578525b0b405d4174acee60fab6]","[1d96a55ef4dac52105fdc3d433baf7f7e945ed7b, fb47c577356215dd26de103e5e02077d03045f34]"
"73b7ee67547aa9fd6d3e1ae86c4f756fcbf55fb5","1c81e1c4a2256366ab1a0351ed79934a2c2d1226","643c571b8704e3ff730d1e8352761c229337416a","eb01a9a9b45abb38b77666a8969fd34460f5b39a","[89b037cae6e7c3f9385e7a3a591cc6b68b281384, 9dd866b308ea4209fcf88929911fe5ce65da8fcc, 85e95d01ecd592a96ecfe2d47bf3a1d9a8a8dc13, f60d836d4badbb349da04fa2ae23a4db9c595dcf, 1c81e1c4a2256366ab1a0351ed79934a2c2d1226]","[90b6dff85aab33f99d040ede0c73a9a7a56ad677, ccb6701b76fe64f124ac42fc0c6c6063650dc19c, b72e3292bd86be897407e4dd0f5d3573193038aa, d177fbdf77910ce898a8dc56b06b0cdd6682b8da, 42eaf97510c35698a5f922c4ac4023ab78fde718, dadc1b800fb95e9001986637ea32185b96353d76, 91dc2805c3fa9e75c57c9998e8117bf29e1460b6, 7527b0e0a5cf5d0c7818f79773d6fbf4ac20bb38, 44f6074a29b4a0a1fe2b561ab488da157f94ad6a, c73452b1266a79a08e0a74346afacd75b9f6038f, 91647a02a48d46a0fc2fb80512183bf1e748f3e5, f6aa1279aa0887d43e4d30909c0f82d7d1e8fae7, 0542090eb8169b92aeb5ba4d63646f739ac443a3, 9c0c214bdc12415ebb62081e2ea360456901ec8c, 1288847210f1445c31823fe868d81f4b4a629744, 4aa24aac76417b4a60eab45029d12a90c60b748d, 4b3563e6e8e70ed78ebd753d3e87781ba633f595, 82d8b31457f88a570b7cb751f2f87b72d18cc91b, 5206d3d8782954ee2d8f70c2b85fbd27dd7dc1d6, cf0f1551b676da781001f1933debd9627672b246, 54bde14106def708e38804dd96f26b3338b9e441, 9df5ff69e47c642abad24d31bc51e17d9cda7330, b6374c467a702be25f56a44d6aa089b3158e70a3, 461d1152b78db8eaa6b7653a89f5a71f1a3ee6b3, d0173170ba0b2c2d18a68ee431d417188dd5dd15, 643c571b8704e3ff730d1e8352761c229337416a]"
"eb01a9a9b45abb38b77666a8969fd34460f5b39a","f4061cdb31ae4dd916787ef47612e7edbd8dabf2","3f2720abff0efcfd21dedd14e9ee1c513548cc0e","fd4ace3d89b66b0e0c36339d3cd91969a5dddc9c","[d3a6b8e383b479bf1970eae7d8244e1c5c7a8073, f4061cdb31ae4dd916787ef47612e7edbd8dabf2]","[2434460b90150bc9e2520932b66b6e1b1cf88d4a, d439eaa4fe0a9bb4554ec49367cba92056c8d598, 6dcb27b7fcff779e4decd86a144d787c0e0e4245, 3f2720abff0efcfd21dedd14e9ee1c513548cc0e]"
"2dfc373157b2027f73e989cc196a150d5478951f","2bfdae75e08cf35d79ef46d3539a0fe1b48f1045","fc90031d6e1d3398093c14d079c0e601bf98bbd4","39f167b86a20761fe6f43ad551fe0b03192beedf","[a8e3269b326c5da5f7f3eca370bc5c4fc40a1f8b, 29d0dd72e5ad58d4ce32a231ce7b9a4a15709930, 2bfdae75e08cf35d79ef46d3539a0fe1b48f1045]","[dac41fc262a700557af473a8c21d873bb813e365, 0de9cd818dd89aef41f89cb5497ada911853b4d4, bb9b2fa3f6afe1ff84b046891f4d895bfa057a05, a876ac766a538af981e11122fe90c737688f6ade, c640dde5afe924fda4ebfa692f3db27ed0a39825, 0ca1d32bb0abbc3e76e2a1b4d986bd4813d4992c, 27875affa040c2e41dfff807040ca0482dbe66bb, 5080ddbc2ba15dd3239cb83fff8dfc50187c194b, 45b8826058032a082be887408957c7aa9ec6a973, 4d7f7d741dc84b49e25f61c56e66c89c47b443c9, 7683dd5885c1ab049c949ea6e817f8d8b49bcc21, b7e4ceb858e81b8f3790772c44100f7128f79256, c45505f4b2b1c58ebe13fd178f1cd9a3bc080efb, 6acca389ce56603d960e9960074c97eeb7da1a95, 82eea61ec04c0ca0ad5b2c20e4445db0a65fc6b7, d13e17a401f4729cf1275b21a48caeeb8ec4f4be, fa02ec2a373819f0830cecfefbf182ab5634f93d, 4d3ddd861489ea8d1cb2ad3ee46247203eab90aa, cf552ff7e67d01beec6977b6f59ad0d120f0a443, f1c7aa967924a8420491748aa1d3d3ef7522013e, bdfdd8669433dda2ced665ecd81b93bc2ba123c2, e11b5cfb8de45c6329a359cf12c282364fc5078d, 4d7cbd793761af9d1e88438d2c18e44ce87e8d3d, 84ca971458ced0fe47cd26040a25053f78d62a76, 870ad7a4c8ed3b86e2c31cadf5cb2c09a3a1635c, 63f2a4f5fff09cb027d4b44d9a2e327b00ecae27, f6af717c513acbcd817bbf55befa21fd2568ce2f, ef88d88a2d823e4711daa0af4d9f05c7acb01564, 1595edfcd88d50a90b908df422640269a7d9e6e9, cc2ec4d0cbf06014902bc75bfd3a210984eca5e3, c2912aa49b7cba4b4eb5d7eefa4ad45ed17ad8fc, 4c3df3d4758114351327b39badd14538f055cf8c, e9737a4a4e4ef1086929989e3ecbec75d84e5ae1, 1eddd52279fd6266fe895966b26b37870c23472a, b68c04da73f64c90ad2d56ee83082e42b962bce6, 05ffd5ede6c9feada3e010237687ea06bdc8a8d2, d3ea1d4aecfdf971be4f2a10a133da9a2fcc9417, 11ddbf0b63480a6d82c0780a56c311a7c19c7331, da7c3c865bc5a5a75b43b3fdd03abef2320462ec, 2e73820e59786dfa61f5c6031adcd1e0f77428dc, f34b5f7ce4d642f2432bccfa6b4f784570c3d9d6, 0b734a5fd6680a080dd1ba3c9eb689b519ace84d, 98b5e16769151b34d74abbbbbe72ef7a05766743, 7e5e382a5e1fa24cb7bbaea609fd0fb432c71562, 9085cb76dd0814bf3f6e6ba3451f0b2cf9eeb608, 5febd56ee1edbff26398ef81a88b3bff4adb15e4, cf51aca915002db16d733b74b3453930fda51e1b, 0a5117e41f6e8aed8115fe772de048aa6499c974, 98f601b1bb8965a631f3019ac7323b8a44eb08b9, 50e2935b12e23b44c3bac38d9e62c95e2a9810c6, 77d83106cae95b128e81f98ef0103a9c96746233, c86cc40140507a09bf25c57b1e6a3913780c5341, 5f28e60696feac3a946573ec338ad68ef3055bce, 26e3ff597f40c5f8598fad23554bdd14cb8e351f, dd66c39948c9f8539868414ca6224d6fdbd1652c, 940d8ecb790704d8c83c48d1d9b73d09948ad514, fc179b8b95c52f6d18fd9d874be1c1e876c26ec8, 159153c6e3da6f957d7fc64c5b38b8b51a91a18c, e3b9e9ef8e811fe200486424aa8f1f1c69258517, d9d16b29811870329a741c15982b00c6f71e348b, 1b4409a47b3ac9682a992d2be475f985b85807fb, 583e1b065632b18b2cbd1df0f51a4c951bd5307a, 047ba0f0fc5155da122262400b7aba09479e1f5b, 0fce7709027df2b5ca009ca269eea61714c6315f, f3294458dd06dc52b10592dfa0e2b81b1b92d09e, 46175db820a57c0a864c23a189e707a296c57d07, b8658c585a432523e2d47a9cd3e74d44366319a7, 7879f7421b2e74c7ca062ca865a547735ca5866c, b3c268860bd4406ee686c150c6bd9b25fdb257f6, f7f76b7f8bff9a011d9c6787fbd1539d22798b7a, 4b8c323f28cb050a8db429f38bb9276ee317320f, f52bd7e2112317645af3fba85cb338a2c17ddb85, eb2426add39afe8775b04e46a87ea17700ed7086, 17484de39526d557c0a7449f1e1c5aedb70352fb, bd91337e031f36549286d4b54ff1ca795db391be, 66c810eea759f45052c9f93759c3fdfdbf89de93, 693712ae12e9f5cb3aac16824d0600100ad1f4d4, b40769a0cce26d92aa688296b1301956900052ea, 733238661096854cdb46e91c8d9bf00f49d535f4, c7e89b365f211d417386dff8aaed519fd53dac74, 071a009a9c5324427a893fd8e1b46ae631731134, e6705d8dd8854dfeffed0bc198b9a72159f3cb88, 3af11a390aa037cd41565ec204e7c5a2da30235e, 88d0116e14f75d8b6ed35015b1449a67fdc29cde, 4ff663ed374ad54c98a8630339c1673f4421b297, 1b63aad664b1c41c011f2b0c54fc0ed84fcac5d9, 0616c9df1aaf46b3f7c2589c6fe3458696fe13ec, 7fef20945f1ee9b6b8c76102584f091dfd62ce72, 3813f2e6d89aefcc25f6281661785639942d09c2, 9a16a630ca491e922bc96c819124435b8373535d, d01ebecb7d58989bdd749e68c39921afd07b3712, 34ee74a2cf486e547c70a608be3de9d4c08ba674, a84ae23b53515fe562b273b0d935de7af71f0d7e, d8d445bd91826165b1b491a88cd2209780ebb138, fca91f2ec6b075e1e0f32ad152dedd364b23f97d, a52b19fdcc3ea5361ae46e491f4119a2de014b9a, 5c7fd5551ebc44b4171e546caa03e4658459b6ad, b6ff9f9ab8983748f490ffad43aabc0d9be275b7, 1abc119cf6d0d4c38aa5f06cb632114429f87511, eaf07780311609b34388ac9b7135f62f9703ab98, 1c2544c026bba7f43837b92b4dbdb69143169af7, 6ef6d91bd103381065ff9e3e26958fdcb1a2bf85, 076b2a16f04b07a0b9e80e010bfe8eb667b9d965, 4448ddc4f7a5c9d210c9ceecbb55227174c8ae08, 9f8c428194a0a1caef3c3d2d6cf5221f7916c894, 17c42389364c345048eca5eda53bd5056b81d00c, aa2cc05e6f243c3eaa924a6ae30a76986ae7e8be, 592b71723f0ed2129376a88a01e89a93b64eaa05, 91a8e9efffa825df4fe99d6facaecd5bea99cf13, 4c8d4c0fd86e8c69a099c850b8d26ba65ddf8f0d, 8116d00d806f86d97319ead1f2685bb3894143aa, 373fa552beef4c2091c7ac84aff95ab1539e3c94, 4c063574849d94600da2dafa7ed4616a4d2edc94, 35200edddca575d32c45bc4b5d4e8267aa687682, fa1ad04ef39c0d3ce965d2199a21a575164a9ab1, 57489e52cb0c6a07dbcfe8a404f61641a1993524, 30592f990d5ddc208e450e57071bb22aed0c8eca, 708576406e114791da019a0673a31f69bb464f71, 99d341c0c367bb09bd375a37eb077e55ad772a6e, 22644c2ef094ac49d6e94a375f99ed8d20569ebc, bc1dd949461f72c65cd2c9cc8eacae65cce72a08, 1ba38a295ea3e9346be9b8ca273be888a2de29d1, 9fa57681142a615c176f91ee423ca3ae3346b581, 6b84f81cf4f7058d2eb04616ab906e5cc8be80f4, 0e92e6427e0a4cbeac349f96a5a7be33b04229b6, 7d1605ddb968e9074dc06d92fd6286ec123ba62f, 9c903bff82110a825b767ef36cede98fde9ca1c4, b7d960809dba41797dc88fbe7f565ce3f6d6780c, 766f566252f245cca3b1a87161c853982873f906, 286f28f26c43a39ceeddecb37cf7f3c6d69a3471, 0d49c0913f452309e1ec6cfb3b6c0c02246207e0, 394b4845f8a5fd6456c571adb8a606ed87e653a3, 7e3b5d14ee9568399202de3230163190c0480a19, b314f83245f879f0cdf65fe33100d4ce763c977e, 77d2267b4e5d7b7375bc979892ddbe22299ff4ed, 13949cb7f61f77e28451aeea316d63b8285c7b64, 8b8a7d541c6cec967850ed0a28c3c236fcc6dc93, ed3cfd2a8a1c9a01dee6ac0d47a516f2680a468a, 823b4a688e22fdd9418c1f4e7f4de3df9ddb2094, 966105d81d493280a577eca8c7e4edac6c891d64, 9024934c6a4abb78f1d6e7228125f5aa0b1ae437, 73fcbdf09face978d171f4fe4a908f0253899935, b0dc9234bda511620621123a289b16e3a16847f1, 00e1e8ac9eed8b96628a6b7ef163db80948ead8e, 37ed3199a7219d5a36e676800f5b5c2615a9e44b, 4d3601767b3a8b920b9c4acff601806c96d7331b, 69d7381d82d8cefc6f3d61d59d1e9302760bdcda, 4dfab05b8548afab5a374f10e6ad563ed787007a, 8b70c56b31ea565f49792265e2df22a26f5a8e69, d8656993bb8fbe6723d26c39053e8828f12f1e15, fc90031d6e1d3398093c14d079c0e601bf98bbd4]"
"9c903bff82110a825b767ef36cede98fde9ca1c4","6ef6d91bd103381065ff9e3e26958fdcb1a2bf85","7d1605ddb968e9074dc06d92fd6286ec123ba62f","0de9cd818dd89aef41f89cb5497ada911853b4d4","[6ef6d91bd103381065ff9e3e26958fdcb1a2bf85]","[bb9b2fa3f6afe1ff84b046891f4d895bfa057a05, a876ac766a538af981e11122fe90c737688f6ade, c640dde5afe924fda4ebfa692f3db27ed0a39825, 0ca1d32bb0abbc3e76e2a1b4d986bd4813d4992c, 27875affa040c2e41dfff807040ca0482dbe66bb, 5080ddbc2ba15dd3239cb83fff8dfc50187c194b, 45b8826058032a082be887408957c7aa9ec6a973, 4d7f7d741dc84b49e25f61c56e66c89c47b443c9, 7683dd5885c1ab049c949ea6e817f8d8b49bcc21, b7e4ceb858e81b8f3790772c44100f7128f79256, c45505f4b2b1c58ebe13fd178f1cd9a3bc080efb, 6acca389ce56603d960e9960074c97eeb7da1a95, 82eea61ec04c0ca0ad5b2c20e4445db0a65fc6b7, d13e17a401f4729cf1275b21a48caeeb8ec4f4be, fa02ec2a373819f0830cecfefbf182ab5634f93d, 4d3ddd861489ea8d1cb2ad3ee46247203eab90aa, cf552ff7e67d01beec6977b6f59ad0d120f0a443, f1c7aa967924a8420491748aa1d3d3ef7522013e, bdfdd8669433dda2ced665ecd81b93bc2ba123c2, e11b5cfb8de45c6329a359cf12c282364fc5078d, 4d7cbd793761af9d1e88438d2c18e44ce87e8d3d, 84ca971458ced0fe47cd26040a25053f78d62a76, 870ad7a4c8ed3b86e2c31cadf5cb2c09a3a1635c, 63f2a4f5fff09cb027d4b44d9a2e327b00ecae27, f6af717c513acbcd817bbf55befa21fd2568ce2f, ef88d88a2d823e4711daa0af4d9f05c7acb01564, 1595edfcd88d50a90b908df422640269a7d9e6e9, cc2ec4d0cbf06014902bc75bfd3a210984eca5e3, c2912aa49b7cba4b4eb5d7eefa4ad45ed17ad8fc, 4c3df3d4758114351327b39badd14538f055cf8c, e9737a4a4e4ef1086929989e3ecbec75d84e5ae1, 1eddd52279fd6266fe895966b26b37870c23472a, b68c04da73f64c90ad2d56ee83082e42b962bce6, 05ffd5ede6c9feada3e010237687ea06bdc8a8d2, d3ea1d4aecfdf971be4f2a10a133da9a2fcc9417, 11ddbf0b63480a6d82c0780a56c311a7c19c7331, da7c3c865bc5a5a75b43b3fdd03abef2320462ec, 2e73820e59786dfa61f5c6031adcd1e0f77428dc, f34b5f7ce4d642f2432bccfa6b4f784570c3d9d6, 0b734a5fd6680a080dd1ba3c9eb689b519ace84d, 98b5e16769151b34d74abbbbbe72ef7a05766743, 7e5e382a5e1fa24cb7bbaea609fd0fb432c71562, 9085cb76dd0814bf3f6e6ba3451f0b2cf9eeb608, 5febd56ee1edbff26398ef81a88b3bff4adb15e4, cf51aca915002db16d733b74b3453930fda51e1b, 0a5117e41f6e8aed8115fe772de048aa6499c974, 98f601b1bb8965a631f3019ac7323b8a44eb08b9, 50e2935b12e23b44c3bac38d9e62c95e2a9810c6, 77d83106cae95b128e81f98ef0103a9c96746233, c86cc40140507a09bf25c57b1e6a3913780c5341, 5f28e60696feac3a946573ec338ad68ef3055bce, 26e3ff597f40c5f8598fad23554bdd14cb8e351f, dd66c39948c9f8539868414ca6224d6fdbd1652c, 940d8ecb790704d8c83c48d1d9b73d09948ad514, fc179b8b95c52f6d18fd9d874be1c1e876c26ec8, 159153c6e3da6f957d7fc64c5b38b8b51a91a18c, e3b9e9ef8e811fe200486424aa8f1f1c69258517, d9d16b29811870329a741c15982b00c6f71e348b, 1b4409a47b3ac9682a992d2be475f985b85807fb, 583e1b065632b18b2cbd1df0f51a4c951bd5307a, 047ba0f0fc5155da122262400b7aba09479e1f5b, 0fce7709027df2b5ca009ca269eea61714c6315f, f3294458dd06dc52b10592dfa0e2b81b1b92d09e, 46175db820a57c0a864c23a189e707a296c57d07, b8658c585a432523e2d47a9cd3e74d44366319a7, 7879f7421b2e74c7ca062ca865a547735ca5866c, b3c268860bd4406ee686c150c6bd9b25fdb257f6, f7f76b7f8bff9a011d9c6787fbd1539d22798b7a, 4b8c323f28cb050a8db429f38bb9276ee317320f, f52bd7e2112317645af3fba85cb338a2c17ddb85, eb2426add39afe8775b04e46a87ea17700ed7086, 17484de39526d557c0a7449f1e1c5aedb70352fb, bd91337e031f36549286d4b54ff1ca795db391be, 66c810eea759f45052c9f93759c3fdfdbf89de93, 693712ae12e9f5cb3aac16824d0600100ad1f4d4, b40769a0cce26d92aa688296b1301956900052ea, 733238661096854cdb46e91c8d9bf00f49d535f4, c7e89b365f211d417386dff8aaed519fd53dac74, 071a009a9c5324427a893fd8e1b46ae631731134, e6705d8dd8854dfeffed0bc198b9a72159f3cb88, 3af11a390aa037cd41565ec204e7c5a2da30235e, 88d0116e14f75d8b6ed35015b1449a67fdc29cde, 4ff663ed374ad54c98a8630339c1673f4421b297, 1b63aad664b1c41c011f2b0c54fc0ed84fcac5d9, 0616c9df1aaf46b3f7c2589c6fe3458696fe13ec, 7fef20945f1ee9b6b8c76102584f091dfd62ce72, 3813f2e6d89aefcc25f6281661785639942d09c2, 9a16a630ca491e922bc96c819124435b8373535d, d01ebecb7d58989bdd749e68c39921afd07b3712, 34ee74a2cf486e547c70a608be3de9d4c08ba674, a84ae23b53515fe562b273b0d935de7af71f0d7e, d8d445bd91826165b1b491a88cd2209780ebb138, fca91f2ec6b075e1e0f32ad152dedd364b23f97d, a52b19fdcc3ea5361ae46e491f4119a2de014b9a, 5c7fd5551ebc44b4171e546caa03e4658459b6ad, b6ff9f9ab8983748f490ffad43aabc0d9be275b7, 1abc119cf6d0d4c38aa5f06cb632114429f87511, eaf07780311609b34388ac9b7135f62f9703ab98, 1c2544c026bba7f43837b92b4dbdb69143169af7, 076b2a16f04b07a0b9e80e010bfe8eb667b9d965, 4448ddc4f7a5c9d210c9ceecbb55227174c8ae08, 9f8c428194a0a1caef3c3d2d6cf5221f7916c894, 17c42389364c345048eca5eda53bd5056b81d00c, aa2cc05e6f243c3eaa924a6ae30a76986ae7e8be, 592b71723f0ed2129376a88a01e89a93b64eaa05, 91a8e9efffa825df4fe99d6facaecd5bea99cf13, 4c8d4c0fd86e8c69a099c850b8d26ba65ddf8f0d, 8116d00d806f86d97319ead1f2685bb3894143aa, 373fa552beef4c2091c7ac84aff95ab1539e3c94, 4c063574849d94600da2dafa7ed4616a4d2edc94, 35200edddca575d32c45bc4b5d4e8267aa687682, fa1ad04ef39c0d3ce965d2199a21a575164a9ab1, 57489e52cb0c6a07dbcfe8a404f61641a1993524, 30592f990d5ddc208e450e57071bb22aed0c8eca, 708576406e114791da019a0673a31f69bb464f71, 99d341c0c367bb09bd375a37eb077e55ad772a6e, 22644c2ef094ac49d6e94a375f99ed8d20569ebc, bc1dd949461f72c65cd2c9cc8eacae65cce72a08, 1ba38a295ea3e9346be9b8ca273be888a2de29d1, 9fa57681142a615c176f91ee423ca3ae3346b581, 6b84f81cf4f7058d2eb04616ab906e5cc8be80f4, 0e92e6427e0a4cbeac349f96a5a7be33b04229b6, 7d1605ddb968e9074dc06d92fd6286ec123ba62f]"
"50a101a9979bd1f8203cd8fe13f5e1ef6a079454","336522d35f8afbdca521df697b564163f0cc7f01","0d4967289f2506ca867bb4fbba6bcc8d184f26c9","d9d32df3c7579bf53a8393880ad4fa694546e738","[34737c18a318e8d299e51dc7ab0e034d05192978, 2c1be9a5c53a65b2358bdc6c8650b29994f98431, 5dab2db917345d54be7d60fd901ba543fe1dabb9, 331a9573328ac1f944c1d8a7c32ad290a77ba92d, 4b9ee5e46baaa4372e5298da4044ff5356bd12bd, 84233eefdfb4555b391349c18451ff9b3c45e7b8, ea74b7f3888590527ce0f4bf15184f1f0dd377db, 336522d35f8afbdca521df697b564163f0cc7f01]","[fd424e031c7821ca5c8dc6dd4926074be4b45aac, 4395da6b049b10e0851be554b8d1b7e50e1e987a, 62150479d3455f33e65f896384833bffca8f2e23, 55463a950bce727a0e13e8116657b8ab9428004d, 0a4cf8d7e7b459937033d5381acee8d475553f5e, 7ff2534657e6288379f4f4bdf92c83cfe382475a, 1c0a8d3d45b49fff528b0b74124441154b9cb8ea, e53cfd316be750b5a6283850358e866fb9526060, 0d4967289f2506ca867bb4fbba6bcc8d184f26c9]"
"7ff2534657e6288379f4f4bdf92c83cfe382475a","4395da6b049b10e0851be554b8d1b7e50e1e987a","0a4cf8d7e7b459937033d5381acee8d475553f5e","999afa444364cc5c213ea8275608e72b610ede55","[fd424e031c7821ca5c8dc6dd4926074be4b45aac, 4395da6b049b10e0851be554b8d1b7e50e1e987a]","[55843625c716c5cf4f0ba95737f8564fc505d9d7, e19f5d17991456abe34ab4d23479d55a5a09f4c6, d7d34e24b31e06303fde7aebedc1709ed2e99666, de343fddc2b492d0e35440dfc174d3074aaff248, 2996c07cefd40d6169afcb018171edfe11d9ed57, 768a17409064b2c07ef8674eab218f5febe1216a, 173e714428c7e5ced675dcf2d2b4239499f02696, 1ac27a7f751f778d1fd4ce2380d8cd408571ba58, 821ecdc2b6ca3be23762dd679c5c5ac5ac98733c, 76257b1df489d090c7d73356159e89311eeb9754, a488efd19f581a8466dc109d4d35d22344d20984, 081eafec5e13ade6570aa8ae3b9bc07f3a668736, c150aa57e217bd71292259c5610f9ae27b5b3dbe, 6ea5b4ec4ec759db24c9a2e109a1b7e37dd16b82, 5bd6a0aca53a249c513c15a89bf17d5863b0c235, b48167548c919d13046c5dc9b05751a813e27bf7, cffe8e071f4e704d9e8b5912a34b1219c75ca382, 68fba9fd827f647e54662db8abdc3f7f2ce7076d, ff994ad3440c7748171b5ee43333b36c9d465100, a8cb02fe30d4b9262a44a2a9ff4bb5540b6af033, 27ae27aac84635f590fcc8799f06c59ca567a4ab, 23a92bc1f8fbedac9eb35c3ef32ed8ac293dfe91, 801320e270dc353f3a290a6e8b6229afce6ea503, 85082cfe4b5dcb507b44a254cc8c4b8d417af019, abd0c8053d108df41e4b0d45e441e6bfdb2bf597, 2535b3066e559368349f7bf6bd2cb342e609e9c3, 25a2d14d1a0009a4667b0e44cf457559391fb871, 3c2cbcf3a05bdd3d58e17e550522f439a93be095, 6fb6e61f581abdf05c03003ce07529fdafa6b9a0, fee30b04cbaec3bc476277213bd1f180a80cf525, 9216ba69e62d1009f14d42a6b9ab3fed060579de, e773f7c9a32820512dc13cecba18e2f6a9242859, e7d8593aed5085507af944d0d5a20808dd9771e5, fd2f01c6a64bd851857f7071cd70a604b4dcc7f8, 004e2beee3b685fd28812f88b68cdec40e617c8f, df06702c1c589e42a9fa039c7ff0df495fb3c603, e92ef38a3e60a77c9e0b3586a47d3147ce9b5d77, dd044ec6c29b7a047ab63ab35f1dacf414793335, 29f80b5c69e4be02b43856f4cfa5da261fa9bc17, 29ce2dc794bbfb0762f5f7ceaca7079c2ab060b1, ccc869e8f76054b1995b830e5df167f278ef03aa, 3471d854efb7424bf492f5f5e4c9771b6062f19c, 0b5ed2f3114250f054e43e23e6ed04e4de8175bf, 85b2361de304c3b892d4b24faaf734e2f716fd4e, a402ec6b93638bf3b0ba443507dc0025f84a07c1, e4f5ec5a2e5b2f88b834243076086d80d82af090, 50fdf5384b59f3200e4ccead40dfbc22e92e820c, 82dfce06756e57d413313fefcacbc8332fe835c4, e148b8bcd321e80359dd6f1f2121bbfb8ed1681a, aafdd08734ac2772cf7cbf83a5c6402cf4d06f89, 4e52e3a1387a4b7b9c4e593857f6a10a447b642d, 9388677402ef2ca4d9d65bfce35fce5174bdbb95, 408d379200069abef54420e577fc325de7e87a9c, 7b26c87f94c82c33f42e50ec150233e62bf1e63e, ffb92542945915dd30ae22da6cd58ee00525facb, 99562da6aa6d81a414c612915d421b4c8ab17f39, 12a8b06b8fb3600b4b782c7284eb0547f2176a74, 1e6dcf3dd78ca8b5666b542e14fbe0ec6411bf10, e515753406335164081e5d27ff3ef85eb0e5d827, 9161afed94a250491c829753c70f0446929a1b56, dd819b9f776948061b8cce19363cd928c8cac16b, 871a236597058fda74ef86d9f072d54b839f1b38, c4cb419685f2171f431a56423870af7807550fb2, 8212985f929810c3ca206c99a6d209128ea21e8d, 10654639ac965428565de915c6e4a20399972d3d, 3340fa972ab28adb7399e9cd54735fc0b78bb609, 340924dd0deb943128c667ef19894b81ad61e098, 717307a3b051d617a4790e9b1ef143ac4c8b96d2, 475eb51049c4d9be3bea731b57a879911c301cfa, f58f1f8c3875ac5a55ce69182c32863c386c3cb0, 0814f270614e6a31901ead81d9c5311f853ded76, f57e865b49458e086a667c90b229e5900b5be3cc, 07ca7b4297fd3961c6adf43ad17d080d527d8fde, 44bfff9585fc9c0ed270df2150eb353e93632ad7, aeda51fa6c0b44112034e7ca7125afc8b79eeafb, 101e336c2e89fb5b3a05f562fb5f7d68a18d3767, 91aa3c25e71a663f579878e5836e280368c6ab27, 495978d16ac659a4cfe085c418956963a5d03e26, ab68e7212af0997be692c4413af15c64784ae704, 5e784b8dfeaf61f85fbfe161a0d9fe3985093dd1, b24079295e812bc79778293811149ef9dfc3658e, cf746191c418e1686256052d7c7576d15d7e31d4, 80acaf5ac3e6ed8af25392bc918c50efcd6626ee, 3373497b333cad96e9abe5c8c8230d26e18ae63b, 3a423194d80f6561377afea241afce0a40678b11, 6ca6e458ee57a463f61ca4459a8635f65a0de365, f63b286e41100f9d36f0c082007a0711e918dc23, 7ff7d67d6a9fd25b9c5e7aff97b3069113bcfcb1, 8f4ce889de750bc4ec6f5b6db893d149c413a8fc, 52a30fea8adcb6f96957379de9c429d4dab1a21d, 02a5468510d3f3e8b1df2410b052c66efec1e5d1, 54da55c00533e87e09dcb5290d8d22795bf8b8d3, 92583d62ef9b5b8b152b352731768fd46a201483, e0fa13ea7a560ed0fea698493746df5e91fe5d29, 4fe37f2ba97014dbb1a69a0a246a0c181d060c8b, a99e5c5dc10f790db8339e0e363c7187577a9391, 30cb5aa3d0d6111931077baaf4033b836a03d26c, 4043afad5572925d143947892b128b524b46997b, 8b63e85c3ef1cddefde3869eb0cd0e747b541da0, f17fbaeb38a4236daf6c488d69cdfd823a3aad36, 0787a277b7d75f7fb71359ce1f66eb3eee5c690c, b44a0295e6bb8abc4dfdbfbaf087dcdb0b45e094, 9ce7ed3e36ba5bed475005b03119f518307ec8e7, e5a908ee256d3c6dc65d94589f4c8a1866bba29f, f0714e30f067069c00c14ca32210a6cab981fde1, 42daf8f769cc1f1ba44eb78a30dea1b9293a0e4c, 2768f555a905aed2532721d7c6f4f683d4e331c0, 719f2ef4c440a66a97f759693b8d0943e569717a, c41b5903d44dcbc15d7419d2f2895f5a5b2c3697, d1a6be57671d2655fa1dfa472956e121f1c8f624, e02172b2234cfd2b0d70c0b1429b9eaebb640930, 32849185abf55bd75d7d21e95f19dfdc2576be3e, a7514b46dffe430be621d5adc340a519005231ee, d2e3f113d7d2e896481b53a27b5695ae06ab550a, 93297f984da919c828642652d9cc20443a07f789, 74e0bb41a0a63578761baf65ffd94221ef1ab347, 0a9a30fd519f395aafb4ba47fd1231c8ff70b1b2, 6155a4ddf8fee65d8c730897b1d401b7237befa6, 7ae5bea5f1a8decbb9b65f8fc0c78b251370317c, a4086f21631c983db4c144922f9aded8746177be, c7f022cb4fcae4df5ee4dbe27df68e4957ef4f7b, baacd6270c2220793479c818e69c9f9e245019df, 96b255464b67a5973ff4258377b0d3e6e29879d9, aab064a7f27d1aeeb73a573d9f91fa3d6c13b43c, e0b3c391d1808715a0db6e5df52aee8a992f30dc, da5d9bfacbf3b48a1ee45ec1b726dc39df1e5787, 9fa9c1ae05d183d4a2f112a95c16d3876017e843, 3f6fdbfd428f00f4d9e6c4ed0cd21d34721d09f6, b3d655f51054deb6b97506ecdd4e481274c2ab72, d38ef2b814a541d14982a65fd9da631ab2a34d31, d862adb871d1e589a6401c74a63277fd092089fd, 2e40d7dc5dad689fc502b08d08f4e244285073c8, e01701e8ca67f4e65b15af70a9a5b50519d6186e, e1088e26787b2b1922400d21427c1ba676ea8ca1, 18ecee18f745ba0799aa930e5fa08dabb722bdc4, cb35141db8ac4e51b874c649ad524f05325c06e0, 9611e47220e3f2766b19673fb054dc3a712f3ded, 1594c11a2785a0e4fc9ddee0f6fc1c905aec6725, 39554a76c412a2a8da569f2878a6ee6968502e9b, 71d8816603d1744224d3a1846ed7425576c8b9cd, b93c3ca0ca01491200c7a77dd2470a681456f385, 7e4e2f020e6bce34e499e22a11406bc437336445, ae3e495a2b6cf6f6eca123a7c1b8fe69006c66cd, ae0bdbca42a388d454dd9bd260526d992c33cea1, d9d32df3c7579bf53a8393880ad4fa694546e738, 62150479d3455f33e65f896384833bffca8f2e23, 55463a950bce727a0e13e8116657b8ab9428004d, 0a4cf8d7e7b459937033d5381acee8d475553f5e]"
"96b255464b67a5973ff4258377b0d3e6e29879d9","9ce7ed3e36ba5bed475005b03119f518307ec8e7","baacd6270c2220793479c818e69c9f9e245019df","a99e5c5dc10f790db8339e0e363c7187577a9391","[f17fbaeb38a4236daf6c488d69cdfd823a3aad36, 0787a277b7d75f7fb71359ce1f66eb3eee5c690c, 9ce7ed3e36ba5bed475005b03119f518307ec8e7]","[30cb5aa3d0d6111931077baaf4033b836a03d26c, 4043afad5572925d143947892b128b524b46997b, 8b63e85c3ef1cddefde3869eb0cd0e747b541da0, b44a0295e6bb8abc4dfdbfbaf087dcdb0b45e094, e5a908ee256d3c6dc65d94589f4c8a1866bba29f, f0714e30f067069c00c14ca32210a6cab981fde1, 42daf8f769cc1f1ba44eb78a30dea1b9293a0e4c, 2768f555a905aed2532721d7c6f4f683d4e331c0, 719f2ef4c440a66a97f759693b8d0943e569717a, c41b5903d44dcbc15d7419d2f2895f5a5b2c3697, d1a6be57671d2655fa1dfa472956e121f1c8f624, e02172b2234cfd2b0d70c0b1429b9eaebb640930, 32849185abf55bd75d7d21e95f19dfdc2576be3e, a7514b46dffe430be621d5adc340a519005231ee, d2e3f113d7d2e896481b53a27b5695ae06ab550a, 93297f984da919c828642652d9cc20443a07f789, 74e0bb41a0a63578761baf65ffd94221ef1ab347, 0a9a30fd519f395aafb4ba47fd1231c8ff70b1b2, 6155a4ddf8fee65d8c730897b1d401b7237befa6, 7ae5bea5f1a8decbb9b65f8fc0c78b251370317c, a4086f21631c983db4c144922f9aded8746177be, c7f022cb4fcae4df5ee4dbe27df68e4957ef4f7b, baacd6270c2220793479c818e69c9f9e245019df]"
"4395da6b049b10e0851be554b8d1b7e50e1e987a","fd424e031c7821ca5c8dc6dd4926074be4b45aac","999afa444364cc5c213ea8275608e72b610ede55","8a93e630ebd606b23092e2a1613928fc7c6a24ff","[fd424e031c7821ca5c8dc6dd4926074be4b45aac]","[da0b285433c0d39d9276939ae4a58bd755298d6d, b333bc14f17d8324709a3037210b2ed2254e2208, 830f1f1337fba79186eea1790ea460f5734c1aaf, 2d489280587583776191559882f3d29ebe709fce, ef53c87a4b95f56cfc6005332d3bd0175b202ae6, a984d4077cc0996b515bdf25eda974541a455474, 999afa444364cc5c213ea8275608e72b610ede55]"
"8a93e630ebd606b23092e2a1613928fc7c6a24ff","4a19261ac9526432a4d0a971e7e2b5b86085c269","5f17a944f45a9f684a3ef56f2aacdfeec6315dc1","09ef83a0bfe15502d3c3fbbcc5b8d5bd4561223c","[c16a73c0c42d510def03e3b66659af7c30be74ab, 567afda3cab668d917fc8ddadfc514e8496ece4c, 5be299a5f1e399f5fecc0b6b9208652b26b60e40, d089b59c1b135cfa8196d835596eee0f0d655c7a, 0702343e23f836c2027ce24d31d6e9835a388cc7, ddc7c8a5d121b8fda09e91a017a78885ed27a0f0, 4a19261ac9526432a4d0a971e7e2b5b86085c269]","[84e99ffb3e1c88751a20b97791e938dbede97771, 9384c66ad90a0e2d37c3e2e8b01bef878e002428, 2366d1c40f05e720fca59ccaf31da527ca73ae21, 5f17a944f45a9f684a3ef56f2aacdfeec6315dc1]"
"9384c66ad90a0e2d37c3e2e8b01bef878e002428","84e99ffb3e1c88751a20b97791e938dbede97771","09ef83a0bfe15502d3c3fbbcc5b8d5bd4561223c","1a1d8cb5950b8a289300126e97f248b3bbdc9bfd","[84e99ffb3e1c88751a20b97791e938dbede97771]","[cf1af957afad31a8061fb914b4c22fad1289d86b, f82089a02022f09e3471e0738fe85fd566e20d9f, b6a6c0df5bb9f044297d6df6f6fb3392ee98eb05, 15bf532331a9ec655bfb539dfb66cefc30fcee4f, 22174a6e902ae9b187d893596e60a373e1e9e971, 0f47063a0a4908ab1a309578f83eaa4e91aea2ee, 09ef83a0bfe15502d3c3fbbcc5b8d5bd4561223c]"
"81d3fd84ce9c9e5ee7fa29b195af5b9dc78bc7eb","c2df6f8654e60915d350125b413cbb44f2b83396","d74a79887f6ec6f230e23e41cb4a34c413ff5bd3","bc9169f4a4926f09fa47209974fc88da3db452a4","[c8a4da4a3b199a4b03395b249c7bb0539591f28f, 2f0170c98a2fa9bb5a07ec4607bc9ffed503578e, b051167d0a8bf26d64d8c55554bcae28fee3c377, b21e76292607cb70408dc050081fe62a49b5804f, a49b127be880328130371dd82c50e2b58fbcee1e, 501799b2c14f458c93c2981fcf485dcf54f3871a, c417557e35fc6f32c0d67cdc962dd544a19e1814, 96d77199b507df51f8e95632f133aef02ed616ef, e8e4a10d431ecdc02a69b8d1be00ccfc167703d6, 2ad267d28991bcaeb549b2daf5eb9c36ede3d950, 5cc2ae4c6fb5a2a2b597b727078f0ef6f900501d, 91269d267400db33245814ef9c316927016eb088, 16ffe5bc491815164ce307b69a43b25376cd90c2, 4eee12a5231778a409293c687a1d651bfb3c2e90, 9f07756cfd217572a2043e714cc2840e1550075c, 3213a32487f0297b574108b6f18a533c821efdb3, d4070d758f36d05aac114f7949c383505a55a3ba, 00904bae1788156696c8d958b32b8b280140d3d0, e7e20ba0575dbd3a73360198a4af63cd80d3ad7c, e6f646ce5d12103ba3e8272154632bc31415366d, 51c18f3ab52267ccb88d1c5c7485599490e68cca, 9870ef6c2651926ffadafbc25575f4eb6b4bd309, 0f49451b799a079a827490f8e64436d35aeb4485, 1a20b985567bbe1d732390954387fb14caca04eb, c0ec8877f816aa710ae281f7026b0a5c27dfd0e5, 408f70767afd2ca086806759bfe9b160ebad8d8b, 0b2ca21d06a967fdda13eb7f7b27e3acd0b43dd9, 7274369edd68dde4d7ba3df75257e43abe07e592, ac2f864536a2a3ea62c3251f4f300fe37dc818f3, fe70b3519769b369429beb51395080c788f20855, 86fea8a2e55463821954ee121df71109c28e6351, 7dd377e8134cfde7c7190d0d80d730c39d6d0da8, 43fae6f1141178fd279bd9236d7d5271895d035f, fa711bf70767fc319f08624ec3b92a7837877a3f, 97fb953b572a7944de4863af2ccabdc15ed080e0, debd5979078fb3792ca3a20beee4020f602035e8, 7efb6f80e70715b65c97b759d0dffe6457baacd4, 38a2cd1af9c54d48c50e20f6d11a287f20440ce0, a77ae5db4f2451e947c332a16cdae8f137b8f498, 516882777c4523d8e9c321e7966f3651ec00af5d, 14ccba8009bd0cc1de1a56b3c0f2876a02f63462, 0f38bb5f0d5bbf4d78251d788637d616830cfd0a, d65c7d33bd76015841b2e69cd346fcdbfb13b360, ef52c8ac7d7798928c0a4265fa980ed322b5b65e, 1d3e103df98ab3dcab4886b65fa64d1cbd324c29, f04db029dab0704d80498c044046f6a1951b5d27, 56f9d68224e49b970d755aa041efe9dbb782b6c8, 34ba05845a4bec1150e770858428718a629eb431, 755636b48ea6e79ff6ee3f671646b9e10a1d892f, 550e39187693a262e10e4e36dd03436d87ae3956, 081dc91b9c56443905fc673b42e654d4ec40e1ca, dca29d08c5622abce24b939cdaba3c129eb5397c, 507b517d0bff7c3915fae854c6ebb09f1625d939, 84424be5010983114de3970c1889732075188380, 422e8e822a7a34c972955195186364592f264425, 42ffd36014059e58168fba375c261d4f6084f0f1, 2ead7df6db6c2bca7f61203532745abd1f59524f, ed14894006850435089bb3b1d27adbcf6b38754b, 23332650d909660026e40545bd9bc225ceaa6e3e, b9995a04c04ce83cf2f96ad76b308af0046c279e, c689a8001fc08169e734218e6a139fd9926c48ec, 1b422adc7372d14aed8d597aa022654df2d5ebd5, c63f53a9fd63dd2d336749d928e0d25c95484a6f, ee47a424b90cbf1ffa48393ef597dca99fdbe0e0, 2aea50567582f97fb96155107a34e94280eda72a, c2df6f8654e60915d350125b413cbb44f2b83396]","[26f8cabd298aac667fb73245a9548ac2fdb834c3, c2765fc8f3033e85663cdba510c1c3e3395a3701, b608c82a8cbe4731e96ada50c8b35c76b57c797f, cbe14fa81f1ea82719b34c5782c0a42771fef188, 11f5fcda578b2f4ddba490c65d3b48f98a119e87, 907d501f875a989eb31758291127d6fe9016bdd9, 3b7f1367298c91361551fac04f8c611615af69cf, a52286d4d4de193f1d5bb35009597753919fb681, 082fcfd56cf365fc1b8cb0182393478ae9ce1426, d74a79887f6ec6f230e23e41cb4a34c413ff5bd3]"
"c29820351fd6ae5328ace3c090e9115d3528588a","3b35e8f27d66fe38a528ff8606da637eda5ad7fc","06082f5ed616df16bd635140b80061ef15ca4cf3","a137eba7addd2f208860c8819a4338db31562b9b","[d8cc52e58fc83924f209060d3f7da0f64b73ad2a, 54ddca4336bbad949d8fd4503ee026ff51e50c91, 47c8fbe3103ff5f14cc648d25bda7cdc65ce4a8f, 8c20140f5f0fdaf66df847a652599f4a9ea2377e, 2f232415cc9fb954f9bac29dfcb6d16966254921, 8aead25e1a42bba7b5aeac0bcc8396037502ce9d, 3774ff64388ee9a68c6bd1897d1fd4c0bcb1f8f0, 679bc4f9823d41116e530627a2970952debda886, 37e79f6d982fea1c82aec41ba4160bc07a8f3ca2, 63f82bdd7d9e6991824ae2fdc236f5caeef244b2, 202338b269ce1b3e5491ffe8dbd320a4de56a05a, c50a9a964c000df09fc6fc2416e5264a2e7e3d03, f8d063c045430b2221c10a242239670df85eb4f3, e2a31680953df4757b1f482bcd266ea63af9bfde, b50f219af3b43e58adea9e9844e6204a610c406a, abeea81c8a5bb8eb908be311d9a5626a1e820950, 53f21255c196da5986620fa26e95dcf9592158dc, 72ce45ea5c51a1ae775662c41d549c38c9630333, ef2db17284be10316f6b8bc3c55c64693c6d7bc1, a3d9d7831797fb9bcc537bef60075fbb575ae182, 4c4a80936767739e0230499790679590dd4ee317, fa65a6de36ab56ca90564a857c24817cbe1333fe, e591f4f92283c133a80302c55fdb753ed268f9e3, a1f9e4f9629df0427a8107ecdf1f0aae8f3c8291, 513e53f17ec17a880d7cb5b01ecb042101870f81, b0d1ed6f4d62309755aa56fe84a45c1f2d01e0db, aea8414b4e7a43c91fc34d0156d793329f6cd491, 15a73715684d6cc68fd7875ce6a4e3ad4a4c29c4, a7e125594c22cda2e4356a436e943ff7560f54bf, d60d909a11939ddcaa7ae619efc87bf5c08aea09, 48b719a7bbe26e0ff53d2011a7ee6b7905404beb, aa3d9b50e88854d12656ea62a5833bf59d595ed8, 1e756ad9705a213f1776d46718dbb2cbc4433c9a, 656b8071d881158795fca42976318b9c213aebf5, aa73ea396404ef9f37fb1626ac1cd4186675427a, d986f5666f73b1dc1532f52f7ddd1d1317c54173, cf62e475eff4c3adeb6d6e53a931f8e246d20561, 6e1ad9369b4d8c3e72d0f5427d8cf168116e4914, 5bcd67d931e350e101a3a048f6089d012590330a, 8f9650b12d27149464364506a133383ced1cb667, 922755143403c41a666331862ab0cb6b72ee1cc9, ff357b4fb19e396d258091f102bb216fc33ab4aa, c2bf08e7cd2311350559f9aff108be86d23d61cb, 266c252c7747a1d57ab976c2c7a4f6ca3349a1ef, 1a7c0150164a780981c7ffc4425a7e1a05fb7dfa, b73768ce645fd367fff612cbb81cbaf38d5bfb0e, df95b6868dd6a9e552a3ca0bb24405791410b07e, 7df9a3700f12876b79288b717faf3e00e7b35e85, 4df7b093cf3bdd33e9a8a91bdfde3bdaed68186b, 7340d5a2eaf6e8ef18884ac622b6271ea623304c, d10cab8c15616dd4de27236cd6315bf0c26eef04, 166099c1547848089027daf3e1c5e70a71fc644f, ca249a9e68950c240ed721bfdd63d94021163e84, 4b62493fcdde15549fa0919381b7eb7c3c285dc3, 50eceb01867e8bbc0150c7e98cba4998e0a081c1, cf3ac0482d0f5b1299b9b331fe1d9c14abf5162c, 85d303abb28b1e93abca96c55b98a6d8c44a450f, eaf65511749a2d2f7b0fbc8bcbd64a19ea52ba0d, 5e101817444ce4ff5461e25be3aa5155a1c7f5af, 56213fd22e611698fc45e6cd434035c7533628e8, 25f9dfbce201477268a62bd44c09fecb49ff2101, de1017862a218b616eb59bfea689ce0218f08df8, 4e18c9a36c9de086ea7e49675d236ff308f17027, 9d7dc0f951cbe0524cd06ab437afb79eba29409d, 452c3f5b738e3761bc30d0a11af38d37ac39cf7a, cff1c8e82cac6fb695dff6051ba0b8b0e3d4d7f1, 834e14742ea01d3accde67e8af261ce361f13edc, 542464ddcc4681881da2ce39c13050d16cd5ccdc, b0daf0eed0f88bc8a254d5d0744969e7fae66984, 8f0ad26357efa5953d72ff46a369764b4844a9b1, d57828a0eb5276a647a2c97d2ebfa821afc587d9, e9665201f89da4d2706f1ec59bceef50eaa9997e, df09c2046e5fe02fa46cfce16af2f336bf355460, 596052b55df10406456b1e1ad766506726aa1a58, d1140b3593d876feca7bc2ae3c49e75201f5cd0d, 42bceb6e6874f33a5ec084a0a4c3e07c0b9740b9, d0196740b59178fe90f70db61363502ecfcd210a, c51d70985ab51199ba783474bec1f1053f98b0bc, 6beec4c7ef9bfd9ea3f4d11f52c10ddbb747b245, fe147529e3e461c01149470c1547a845665686cb, 1bc52991c3d021ee27fbc316fb58cb2248d33731, d32846a30c31befd5986dcfe8d6b6358bb8a4b4e, b62868094f1ade5fcfb77c837ead5627800879bd, 658d3f4e6d0208d8f7fa7d7c4b1439eb68b81a54, 8a430f2ddf0f2c9a10d8fd549bc1f03cef0672b9, 82b05c5e3510376b94c47606c4877a0dcb55111f, 51ece39ee84f0bc040591515d374072bd9172abe, 5f175d61ac4eaa58d488112b803710f4e69e4aaf, 43e50bcd9895ab352e07dc632abe91084ec4a836, 1d05cdcb16f8da9ad2456945ace7e8f4f2e6be0d, dc5119c3c6d7dee155eefd855f0744f9271c6f30, 58d3796ef4954ce9b3eca909e31915714f0b1352, 55b6a7a315f122d4ed12401c7025402ffd2a815d, f2fc12cd5fc4dee01c99a790831458c8ca45aa54, 8b88159aa90c34699bab652fe884ed911fc1c7d9, 138927a312162508e8a9e6d1702ec4e62462bba0, 5f5628663a7e58bb523070bee36311494e18c69a, 940d1eb350041791eac3daa2c9013418b47955da, 91bc6112ae6cd0075b4585980bf948148f2ca748, 7c6dc6c9a87167e7c80d8fb00344c134d6589ebf, d8582a2f56777c106b72b114d401f6cb3dbb5f57, a00e3b7ad4246acbb94e7052528e3571df7e0d99, 68f6a1b627f10e63e191233383d6302405aace66, f3fac53cd11910c3cdac14dfc05fa60be50586fc, 7eec2a1e5f418888e8055d3f53d7b407cdccbea3, 4da6a6f6b4b8fc10650b94f8722434fe75c0cf4e, 093df61c0203d06545dd1fb837e75a493e8a9cbc, c9af0e981b445974606ac4744e9c8415f793fe29, 6daedf913132324198c939ab1d6c6fb443d699a9, 4e2f9e19743622413eb1584b3fe2029c4cb7bd95, e81c89b3328e48b025621f53bf62bd534ade72af, e44f6c17349da3bd9c6e8300800cb3ad40c015ee, 6bb15cccad1df7732b77417f513af8b29c0c5c33, 2518cc62a3c7237208bbb372347647a4f66647ea, bfcdffc4ee5978bc37fc9a5def5e8ae540a4d039, f8ee2f52f5efccd061eec396c3f9f344c9086965, aedcea83b2b604194462d0dc384652775b47e979, 02a00e73822ed1c2e80917bca9fa739d654b65da, 7f18b16810507f66a00cc166c2791eb233cee77e, a55785b54e180f921842653591d76eb10665974c, c63e16ae8eab872e1301f8f1a872620227b0ba4d, fa38a31c94102d03680546e8b5c5907416ef6211, 30040fab197db0e441136356784591389461094f, 3dbc99552fdcfe3dc3a1c537e9233cf267ad2386, ff640ae6e3f6ac190563c5ffa7542cdaadb727d4, 6f1268f2ef860f322818aaf3d42b495e964d9aaa, 68460c131032d6172bf6a2fac5c6c45b338b50b5, 01cb0e681bb74630699bcac1eb7ecb459bfc3f4c, 9825cf84555c0b70ab26f0c3aa55dc3e112e4666, 148def442ff3fae9d7b276ed672ef2367fdf25bf, e09d031648e42bba87f49fdaf79d82df0c0bde8e, 61a63a239046ebe7d52622266696df4af3ef8242, 1a9ec6f386c1acb5c23ee552db6b4eca23e196f4, 0b813e17e00eb82a9a7d66a444bfbacc8a9974c5, f31467f945ce3e43bc0c2124e2403ee3ec9a805e, f7f3093138a7dc30042d03048d95480c477e1780, f367552eb5473aedb97a1fb03ba5fcf51c7f7a68, 1d0d9d6574a5b9700de42b4bf0e7d2808d9fcf4a, fb0bc8ddda1167cb1e44015ce1c86433f904be0d, fa02341e24c14fda78a6c6d6b20506cce01368d3, 6a8a7e796c58c1f91a240cd2751b69a7a539cfad, d9f2c1b29f223aab440ad05fa5e698f2836abf67, 0874843f4614ad1dc54850a27b640a07ca5f20a4, 1d85e65a2a9b2133460f6d04314797039eaf0b47, f23935b8beafa2be46553dd64c79705f239031f8, c174e96f58865443cd16e6c317da865cfc326939, 6f5b9623a17c948ffcd831560e2209c6af1f58b1, 3370937cf85e3971a47c80538531e14970b1741b, 8a3a23c596f11e504482e66defd049257e4546b3, 110a03fbad89c3c1ee050c1d90d83892af1b8b83, 7b609f45d4b77e87eaca9f68fc70ac89804cb906, 5554c6bbc5c66b90a8b36a6f7cd3b9f27f09f0a2, 2b72092277e23f460ea166af4a2615db5df5e140, 07696487adeb9ecc016614c49f4718186aa4bc17, 2c99be9cb448ba59101a3c1cbc745a2f9e453daf, d1ecd7cb52f98311a029383beabd7f119a6f8f29, 3b35e8f27d66fe38a528ff8606da637eda5ad7fc]","[06082f5ed616df16bd635140b80061ef15ca4cf3]"
