"https://github.com/bountysource/core.git"
"MERGE","LEFT","RIGHT","BASE","LEFT_COMMITS","RIGHT_COMMITS"
"a3aebae3e4f7a09358bf933b7b47b6095f6cdd32","a413828ccb69afe4e6dd93ca23aef0bca3870601","55969e068843131f5aa6966b4d53ab2a63321ba0","c347c5685777ca2b24de0e661e3ed59d3325fcba","[0fd06d9fb279b1fd2daba28accd94b8e73bf5ded, a413828ccb69afe4e6dd93ca23aef0bca3870601]","[9996b265f9bc5a92363958026c1b6009c99c1eed, e24dbe0063fba96155f1dd093efde10bd237f687, 49bbed6e8b6beb42097d818fa741f043f8283264, b92c751493f09f48671c63a82370547efbbb5410, 6543119e23304a6f0954463bffac1225f5a650b1, 15d632a95d21036b22f698e24890eb54bb18fe13, 733cab03a81aecddc7158f94a85111523c974ec8, 55969e068843131f5aa6966b4d53ab2a63321ba0]"
"c347c5685777ca2b24de0e661e3ed59d3325fcba","fc8fdc5286a2e974c00beafd2e9e68573e89111d","abc1961637f35f3d79f437f2a505f80adc34ea9f","88186275b50f06a8650b5633cee49fc35aa82a0e","[737f51e18a2fed2f0b04b2a2c266e48b103aaeef, c9b25720cb966a06d3ccfca0eec1eca29fa3b5ce, 3d14e8653d7301d1366cdfbb151615a0b319168f, fc8fdc5286a2e974c00beafd2e9e68573e89111d]","[abc1961637f35f3d79f437f2a505f80adc34ea9f]"
"fc8fdc5286a2e974c00beafd2e9e68573e89111d","88186275b50f06a8650b5633cee49fc35aa82a0e","3d14e8653d7301d1366cdfbb151615a0b319168f","6a882c8347b91841e548722d33556c452e922f0a","[41544d1be346e98589f961e14b1b73aa491eff22, 88186275b50f06a8650b5633cee49fc35aa82a0e]","[737f51e18a2fed2f0b04b2a2c266e48b103aaeef, c9b25720cb966a06d3ccfca0eec1eca29fa3b5ce, 3d14e8653d7301d1366cdfbb151615a0b319168f]"
"88186275b50f06a8650b5633cee49fc35aa82a0e","6a882c8347b91841e548722d33556c452e922f0a","41544d1be346e98589f961e14b1b73aa491eff22","66be7cbed66a1b6ad4ea00e9051b468055a9f8b1","[6a882c8347b91841e548722d33556c452e922f0a]","[41544d1be346e98589f961e14b1b73aa491eff22]"
"ce5dc7479526a2c1e4442a79124d37ab6bf36f87","6241d7d30366a4d4173325ad72c4c00422fab92b","0f8cda001879324ccb0032e35e610b129c30fbb3","0c53bc4485e51c565ccaed122d90b9ab5afd0926","[6241d7d30366a4d4173325ad72c4c00422fab92b]","[0f8cda001879324ccb0032e35e610b129c30fbb3]"
