"https://github.com/daqing/rabel.git"
"MERGE","LEFT","RIGHT","BASE","LEFT_COMMITS","RIGHT_COMMITS"
"200fbfbb1061d4b7f6ddd363c671c2ff3ce6797d","7ae9a2247888df7a93e69c812544dc380256859c","a192ab52723decaa1171f97d5ae95dcbccfdf3b0","b70f6dd52ae5e8d9e170cc8373ce0ebe6c4f4405","[7ae9a2247888df7a93e69c812544dc380256859c]","[d6fba483c708a55a739a1714faae206e34f8ca8a, a192ab52723decaa1171f97d5ae95dcbccfdf3b0]"
"8ed4abf0ffbdb7022a3aad48b5422cf43f14c829","f84de0e77d365b1a6ac9aa5e02cd08f16fbddc91","a6e2a71cfeca9a46e3c1a0e8c70fc237c2925112","ba77418dcaf5dbdbddea212216bc56ef4a02c2e2","[968685bc9177f80d1bd2524864346682a7e63f11, fef98d7f4ce0b5d093ce9f955b4c6ff40dbc4635, 27024f09b694a171c6bfa7ee4fa943c4531bbe9b, e15bd6b2daf88b3aab6a3b8162c5353c23966c3d, f84de0e77d365b1a6ac9aa5e02cd08f16fbddc91]","[a6e2a71cfeca9a46e3c1a0e8c70fc237c2925112]"
"f84de0e77d365b1a6ac9aa5e02cd08f16fbddc91","e15bd6b2daf88b3aab6a3b8162c5353c23966c3d","fef98d7f4ce0b5d093ce9f955b4c6ff40dbc4635","3cc2d8e899746bb08432c198ce92ad43f9d79478","[968685bc9177f80d1bd2524864346682a7e63f11, 27024f09b694a171c6bfa7ee4fa943c4531bbe9b, e15bd6b2daf88b3aab6a3b8162c5353c23966c3d]","[e6f82395cf7b20d954b93bbfa5bb22edefec6686, 30f85a9ebc44c1b17f55bda4c7e246c4c473a739, f56871a445bc30d11d20727dde7e9b8eef4a153b, ba77418dcaf5dbdbddea212216bc56ef4a02c2e2, fef98d7f4ce0b5d093ce9f955b4c6ff40dbc4635]"
"e15bd6b2daf88b3aab6a3b8162c5353c23966c3d","27024f09b694a171c6bfa7ee4fa943c4531bbe9b","968685bc9177f80d1bd2524864346682a7e63f11","ea47eff3c39cbc781abbd523ca340ea1733270a7","[27024f09b694a171c6bfa7ee4fa943c4531bbe9b]","[813e6f803a76abfc607095ca894e737df031df31, 32ef048acce43cf86ac3adb66699af9a5432dde8, 3cc2d8e899746bb08432c198ce92ad43f9d79478, 968685bc9177f80d1bd2524864346682a7e63f11]"
"95458bc8f262e1a5b7c8f54d5f924dab90f67ea6","732535d8f7de2853c3c8ff123e5002bf4f375ac5","7eb0dfb7cf9391e5ab8ef892e82ee9d13602fb21","dc26c87f536269dd49caa68cfa755939185e8447","[4e42c09bf6161a58691934ed61bc95f3950afefe, 732535d8f7de2853c3c8ff123e5002bf4f375ac5]","[d8be8a87e46db921e7c290163a025084512f6151, 373f954de94d79e9c428397aad90e6cebce8a8eb, abdf40bf294b1e55ecc487e2e7845bb02bc877b3, f5a54edb969e71aa71b2450ea910c8985433d7ba, 51c14763295d5deac12f0bbb745b9934d12c9d49, 1cdc7551105248e2e5e8864674fd97fb111a31c2, e285094d0c824a535c7ef4c8d481fe8567a1475a, 4e55d620687c963ad5aa3027f2b52a36b0742091, 9646139874538672ff724a3fbf48cf1a85785820, a79d22bdd76a27aa5a0cd743ab7d45bf8e072f91, 438bb8cdbc7558fd3222f44207ec14efb4bade21, f1aecff429d61cce8cdafca37274f47cb13fc031, 0eb3a24859351aba65dc129004ae925f2de4ba9f, 961b9486e5be79b4dd6638ebc34176d9dd591b14, 304c192c6c477942f27d25bc14e48cdafe3ba171, 148ebf2ceac67709bc0193c2b6428e427a377b6c, 8d6b82ec6d719d2380aba3e213c482379ba01e7b, 678da54d60ec3765e781722dbf69a659290a0a22, 955f112034a82c4cbed823ddba666a996be6a038, 3c24078512eafa88c656b1227519fa1ba6f50a0b, 6b81efcdad7dd9fc9f9930c711827227d4fa3324, f2513cb2cdde2274df02f7630d02f1a2fd35fc71, 7ed4b07cbe144f02441cb35a0cd88db1a1718634, 6958340e6d38c3c11f5a0cfc1f40f79bd9d19d0d, 086c76a94ea69277500faaf11ce80b94bd56539c, 7920e06fa2f3cafb5526b6ad5c3fd8f91cd25932, a1d16e02406f64b1b2014f82f3d374f3fdbfe73b, 7eb0dfb7cf9391e5ab8ef892e82ee9d13602fb21]"
"732535d8f7de2853c3c8ff123e5002bf4f375ac5","dc26c87f536269dd49caa68cfa755939185e8447","4e42c09bf6161a58691934ed61bc95f3950afefe","6a3d523041561781dee791ca0b1bdb643f8e0b62","[76d3c85d78f5a1c4675757de8a608234f5fcd46c, 037d1a04eecc247509aad9a51ab4192f9ac7340d, e784fce7ea6bc042ea81de6bc46378adce3ff5c9, 9e21caacea144674f1cd42aa3eba468e433fa4c0, 56c9713e0c45559dfc6227497ccd37ea50e52588, 1681061dad5283d80b929740da5d246258ae89a4, 1260317943b42a8cb401337d7e667d22e78a37f6, dc26c87f536269dd49caa68cfa755939185e8447]","[4e42c09bf6161a58691934ed61bc95f3950afefe]"
"6958340e6d38c3c11f5a0cfc1f40f79bd9d19d0d","f2513cb2cdde2274df02f7630d02f1a2fd35fc71","7ed4b07cbe144f02441cb35a0cd88db1a1718634","3c24078512eafa88c656b1227519fa1ba6f50a0b","[f2513cb2cdde2274df02f7630d02f1a2fd35fc71]","[6b81efcdad7dd9fc9f9930c711827227d4fa3324, 7ed4b07cbe144f02441cb35a0cd88db1a1718634]"
"14a3d80a03d685960e2dc454cf93714926a53e97","007f417bcaed9888e94a63d90963960112f88eaa","8edfb717be95e8c786a8977009ed2dbbc6c605dc","26e90a51a3b80434b9bf0177e952b447747689fc","[4688aa4a3df8828e3a460fe969deef9e358f4914, 007f417bcaed9888e94a63d90963960112f88eaa]","[4a4668d881d436a9055f4c7ff9102bf614ef2787, 26b6fe63f319f01dd0e14e8092c79731b45322e3, 354ac3a44c70fccffc7a069106623be2ab66036b, 6f774c9e428574d42449672f13153bd6917166f2, 83794ef707148410c531c1409e13fca036783f7f, 20700005ab2c588cafa21566efb461ab7a2b99e0, 8b718d853bd3f7054b3f57c31ef9b48f2412aa28, 0ae0b6de6f556ff3c82236c735f93200018629e0, 6057c0d75007a8f58dff062400b718ac8ff71623, 406f6d7fe8ab8675e8eaea05deaaee77808dce58, 8edfb717be95e8c786a8977009ed2dbbc6c605dc]"
"6057c0d75007a8f58dff062400b718ac8ff71623","0ae0b6de6f556ff3c82236c735f93200018629e0","26e90a51a3b80434b9bf0177e952b447747689fc","e671447b279fe00a2e1d809f83ab8c66a552a8f0","[4a4668d881d436a9055f4c7ff9102bf614ef2787, 26b6fe63f319f01dd0e14e8092c79731b45322e3, 354ac3a44c70fccffc7a069106623be2ab66036b, 6f774c9e428574d42449672f13153bd6917166f2, 83794ef707148410c531c1409e13fca036783f7f, 20700005ab2c588cafa21566efb461ab7a2b99e0, 8b718d853bd3f7054b3f57c31ef9b48f2412aa28, 0ae0b6de6f556ff3c82236c735f93200018629e0]","[afdb9310c8a1af76a8feadd94ee143c9f955f39b, 14d085e9f4374e6ab4e389ca3f389929c28c12d0, 26e90a51a3b80434b9bf0177e952b447747689fc]"
"6f774c9e428574d42449672f13153bd6917166f2","26b6fe63f319f01dd0e14e8092c79731b45322e3","354ac3a44c70fccffc7a069106623be2ab66036b","e671447b279fe00a2e1d809f83ab8c66a552a8f0","[26b6fe63f319f01dd0e14e8092c79731b45322e3]","[4a4668d881d436a9055f4c7ff9102bf614ef2787, 354ac3a44c70fccffc7a069106623be2ab66036b]"
"eba7d9e1d3f74409114912a6a1d077b5c3c3d60b","c42f31b6440fd93b1b171c4f3a8db7a6d763d571","3b0e1ab885870b4a5500dcbc035bdb5ae44d9464","e7f96729b1576db804c535695c32ffeaf7fc232c","[c57d9e78d0d17d4989ba2d231807447f6de81b06, 477c2fc42a7b8b4fcbc8ad0f8edb74867394ad6d, d7bf2c0769fc2b9a644bf8068f700ad79084495c, c42f31b6440fd93b1b171c4f3a8db7a6d763d571]","[3b0e1ab885870b4a5500dcbc035bdb5ae44d9464]"
"7a49c9a0af1219c79f54c8cd5099dd3d31a78b22","c30b234ffb0316332bd20d4737ba618eb6b6d2c2","f0b57e76f867694b713ace454717eae453634ede","e7020b4e0e90e0a3ebe95481460fe1771e87ba27","[c30b234ffb0316332bd20d4737ba618eb6b6d2c2]","[8ca56c3209709c443e6ce985822e106cc5777e6b, f0b57e76f867694b713ace454717eae453634ede]"
"a09f3e6fdef5a483e3a277f9cdab1b54d9012f06","1ccc59bbb8a51fffa85a9703baa093b00718733b","f4ac57f00c1b9b2626a37fcaaf89cc8289d9068e","51a7a63c0a43f585e4eb640ca64cb832d6c58424","[066949b28f36c11a4001fe5d19cc24d24eaa6531, 1ccc59bbb8a51fffa85a9703baa093b00718733b]","[8328a8824f848f14727bdcda0a3c659087538a69, 6446c63924a1997ced66d731ac100b6106d9c674, 7de15d6763d1de1de2a1115eee1d5f08a38e6e31, 6e7f9481c25e71d31dcd8c2113e8ade4e73006dd, 1ff1435fa778918d84a3ba726d06053c307dfef8, f60eef4e368bdcc5bf14447d84ff0bdd9812629c, 9a7cf37f710f8dab726bb32e6396ce12ebf5b545, dae3ee9372342e2328ca34595780b1e268447cdc, fbc4a61c3a9fc06e6a250516525d14b0c1a16169, ee90a7f614456e172890b625f8f8b7a59938d901, c5c990e203a5a0179bb16b380a9395d81e3acff2, add32e33b6b804f5f48aab5522034303719b7a2b, 61455b2080435d091bbbd9a462e407038cea27a7, c8d8cf71b39e0df3cce367a93b0d767a8722927c, 0a181b7dbe4e254f930e79c6f9e806d4b51068d4, ce13e7b973297d2b964e24d62ddcb933d8cc578c, 3380a77e47eb82229b44c598aa32ae5ace9c623e, ab2f45c4202bb458f689071baca87e0ec9239ea6, 8dde77278bb33c9aa149861c11d49e105344c1b3, 72bad97118174b51dc5930e2eb431443933feb60, ac68710d0623b57e17b2f449534013e65907bb0f, f4ac57f00c1b9b2626a37fcaaf89cc8289d9068e]"
