"https://github.com/fourbeansoup/broth.git"
"MERGE","LEFT","RIGHT","BASE","LEFT_COMMITS","RIGHT_COMMITS"
"b5a47b2a6e25b703fefe0cb0521098a264f23fa3","3e549c0dd33b253058e0e640a3ea41a31e5184ce","22893dce6da85faf828d0f3f6d2f2dc3c2cf9f9c","a07a0c4772b7ff612a586850cbe946e7edc39f19","[3e549c0dd33b253058e0e640a3ea41a31e5184ce]","[22893dce6da85faf828d0f3f6d2f2dc3c2cf9f9c]"
"3dba6611856500bd7bd9e4be64766f52ecc7225e","869df38c68ffebddfd270feda8b1282baf90bc44","cc6181b5637701d01c88743414e745c4f3f3e452","5492c2d3f35beecc2423db574a998005a22f08ef","[869df38c68ffebddfd270feda8b1282baf90bc44]","[f287b827129786d55eb0cdf638bb6f1f611c0433, 83aafdcd62928ab8fa0459fa62f53cd3e01f6620, cc6181b5637701d01c88743414e745c4f3f3e452]"
"746ed614e828fb73fb2df986ccbe636adae4cd9e","73a4e902ddddde0ca287a331f5b644a1e3a89469","fbbf31105f2c98ede6437ae4d3a786a4535b2d4b","2fe69bc6e3d460746405bd1cafec430f682374da","[73a4e902ddddde0ca287a331f5b644a1e3a89469]","[21776fe346d4d5bbb607d801905a82910c2d6802, e46b0c334055b52858393baebf2b33cd5291cf6f, 5f5b487e3d07bde5e8a16d45b16668832caa3051, 7d80547b015663de4bce63495fbcae75e1b33237, 01e176874a1961424b055196d5cffb224dc75a4e, 8ab8a7e9597b09025ce654d15ee330c4678b058f, b632314c6f6bf9202af749fc645ae5b76188c120, fbbf31105f2c98ede6437ae4d3a786a4535b2d4b]"
