"https://github.com/moneyadviceservice/wpcc.git"
"MERGE","LEFT","RIGHT","BASE","LEFT_COMMITS","RIGHT_COMMITS"
"22773391ad5fe9f476bb0561f6a4cca6b801b11f","3f8d4ac04b7a7198f3c11ef7ed405e83448cbf8b","d70a5849de80e077d3e42daeda0e309dafa40a44","b3cd2baae0fe7186e30ab7af351f7bbdfe56ea7f","[1ad93cc9c9cdf342d86b3be1eafa8d75dbe18cc3, 3f8d4ac04b7a7198f3c11ef7ed405e83448cbf8b]","[d70a5849de80e077d3e42daeda0e309dafa40a44]"
"3f8d4ac04b7a7198f3c11ef7ed405e83448cbf8b","b3cd2baae0fe7186e30ab7af351f7bbdfe56ea7f","1ad93cc9c9cdf342d86b3be1eafa8d75dbe18cc3","da39b0092cf32e50d2b547e55329806bb62e75fa","[f31cb017cdd8516ea984a5ed235ea321b7ec0432, 02c2f767341b493beb9da408d61fe0b6a07e867a, b3cd2baae0fe7186e30ab7af351f7bbdfe56ea7f]","[1ad93cc9c9cdf342d86b3be1eafa8d75dbe18cc3]"
"b3cd2baae0fe7186e30ab7af351f7bbdfe56ea7f","da39b0092cf32e50d2b547e55329806bb62e75fa","02c2f767341b493beb9da408d61fe0b6a07e867a","740136ba8e4519d4f1da8620d3c40f8ba788bbc5","[1e93ee1173fdf8aa216e8aad6efa539ff9f43d45, da39b0092cf32e50d2b547e55329806bb62e75fa]","[f31cb017cdd8516ea984a5ed235ea321b7ec0432, 02c2f767341b493beb9da408d61fe0b6a07e867a]"
"395084fccb9e85e0ece784b9f4106ff8cc991167","0a56a02292846c80e296bd34ca6baba8f4fa02ce","a8a6154762ae5000870af662d12298f0a65e218e","c1b4e40c069ba62eef1043b078a01881501eb6aa","[6ab0775d2445ce750d8479e415d41eb927a55b60, 9ec2e67267b73c58eb1e40230b7672f94a42d63b, 63e8b724885ac50704b6688819a606f5f291ce95, 1430b67a1381c2a1deb8e67655605567866a8416, 335496677cd6a59f5cf54e70f75db91e56aaa7ca, b136949b2e03cd0aefd8947350e2a06f0d975ca8, eaa783a3477727e8fdc00b03e0c6aa437242ae74, ae620afe50a741dcdec588bd38ae06076d37491b, f285f1498a7558293b95016a3c273c32b3a7a76b, d5edce092786402ca85abb8e55d3fb481832c7a1, 2d193334307995bce98c33acf9388dc80f8a998a, 551487c2de9b60bfbe9990e69eaaeb2ad0afaa57, 45e5c15ddfbfb32e4bbe47cd154cd66c91010273, 0a56a02292846c80e296bd34ca6baba8f4fa02ce]","[a8a6154762ae5000870af662d12298f0a65e218e]"
"0a56a02292846c80e296bd34ca6baba8f4fa02ce","45e5c15ddfbfb32e4bbe47cd154cd66c91010273","eaa783a3477727e8fdc00b03e0c6aa437242ae74","335496677cd6a59f5cf54e70f75db91e56aaa7ca","[b136949b2e03cd0aefd8947350e2a06f0d975ca8, ae620afe50a741dcdec588bd38ae06076d37491b, f285f1498a7558293b95016a3c273c32b3a7a76b, d5edce092786402ca85abb8e55d3fb481832c7a1, 2d193334307995bce98c33acf9388dc80f8a998a, 551487c2de9b60bfbe9990e69eaaeb2ad0afaa57, 45e5c15ddfbfb32e4bbe47cd154cd66c91010273]","[eaa783a3477727e8fdc00b03e0c6aa437242ae74]"
"45e5c15ddfbfb32e4bbe47cd154cd66c91010273","ae620afe50a741dcdec588bd38ae06076d37491b","551487c2de9b60bfbe9990e69eaaeb2ad0afaa57","94b15630f87b731206bf62dbf112f985d418c880","[2b0458e1a8d675c5a255853d48a26cdf85ee7cce, b0b8cbf224cf04b6c3fcdca85cd5ec1af8d8ced1, 9f5e7fe54787c2efd5c22a26cba1185158f0ecb1, 66779a079b55fafd9735f6947ca769d394f04611, 7e57297758c0cc21db655f124f116505f60f92c8, ea80a34c7aa61f2aa7d79656c6007c8bc586a661, b6f73a94a996e158eb08d258e2de7bd49243dce5, c1b4e40c069ba62eef1043b078a01881501eb6aa, 6ab0775d2445ce750d8479e415d41eb927a55b60, 9ec2e67267b73c58eb1e40230b7672f94a42d63b, 63e8b724885ac50704b6688819a606f5f291ce95, 1430b67a1381c2a1deb8e67655605567866a8416, 335496677cd6a59f5cf54e70f75db91e56aaa7ca, b136949b2e03cd0aefd8947350e2a06f0d975ca8, ae620afe50a741dcdec588bd38ae06076d37491b]","[f285f1498a7558293b95016a3c273c32b3a7a76b, d5edce092786402ca85abb8e55d3fb481832c7a1, 2d193334307995bce98c33acf9388dc80f8a998a, 551487c2de9b60bfbe9990e69eaaeb2ad0afaa57]"
"335496677cd6a59f5cf54e70f75db91e56aaa7ca","1430b67a1381c2a1deb8e67655605567866a8416","63e8b724885ac50704b6688819a606f5f291ce95","c1b4e40c069ba62eef1043b078a01881501eb6aa","[6ab0775d2445ce750d8479e415d41eb927a55b60, 1430b67a1381c2a1deb8e67655605567866a8416]","[9ec2e67267b73c58eb1e40230b7672f94a42d63b, 63e8b724885ac50704b6688819a606f5f291ce95]"
"1430b67a1381c2a1deb8e67655605567866a8416","c1b4e40c069ba62eef1043b078a01881501eb6aa","6ab0775d2445ce750d8479e415d41eb927a55b60","7e57297758c0cc21db655f124f116505f60f92c8","[ea80a34c7aa61f2aa7d79656c6007c8bc586a661, b6f73a94a996e158eb08d258e2de7bd49243dce5, c1b4e40c069ba62eef1043b078a01881501eb6aa]","[6ab0775d2445ce750d8479e415d41eb927a55b60]"
"7e57297758c0cc21db655f124f116505f60f92c8","9f5e7fe54787c2efd5c22a26cba1185158f0ecb1","66779a079b55fafd9735f6947ca769d394f04611","94b15630f87b731206bf62dbf112f985d418c880","[b0b8cbf224cf04b6c3fcdca85cd5ec1af8d8ced1, 9f5e7fe54787c2efd5c22a26cba1185158f0ecb1]","[2b0458e1a8d675c5a255853d48a26cdf85ee7cce, 66779a079b55fafd9735f6947ca769d394f04611]"
"30b3ff17ee78d10ea16e0d717cc5c63254b0e6d3","e5fac7409f16611913570ad0c1aec671ecd109d5","752a10aad4f01710fa02badc193cdc32b22f8076","1b873c3242935ba8db05f5477cb7b6484eb31050","[f2f83f90a9c0bcee668e4eba722a38e59b063b8f, 8467e8539f9922ce72d5523d847b89503e4e6600, e5fac7409f16611913570ad0c1aec671ecd109d5]","[a84913cf93c311aeafde9996e38196bcf69bd003, 684949d52bdc16b707fc37fa759cca7116163831, 9b29cce608fe05a44b5ccd6a0a3cd0a13e318b92, 752a10aad4f01710fa02badc193cdc32b22f8076]"
"752a10aad4f01710fa02badc193cdc32b22f8076","9b29cce608fe05a44b5ccd6a0a3cd0a13e318b92","a84913cf93c311aeafde9996e38196bcf69bd003","1b873c3242935ba8db05f5477cb7b6484eb31050","[684949d52bdc16b707fc37fa759cca7116163831, 9b29cce608fe05a44b5ccd6a0a3cd0a13e318b92]","[a84913cf93c311aeafde9996e38196bcf69bd003]"
"1b873c3242935ba8db05f5477cb7b6484eb31050","4458cee1dedc420c65092b07acad12a16a3831fb","725c27309566326860bad3108223aae972288979","f538c15aa4655bbf82fc0dbc0297f14bdcfb28a7","[cb4255d7cbea39668ae55751a8453b589a0f893b, b64e00aca36c8a08953310f736290833553e1481, 62af3d1fe3739f4c809dc2b0b617cde34577e071, af017b61edef232f2bbe26c8c954f5371621486f, 67c096292300b167acd04c274688858c73cecfcf, 4458cee1dedc420c65092b07acad12a16a3831fb]","[725c27309566326860bad3108223aae972288979]"
"f538c15aa4655bbf82fc0dbc0297f14bdcfb28a7","9418e09898c5b87771ae177dacb363c169d60f26","4fcdf0c84652e570dd4bb998d1e2915a83e57141","748976fa0d657b019a9dcbda0467edfa2f256d4e","[f101be1c70bd330784f440998bbb9ee1ea80e9a7, 6ce99eb2e8407f02bf8327e262fa14f4cd831df3, e94837b5d83c3a65632553352c1e4c0d39a01a93, 3fcb97fac0e46f885948a59e391870bb625e266e, 75eaa3d8e6869e60727a95a96635368c964cec0a, fb793f86beb2f2ea82a8c39e24f94dd6610d81a8, 5af0b96bad3c1a4e55adfb5cd36c93dd389ac33c, c4aa51fdfe79536f6eddf5ec5f44fb387ea379c2, 4d9a13a72e3a79374995b241d30108b197daaaa5, 51e1d4d89f2236a3ae44da780ef064f84a3e01d6, 9418e09898c5b87771ae177dacb363c169d60f26]","[4fcdf0c84652e570dd4bb998d1e2915a83e57141]"
"9418e09898c5b87771ae177dacb363c169d60f26","4d9a13a72e3a79374995b241d30108b197daaaa5","51e1d4d89f2236a3ae44da780ef064f84a3e01d6","e94837b5d83c3a65632553352c1e4c0d39a01a93","[fb793f86beb2f2ea82a8c39e24f94dd6610d81a8, 5af0b96bad3c1a4e55adfb5cd36c93dd389ac33c, c4aa51fdfe79536f6eddf5ec5f44fb387ea379c2, 4d9a13a72e3a79374995b241d30108b197daaaa5]","[3fcb97fac0e46f885948a59e391870bb625e266e, 75eaa3d8e6869e60727a95a96635368c964cec0a, 51e1d4d89f2236a3ae44da780ef064f84a3e01d6]"
"e94837b5d83c3a65632553352c1e4c0d39a01a93","748976fa0d657b019a9dcbda0467edfa2f256d4e","6ce99eb2e8407f02bf8327e262fa14f4cd831df3","ad072dc4aa725a6dc22770d130681633359bfd4c","[bd282408611b517e23f448ea678b58cb202208dd, fa001ec58f835abb478530be275324ff12cf1b2e, 09bdb4267bb70590872f0e8d61d3838fa6d84298, 158be42f8cb4ea1362cb4f30d75e9e44adcc9dd3, 3d8923353e2fe828d64f7e1157623726cf217150, 748976fa0d657b019a9dcbda0467edfa2f256d4e]","[f101be1c70bd330784f440998bbb9ee1ea80e9a7, 6ce99eb2e8407f02bf8327e262fa14f4cd831df3]"
"748976fa0d657b019a9dcbda0467edfa2f256d4e","3d8923353e2fe828d64f7e1157623726cf217150","158be42f8cb4ea1362cb4f30d75e9e44adcc9dd3","ad072dc4aa725a6dc22770d130681633359bfd4c","[bd282408611b517e23f448ea678b58cb202208dd, fa001ec58f835abb478530be275324ff12cf1b2e, 3d8923353e2fe828d64f7e1157623726cf217150]","[09bdb4267bb70590872f0e8d61d3838fa6d84298, 158be42f8cb4ea1362cb4f30d75e9e44adcc9dd3]"
"3d8923353e2fe828d64f7e1157623726cf217150","ad072dc4aa725a6dc22770d130681633359bfd4c","fa001ec58f835abb478530be275324ff12cf1b2e","b2cd04109ec3ed8750e6bdaab2f22404707ec653","[6c4952d2a14815be8f73af8aa104ce68c53bb639, ad072dc4aa725a6dc22770d130681633359bfd4c]","[bd282408611b517e23f448ea678b58cb202208dd, fa001ec58f835abb478530be275324ff12cf1b2e]"
"b6449e5db29feb978ed589c22057c42498c5ecab","d2b2d237e77bdf1b1466a692e10f6c7d53326d42","80509d3e82ea471e714ca4bf773e86de30692c08","d5f23951292902ae32039315d6087b6a47cd988e","[f3dbec92a70b31d27ac3e3bcfab6862dab9c9c84, 1ceea72290e59dc44bf63f94477c227fbcc3744b, 79cc20218103b1d0f9f3ee3631d7d0f98f6ed320, 02a25afb318f9afeaacc7b8d00946ed2f0fb2c6d, 5372b82557a92dfbeee2586ba89ea60764f0f7fa, 38c20f385e5e8047c7402e5a5e3b5d85f67b035f, d2b2d237e77bdf1b1466a692e10f6c7d53326d42]","[0b3cdaa160272e23923322887a2e45452a44ccd4, 80509d3e82ea471e714ca4bf773e86de30692c08]"
"1ceea72290e59dc44bf63f94477c227fbcc3744b","d5f23951292902ae32039315d6087b6a47cd988e","f3dbec92a70b31d27ac3e3bcfab6862dab9c9c84","4f9fabcf81bc6f446d57b105b369864faadfb5d9","[fff2d1d47c0d74559744a32022b8ab6755028f08, 9639b372a2848a23becccab0079e09e01fe3a8f9, 18fdaa0396b6a0b5f1446883b61b2017b15958b7, 3bd924e960ec658da693abb18f41eaf746f264ca, 50556e1d59ed5e9c074657705932808b626d0dc4, d5f23951292902ae32039315d6087b6a47cd988e]","[f3dbec92a70b31d27ac3e3bcfab6862dab9c9c84]"
"d5f23951292902ae32039315d6087b6a47cd988e","50556e1d59ed5e9c074657705932808b626d0dc4","18fdaa0396b6a0b5f1446883b61b2017b15958b7","4f9fabcf81bc6f446d57b105b369864faadfb5d9","[fff2d1d47c0d74559744a32022b8ab6755028f08, 3bd924e960ec658da693abb18f41eaf746f264ca, 50556e1d59ed5e9c074657705932808b626d0dc4]","[9639b372a2848a23becccab0079e09e01fe3a8f9, 18fdaa0396b6a0b5f1446883b61b2017b15958b7]"
"50556e1d59ed5e9c074657705932808b626d0dc4","4f9fabcf81bc6f446d57b105b369864faadfb5d9","3bd924e960ec658da693abb18f41eaf746f264ca","a8daf5da54d8665f1add69a827bc53b3f277f64a","[6c271a1163ec3d782a136c6adf459e359c74ce70, ad884abda993532c73dee704ca5faebaa61cd2ba, 21af6ec0fbc2d61ad91b3acc40aef70498cbfb44, 0c2020590f52d31c413a1b46d37d975cea61afa2, 1d4683d5d929c2fd798c8735a08aaf0f788aed99, 4f9fabcf81bc6f446d57b105b369864faadfb5d9]","[fff2d1d47c0d74559744a32022b8ab6755028f08, 3bd924e960ec658da693abb18f41eaf746f264ca]"
"0c2020590f52d31c413a1b46d37d975cea61afa2","21af6ec0fbc2d61ad91b3acc40aef70498cbfb44","a8daf5da54d8665f1add69a827bc53b3f277f64a","d3f630b666cad6269d758477e963f7a18bd32078","[6c271a1163ec3d782a136c6adf459e359c74ce70, ad884abda993532c73dee704ca5faebaa61cd2ba, 21af6ec0fbc2d61ad91b3acc40aef70498cbfb44]","[0d89db4b0469202f91fb1b06e91cce5a34b0ee5d, 3d7f1cdb23246de6ba52b1db33ea10ae05432723, 55278bad81c1599db75544ce9175f846d30f8fc7, c38ab4e9ab566c1d9135112a23a6a5becbbc78df, 20ec290fdf53770afa325e027f74b59a551afeb3, 36df096661517759acc6d577ab33fc7851d8bc82, c39b4a89ca4ed41de307e22fc0efae3d7ceab0fe, de7bc03a7370d287c2535aa667df7dc370ad649d, 0046d09387354246757c75c3cd74d1c320f0c302, 8c6bc8a81e852ff2e42b87aa50b46d417cc88640, 5646a60c35f278ea2e97c7e56a383fee805c9f9a, a6ec4ff3dd8bcda34d344437279002a56bb28a20, 2c084d352002bebb050cfa1c55ff4f26bd1b2ae4, a94290566018c02c10cd7cac9de5b4716ba2b923, 92e85947d29f00f22e42fd964d2f98ad3c34bcd5, 3e06701e148fe58f843c5e481e785dd30f1aa069, 2f77be2cf73fafb47c3537a223ae0bf0d72626de, eb4bf4e01f3bb69af49972695281df4e7bf3446a, 8dc82b83311e48da2ed3b6f45f1cead1e1532a6c, 9d07d30f1f031c79cc6fd0fef5077ae6f1cf092e, d9e18eab30b0def57f5b7996b89a936900a0456a, a8daf5da54d8665f1add69a827bc53b3f277f64a]"
"a8daf5da54d8665f1add69a827bc53b3f277f64a","d9e18eab30b0def57f5b7996b89a936900a0456a","9d07d30f1f031c79cc6fd0fef5077ae6f1cf092e","eb4bf4e01f3bb69af49972695281df4e7bf3446a","[92e85947d29f00f22e42fd964d2f98ad3c34bcd5, 3e06701e148fe58f843c5e481e785dd30f1aa069, 2f77be2cf73fafb47c3537a223ae0bf0d72626de, d9e18eab30b0def57f5b7996b89a936900a0456a]","[8dc82b83311e48da2ed3b6f45f1cead1e1532a6c, 9d07d30f1f031c79cc6fd0fef5077ae6f1cf092e]"
"d9e18eab30b0def57f5b7996b89a936900a0456a","eb4bf4e01f3bb69af49972695281df4e7bf3446a","2f77be2cf73fafb47c3537a223ae0bf0d72626de","2c084d352002bebb050cfa1c55ff4f26bd1b2ae4","[a94290566018c02c10cd7cac9de5b4716ba2b923, eb4bf4e01f3bb69af49972695281df4e7bf3446a]","[92e85947d29f00f22e42fd964d2f98ad3c34bcd5, 3e06701e148fe58f843c5e481e785dd30f1aa069, 2f77be2cf73fafb47c3537a223ae0bf0d72626de]"
"c39b4a89ca4ed41de307e22fc0efae3d7ceab0fe","36df096661517759acc6d577ab33fc7851d8bc82","20ec290fdf53770afa325e027f74b59a551afeb3","84c55848058b09608aca39eaf8ddd1fe2a3ac4d1","[f89a8e37c33bb32ddc747573450ca4f23cb0db2f, 3004900bb5228e75cdccac10b8e50f8996cdddd7, d3f630b666cad6269d758477e963f7a18bd32078, 0d89db4b0469202f91fb1b06e91cce5a34b0ee5d, 3d7f1cdb23246de6ba52b1db33ea10ae05432723, 55278bad81c1599db75544ce9175f846d30f8fc7, c38ab4e9ab566c1d9135112a23a6a5becbbc78df, 36df096661517759acc6d577ab33fc7851d8bc82]","[20ec290fdf53770afa325e027f74b59a551afeb3]"
"0caa624c4f2a81cafa8199babdecab66ca40ca34","9195eb082b1b15086e69cdd7de8d32d449329850","c2828b6e9f6716b7cd271d78db57cf74959c3324","61ede3530df5a0ee9bc2df2aa4e873cfe0dfd8ae","[6776229d46347c9d4a28eb9f87a690f478ae3198, b73330a2919a4ee55f02c04781fea99f09ef5bc7, 97be4cc3a7910e1675f1b569c13353251bfb6d75, 9ba93f5e94dc51ab437d82d748fcf49dc4588249, 51bccaf2ce8a0c3365346ba482f2f3c2ca96f7cb, 6ff03afea779f469527077b38621d17a40290263, d7190dddb248414d3822e2b121c7d22ce86b9de6, 16ba7e2d532c98a8256b1fd01160180ef8205d6c, d4e56ab998b630e5fd3dd32d38fe6044863b3654, 676014e5fce15661ca4ba1334b72b9f045ffbec7, c082fbc5671c4610d913775f1a929bc0215aea4e, 5696f41a495d10340a8602d246f729797a4a5cdd, f0f519029dae491dcd57f03c6a3133ea3ed4bb2d, 9195eb082b1b15086e69cdd7de8d32d449329850]","[c2828b6e9f6716b7cd271d78db57cf74959c3324]"
"9195eb082b1b15086e69cdd7de8d32d449329850","f0f519029dae491dcd57f03c6a3133ea3ed4bb2d","b73330a2919a4ee55f02c04781fea99f09ef5bc7","77b1ec092b380e43a3a8b2ebce127fb49e7bca4f","[25c47bca69e2273740c035912beac36fbe308417, 61ede3530df5a0ee9bc2df2aa4e873cfe0dfd8ae, 97be4cc3a7910e1675f1b569c13353251bfb6d75, 9ba93f5e94dc51ab437d82d748fcf49dc4588249, 51bccaf2ce8a0c3365346ba482f2f3c2ca96f7cb, 6ff03afea779f469527077b38621d17a40290263, d7190dddb248414d3822e2b121c7d22ce86b9de6, 16ba7e2d532c98a8256b1fd01160180ef8205d6c, d4e56ab998b630e5fd3dd32d38fe6044863b3654, 676014e5fce15661ca4ba1334b72b9f045ffbec7, c082fbc5671c4610d913775f1a929bc0215aea4e, 5696f41a495d10340a8602d246f729797a4a5cdd, f0f519029dae491dcd57f03c6a3133ea3ed4bb2d]","[6776229d46347c9d4a28eb9f87a690f478ae3198, b73330a2919a4ee55f02c04781fea99f09ef5bc7]"
"d4e56ab998b630e5fd3dd32d38fe6044863b3654","6ff03afea779f469527077b38621d17a40290263","16ba7e2d532c98a8256b1fd01160180ef8205d6c","9ba93f5e94dc51ab437d82d748fcf49dc4588249","[51bccaf2ce8a0c3365346ba482f2f3c2ca96f7cb, 6ff03afea779f469527077b38621d17a40290263]","[d7190dddb248414d3822e2b121c7d22ce86b9de6, 16ba7e2d532c98a8256b1fd01160180ef8205d6c]"
"61ede3530df5a0ee9bc2df2aa4e873cfe0dfd8ae","77b1ec092b380e43a3a8b2ebce127fb49e7bca4f","25c47bca69e2273740c035912beac36fbe308417","41857ba4db27b65c1c4726e4b61e95ed20d8389f","[500af068a746969245f6086759b3c91df18d04dc, 8bdc95718cb5f210783636f22bf5778bb73ce7ef, 55abb35de5d44ae03b05e61169bb7ae5c38e1948, 59f4ac9d2dfe696b848334691aa102e3e24cec65, 1fc3c606810d44aa47e3307fd36c965170b6cebb, fbb6d98507f176f62ff5ef0b0516335553809320, b4c0c5f183091eb7257a42e399d626ed36bca9a8, 4517c9fc7079ebe582972df92adb6d984baacac3, fc300023399aa94cafe682b8b83e0704344338dd, dc0dd97175d89542efd8666b149dcc6abafee406, 1970f9abb0e394200dda2dab32d2930589cf9ae4, 3c1cbf3deb721d93e98717d87742cf3445675e50, 5e28c9a5bfcac218399e0be74269e784f1f66b90, deb93407c4743e5dc2a2fc7ad3b6e7d91f98f5a8, d8dc207266e120f0c0e441ab6dbf88e84773ec9c, e8594b8052926d9e27fec2fe9de80cf4302169f7, f2ffa52d6b28b77cc3e34d406007fbfd7902c5fb, e57d8c49e3721bf6d60e84f261d5d49f3f0f4e72, 9f4f6fe428704e33ecadfb49a4fbd8125a167301, 77b1ec092b380e43a3a8b2ebce127fb49e7bca4f]","[25c47bca69e2273740c035912beac36fbe308417]"
"77b1ec092b380e43a3a8b2ebce127fb49e7bca4f","9f4f6fe428704e33ecadfb49a4fbd8125a167301","dc0dd97175d89542efd8666b149dcc6abafee406","b4c0c5f183091eb7257a42e399d626ed36bca9a8","[4517c9fc7079ebe582972df92adb6d984baacac3, fc300023399aa94cafe682b8b83e0704344338dd, 1970f9abb0e394200dda2dab32d2930589cf9ae4, 3c1cbf3deb721d93e98717d87742cf3445675e50, 5e28c9a5bfcac218399e0be74269e784f1f66b90, deb93407c4743e5dc2a2fc7ad3b6e7d91f98f5a8, d8dc207266e120f0c0e441ab6dbf88e84773ec9c, e8594b8052926d9e27fec2fe9de80cf4302169f7, f2ffa52d6b28b77cc3e34d406007fbfd7902c5fb, e57d8c49e3721bf6d60e84f261d5d49f3f0f4e72, 9f4f6fe428704e33ecadfb49a4fbd8125a167301]","[dc0dd97175d89542efd8666b149dcc6abafee406]"
"78fc116d832537459a6e0cff440a53f9022e9351","6e1167c7d19ce12f2e55e62655c3158e76241f08","adf50c88b3906a52436337135afccb744344afa2","d5a0a5a1abf1eb9d7b6437e524615af2711bf4e0","[d43a1b6d40b9eba0e010f8a4e405ada4d2e3c31a, 97dcf5c6ad077c5ebc106719439406ee4bc332c6, 73f1559c2eaa11686c13c468ae233699b7978762, 93d82d376561967bbe9d3bea9f664b0be650dbbf, 6e1167c7d19ce12f2e55e62655c3158e76241f08]","[b3a566c561520d0391f4b4ebd0d6802577923d39, b139f2f46f80275fa05d4738b0308b0b5d0541f7, adf50c88b3906a52436337135afccb744344afa2]"
"d5a0a5a1abf1eb9d7b6437e524615af2711bf4e0","584daed028ee127522726a8fbc927bea29593855","c676fb94220bff3a408072ce4c8ba2b98e07f9c9","bd815cc21ae2540263b9ca609215c37b2cf40cd0","[d4ae1ec6d8822f7c28811f542141ea8a734be816, 70c8edba6cfc3863829099f13adc88ed51fba76a, a3ae50711263d36666d94c69af5d4a64be2739ab, 863a2cf83ee104c15b77d33f18e6249c34cf35ee, eb051b197bc563bcf43e6ab765e1a696f4f99f6a, 584daed028ee127522726a8fbc927bea29593855]","[c676fb94220bff3a408072ce4c8ba2b98e07f9c9]"
"f51be74357024785b45344342c8b291250d77a3e","6164ca56f84739f31d34197483995b31a0be0338","373d8e41e31fc72ec9736000b8f7e50e82875c83","5ae161ba1628c5bafc63c0f03ef3bc83964023d0","[ccf77724c40fe6e2c33ec7e9e5d460cb17575e13, b881542eff37c210e3e89be21b7735712931c2d7, 9bd6a65d826d4f92aa66db2babfc143b325aa009, 6164ca56f84739f31d34197483995b31a0be0338]","[84c276dd7341e16cec84fad13c3fc1faf1d1b13c, 373d8e41e31fc72ec9736000b8f7e50e82875c83]"
"b881542eff37c210e3e89be21b7735712931c2d7","5ae161ba1628c5bafc63c0f03ef3bc83964023d0","ccf77724c40fe6e2c33ec7e9e5d460cb17575e13","c0fd043b6714a3f555509f144f89267eb87ef5ad","[d019ed6799c399362842f6f210bda083f3122791, 570903d5afaa79aafaf0b8d367f9beff6ae0a4fd, 81db9b11c2eaba8574818317d54408a276bd3564, 99d995b2019292669cf853d863c5b0e4bc73f6e0, 7e3fd5c929f6ac1894301a7104863d9a7abd3429, 9b98ff49006a381e140f223408f4da2fa7119c81, 9501874c5e91996ba146becea33c5407b0c1d44b, 511ac820ae8b3eceba92a768dbc2fb3a9bde92d0, abf2edee4ab36920a8cd1ec038d670a430d71331, d654d2ab68ad411543f397a8f83ce336261bd3f3, eb7a7f537aa24452608dde0c5117c77e42bb8f3f, 13cacfe896015316109054ce10f2bbf79f69ec24, c8f8e734ef7fb77cd97ec4c28e176a11e5d87971, 8c767078921c3300ad1268ed3f5fe5f427ed0a73, dd25ec7be647d60351c5e5b0c8dad50ef6d707e5, bb42bc3a2fdc3e79b657f957eefe73efe0c0bfb8, 53b198fa42ac335ad99dc28470b38c784a9f2c40, 21227357beba4584dbd5f0520a3f5ba3d1fb4168, 219a149d423a3ebb27b5fc47ceadcedf3aa8740d, 09e965c0e998d310b6643a6afa8ef87df2663b92, ec448e211aa816b0e1d7ef5e4f6775ec45624081, 09311fd91679c635de75b56acd2e8657a7bd2dbf, 34ba1f570e43f418911313c3572285107e94636f, f61395149d2480b8fe87009c3dcebf461f49a407, 5ae161ba1628c5bafc63c0f03ef3bc83964023d0]","[ccf77724c40fe6e2c33ec7e9e5d460cb17575e13]"
"09e965c0e998d310b6643a6afa8ef87df2663b92","219a149d423a3ebb27b5fc47ceadcedf3aa8740d","13cacfe896015316109054ce10f2bbf79f69ec24","7e3fd5c929f6ac1894301a7104863d9a7abd3429","[d019ed6799c399362842f6f210bda083f3122791, 9b98ff49006a381e140f223408f4da2fa7119c81, 9501874c5e91996ba146becea33c5407b0c1d44b, 511ac820ae8b3eceba92a768dbc2fb3a9bde92d0, abf2edee4ab36920a8cd1ec038d670a430d71331, c8f8e734ef7fb77cd97ec4c28e176a11e5d87971, 8c767078921c3300ad1268ed3f5fe5f427ed0a73, dd25ec7be647d60351c5e5b0c8dad50ef6d707e5, bb42bc3a2fdc3e79b657f957eefe73efe0c0bfb8, 53b198fa42ac335ad99dc28470b38c784a9f2c40, 21227357beba4584dbd5f0520a3f5ba3d1fb4168, 219a149d423a3ebb27b5fc47ceadcedf3aa8740d]","[d654d2ab68ad411543f397a8f83ce336261bd3f3, eb7a7f537aa24452608dde0c5117c77e42bb8f3f, 13cacfe896015316109054ce10f2bbf79f69ec24]"
"219a149d423a3ebb27b5fc47ceadcedf3aa8740d","21227357beba4584dbd5f0520a3f5ba3d1fb4168","53b198fa42ac335ad99dc28470b38c784a9f2c40","7e3fd5c929f6ac1894301a7104863d9a7abd3429","[d019ed6799c399362842f6f210bda083f3122791, 9b98ff49006a381e140f223408f4da2fa7119c81, 9501874c5e91996ba146becea33c5407b0c1d44b, 511ac820ae8b3eceba92a768dbc2fb3a9bde92d0, abf2edee4ab36920a8cd1ec038d670a430d71331, c8f8e734ef7fb77cd97ec4c28e176a11e5d87971, 8c767078921c3300ad1268ed3f5fe5f427ed0a73, dd25ec7be647d60351c5e5b0c8dad50ef6d707e5, 21227357beba4584dbd5f0520a3f5ba3d1fb4168]","[bb42bc3a2fdc3e79b657f957eefe73efe0c0bfb8, 53b198fa42ac335ad99dc28470b38c784a9f2c40]"
"21227357beba4584dbd5f0520a3f5ba3d1fb4168","7e3fd5c929f6ac1894301a7104863d9a7abd3429","dd25ec7be647d60351c5e5b0c8dad50ef6d707e5","c0fd043b6714a3f555509f144f89267eb87ef5ad","[570903d5afaa79aafaf0b8d367f9beff6ae0a4fd, 81db9b11c2eaba8574818317d54408a276bd3564, 99d995b2019292669cf853d863c5b0e4bc73f6e0, 7e3fd5c929f6ac1894301a7104863d9a7abd3429]","[d019ed6799c399362842f6f210bda083f3122791, 9b98ff49006a381e140f223408f4da2fa7119c81, 9501874c5e91996ba146becea33c5407b0c1d44b, 511ac820ae8b3eceba92a768dbc2fb3a9bde92d0, abf2edee4ab36920a8cd1ec038d670a430d71331, c8f8e734ef7fb77cd97ec4c28e176a11e5d87971, 8c767078921c3300ad1268ed3f5fe5f427ed0a73, dd25ec7be647d60351c5e5b0c8dad50ef6d707e5]"
"efe5e7781a68a7cb7e411935ec8a7e939556a7a5","65f883411ecc4db08e8c294f1c5722dae31e36d2","00090238395a481e92576d875604f4237487b22f","29adef6e67cbdfb5235ba635b47a42b537861f72","[21da059e907c87f659aa70559b348d6cb739a3fb, 2aa7cca3dd5d033a67391b9e938cdd1fdbd991a4, cd0ca1789854b00cee87bed5096d4cb53e34e5c1, cfda906a314e9ea7056f5010f93e741f0929431b, 4079d9ff2d6c2012ac344971555ff19c933f5e3f, 65f883411ecc4db08e8c294f1c5722dae31e36d2]","[bd34c102cd966448fd475d977f535007c1d42372, 00090238395a481e92576d875604f4237487b22f]"
"cd0ca1789854b00cee87bed5096d4cb53e34e5c1","29adef6e67cbdfb5235ba635b47a42b537861f72","2aa7cca3dd5d033a67391b9e938cdd1fdbd991a4","28e8e1d0c3b53aeac11cd8f007d3daf9141c7463","[42768700924c40df465818fd2bdbde9bdccedbac, c04db3585b08cf3ad4e526ce27dff907aa16690c, 29adef6e67cbdfb5235ba635b47a42b537861f72]","[21da059e907c87f659aa70559b348d6cb739a3fb, 2aa7cca3dd5d033a67391b9e938cdd1fdbd991a4]"
"29adef6e67cbdfb5235ba635b47a42b537861f72","28e8e1d0c3b53aeac11cd8f007d3daf9141c7463","c04db3585b08cf3ad4e526ce27dff907aa16690c","49720d2e5f75666529623afdcb7e0f20a23eb7d6","[f8aabaf529d1b1c2552ab79c22ef53b692cef6cd, c98d2a53e7ce9466da7867f361477d7c61c6fef6, 78d2cbfbd304f5abd8980d1332673dd8a1408b19, 91aa19d7722453d5419b104388c19374a64ceac9, 8be329075581f88a4ea32ec225a3d18541bdeded, 28e8e1d0c3b53aeac11cd8f007d3daf9141c7463]","[42768700924c40df465818fd2bdbde9bdccedbac, c04db3585b08cf3ad4e526ce27dff907aa16690c]"
"28e8e1d0c3b53aeac11cd8f007d3daf9141c7463","91aa19d7722453d5419b104388c19374a64ceac9","8be329075581f88a4ea32ec225a3d18541bdeded","c98d2a53e7ce9466da7867f361477d7c61c6fef6","[78d2cbfbd304f5abd8980d1332673dd8a1408b19, 91aa19d7722453d5419b104388c19374a64ceac9]","[8be329075581f88a4ea32ec225a3d18541bdeded]"
"91aa19d7722453d5419b104388c19374a64ceac9","c98d2a53e7ce9466da7867f361477d7c61c6fef6","78d2cbfbd304f5abd8980d1332673dd8a1408b19","49720d2e5f75666529623afdcb7e0f20a23eb7d6","[f8aabaf529d1b1c2552ab79c22ef53b692cef6cd, c98d2a53e7ce9466da7867f361477d7c61c6fef6]","[78d2cbfbd304f5abd8980d1332673dd8a1408b19]"
"49720d2e5f75666529623afdcb7e0f20a23eb7d6","f7fee3b2fe9597f3d04d35bda95f0830982ec640","b9e0d2744bc0cd58cc9c476ce7253303e4980774","7346cd14741eb0caf5ec9086e71dbf1eb838128e","[58e5886d4c06adf7848c0e1b7a56ff7afaff41a0, f7fee3b2fe9597f3d04d35bda95f0830982ec640]","[fb60d535fa2fd942e0f8320ffe580f84e9dd4d68, b9e0d2744bc0cd58cc9c476ce7253303e4980774]"
"120ec8f68ae108726d29f1726e209080f7f68dee","150bd650f041542c20eb17baefc4b48f0165d2d4","8b67e391142da6090435d13369114850962d96ae","6794d540c173405dfe05b6327083d97130e35be5","[333ec2d1c6a0179a972ba89652ffa3d9989a0d09, 34718db192415b98eec1cdc6e14330b6b485de23, e762a843889ba36e23675cb3f61c132dea454afc, 150bd650f041542c20eb17baefc4b48f0165d2d4]","[8b67e391142da6090435d13369114850962d96ae]"
"150bd650f041542c20eb17baefc4b48f0165d2d4","34718db192415b98eec1cdc6e14330b6b485de23","e762a843889ba36e23675cb3f61c132dea454afc","6794d540c173405dfe05b6327083d97130e35be5","[333ec2d1c6a0179a972ba89652ffa3d9989a0d09, 34718db192415b98eec1cdc6e14330b6b485de23]","[e762a843889ba36e23675cb3f61c132dea454afc]"
"4ce6351ce7347fc366c43c855ac4c5039861b248","8c7bfe6aa8e7cfb516c23a35b267643ae07ef416","86c7d00e179be84b2bdd65bb050ec24cc9e07068","574a052b929be074cb49c37118f55fbd14d1e185","[891533768be823ceb70a280d593f4cdb50b319d7, 8c7bfe6aa8e7cfb516c23a35b267643ae07ef416]","[86c7d00e179be84b2bdd65bb050ec24cc9e07068]"
"574a052b929be074cb49c37118f55fbd14d1e185","8162ffb8bb687a967f14008f11392c484d99c4f0","2f1f3a7eedf721013576db91dc11811fe29cbedf","c9395915d765c8ba6c6e4c19bb55ed6a5da10eef","[c1384b96c28d40c327ea4711cc4010c166531b3f, 8162ffb8bb687a967f14008f11392c484d99c4f0]","[c61134eadbbdd6afac0720c6e02a7bbd6d1ace54, 4b654665db06b863a28f69ef993e95dd6c999f48, 2f1f3a7eedf721013576db91dc11811fe29cbedf]"
"8162ffb8bb687a967f14008f11392c484d99c4f0","c9395915d765c8ba6c6e4c19bb55ed6a5da10eef","c1384b96c28d40c327ea4711cc4010c166531b3f","f23f5ed6c30d2f71510b7dbbcad46b347ca71b8d","[06609e4f37209a1a9c9b71ce1d8ea1945d9726df, 44d084b6f03e0b49f578011339ebc7d05841a01d, a8c6b325b9b87d4f7da760bdf46c1958286c83c2, e08f701cc36b0432c863e198d2650133b2f92449, 0d8362e4e064a3c5d5a4b26d9e4fc62ed40a5270, 7fe502bc6d0621762b34f80ffb92c7e6876add9e, 8fdb73febad8870715b76377da8185a31c96386c, 5a76498efca9dcaf8552fc6a75d5a4cee9d623cb, c9395915d765c8ba6c6e4c19bb55ed6a5da10eef]","[c1384b96c28d40c327ea4711cc4010c166531b3f]"
"c9395915d765c8ba6c6e4c19bb55ed6a5da10eef","e08f701cc36b0432c863e198d2650133b2f92449","5a76498efca9dcaf8552fc6a75d5a4cee9d623cb","a8c6b325b9b87d4f7da760bdf46c1958286c83c2","[e08f701cc36b0432c863e198d2650133b2f92449]","[0d8362e4e064a3c5d5a4b26d9e4fc62ed40a5270, 7fe502bc6d0621762b34f80ffb92c7e6876add9e, 8fdb73febad8870715b76377da8185a31c96386c, 5a76498efca9dcaf8552fc6a75d5a4cee9d623cb]"
"44d084b6f03e0b49f578011339ebc7d05841a01d","f23f5ed6c30d2f71510b7dbbcad46b347ca71b8d","06609e4f37209a1a9c9b71ce1d8ea1945d9726df","8548ef1bd7a4bf49332901d36540488bf5193be8","[0fea58c592392dac9bd13d09728ed6b74e14b64b, e8e48b8b99f634bef021e3e2e97ea4d80f82d578, 38c0ca413cbe3032b2ba622dec6f7e644d37b73d, ba9cb5c5dadc6413e39b05cfe013b7c41632f5fc, ce070c1945c9e6105e250658f15cca8e4f805685, f23f5ed6c30d2f71510b7dbbcad46b347ca71b8d]","[06609e4f37209a1a9c9b71ce1d8ea1945d9726df]"
"8548ef1bd7a4bf49332901d36540488bf5193be8","b95bb60d71b86585e13c0e6041a989789c121510","48fc017407142193e091f8b328971de0d0aa0cf1","127458489cb0b05df833b5ac87104fcfc8a2377a","[2b3e0a7d936f3c1cdbfe76cd9d6eaf469739be00, b3a0e4e86e335b2c43339877c531610be9d2ebce, 4fd2babf43636f7ce9382991070725957e7941a3, 7cfc1e2a5f0e87b1a1dd59daf63484a957746315, 23c07192cdca604fecf84ba6f04817d73eb128a1, 798e46f203cabc2ce2c14df50203f25acbad4629, b95bb60d71b86585e13c0e6041a989789c121510]","[628f51439d6cc26531df8532ebb6e7e756ad0dba, 48fc017407142193e091f8b328971de0d0aa0cf1]"
"48fc017407142193e091f8b328971de0d0aa0cf1","628f51439d6cc26531df8532ebb6e7e756ad0dba","127458489cb0b05df833b5ac87104fcfc8a2377a","807754d985d9013bc2e824f4d8c7ba60e434680d","[628f51439d6cc26531df8532ebb6e7e756ad0dba]","[5a7cb1bd6868259af82073ef425c70bc0b1543d4, ffbaa6ceeae9e14a7bdb8007b57bb0c2a04aba41, 127458489cb0b05df833b5ac87104fcfc8a2377a]"
"63fb4a7e29dee9f00d11be4cc6447b32784521a2","80ed958476af0efb8fcc1d846d19741411deb350","3ec7d33c09c0170ec44c2b10ec7982979b83504c","e0787971af10eb7d9093f98ed7bb6830086bd752","[6b6d81d8d302e4415a7d36d967df4144bd44ea1c, 80ed958476af0efb8fcc1d846d19741411deb350]","[3ec7d33c09c0170ec44c2b10ec7982979b83504c]"
"90df217304bc432562c267d4b184e5853cdad3b0","0daf5db45c2713dc6854e92c6689ac5c5f1af6bb","90794dc5c75c44212e7c0a90440fa29f963e51b2","99cc8335de31535005de37906182af034313a1a8","[0daf5db45c2713dc6854e92c6689ac5c5f1af6bb]","[34e33b23330a29b92b92856b7ea3e8cd2879f6c9, 30bc590c4bc9cdae4d3775e22b4830344696e4a3, 7c266cc192fae1c7d741c89116eff30ff9867a7c, 96b0340e0d3e90069bf8069d23b7dc081929ffd0, 1fa0c6825cd812fc4a5a30a52b4ab718d7c5f464, 0d5ee54a6c49fcc7ff9bea2c7e069af9c4e4f891, 928292c5aa1cb4b2fbdf42357c4763babcd9c562, 90794dc5c75c44212e7c0a90440fa29f963e51b2]"
"1fa0c6825cd812fc4a5a30a52b4ab718d7c5f464","34e33b23330a29b92b92856b7ea3e8cd2879f6c9","96b0340e0d3e90069bf8069d23b7dc081929ffd0","fbafa79c31365bcfa0505a4d2eb19c1c387c7180","[f76350941b6d81825c0ff4e3adebb19aa25917c1, 99cc8335de31535005de37906182af034313a1a8, 34e33b23330a29b92b92856b7ea3e8cd2879f6c9]","[30bc590c4bc9cdae4d3775e22b4830344696e4a3, 7c266cc192fae1c7d741c89116eff30ff9867a7c, 96b0340e0d3e90069bf8069d23b7dc081929ffd0]"
"dddd69b0932466bf5338dad9ee8db7a57ed21208","ba3df4a5887efbd137c05b1151dac411e95a0d9b","d51e2af0d62ca15b04f390ca6e08c88acc2fa0f8","ffcc2d396212d587b5d793aeb4b3937cb15e6603","[f729bfcd27feb9cffabae37231ad3d859d2dc1cc, 00064df9cd18bcc9de0f1378def9a6530db5f9e0, ba3df4a5887efbd137c05b1151dac411e95a0d9b]","[1597c87f984f64e5284d3a0fc9f99d481d0d67d3, aaac77c417fbfc89a3e48a435e768837df7d0f39, 29a5b23e6c9b08d4177510acfdd1ca3004e6c25b, d51e2af0d62ca15b04f390ca6e08c88acc2fa0f8]"
