"https://github.com/qiushibaike/moumentei.git"
"MERGE","LEFT","RIGHT","BASE","LEFT_COMMITS","RIGHT_COMMITS"
"320a82ac8b1e81115b927da6bb9a1d52c574bf3d","84e9dcb8e8bf7d83fe90856c469e6b460d9d157e","c7cffd1884cc57402c71fe1683963678ba10e6d6","86b42edb722ced19dd2d7e07182a5e3ac06dfc6c","[a3976414c2f36fa7b1e0d406a42057591d6dd068, b23c64d87b9ad61ebe4220b72ef3e084b5ef578c, e0951e76b8bf3e42f45a20c571a03efde35654ec, a5a2774f5fd637f777b8f54c568e1ec0a5a58783, ac1b27a46b1d7ec527bc353c0250b1c2ec1cdc1d, b46fb2225df1f3daffa7f30df65264a5987153be, b465d499ed4f3a31f77229b19e3ad97b2612cde4, eab53607ba81e3aef7aa5c4a777b1767398f9e8a, cb6ce08cb878e7c0e53099ddc1dfa5e725165409, ba1c2708b568794a6f5e28e4fa366cc6efd8948e, 73a49e35208425cbb4853662fd5a8fa7b358842c, a04383147ca44f6d4b745df0b6256e85052f15a2, 84e9dcb8e8bf7d83fe90856c469e6b460d9d157e]","[c7cffd1884cc57402c71fe1683963678ba10e6d6]"
"acf15473f4ffe27db7cafd3d4c8678994b0888e5","436f973656bde41a956cd30d234496ebf354f1ca","e3082dd3ec911af1303cd7538e1102c6da984420","8aae734b94d2fb80832c2ab74c0530d79e8c5299","[05a57ac58a750e715ce24762bc2c2341cc741850, 436f973656bde41a956cd30d234496ebf354f1ca]","[e6edab8998d331b9d6cf8485ae5a350b7b27f63c, 4cc8e4a09f2442ef4b393ca29805c796c752a8e1, b006a2e8d47077368b7f468141c723819817a426, 59343e5d79f4666e33bb457131f0c326d948174c, 293d9fc28ff197f43a90a1496d3202bf27201c99, b49c2b18087ad4066b8b9d89be3e6e089adeac2d, 4adbc9ef54c78e68c904946d23372f5506202662, a0523f0929d252482fbd16ac2d00687260d2feb5, e3082dd3ec911af1303cd7538e1102c6da984420]"
"4f79174e8ed6c455d0dceb3d86a39d8805f2afa2","736618c2145a2d789087026a9800799dc98d6863","8d9049965026d89e98b313d8384f487e6fba2181","846822844b38882faad26d6094107ba79aac8179","[736618c2145a2d789087026a9800799dc98d6863]","[8d9049965026d89e98b313d8384f487e6fba2181]"
"012605667ae3f301aa2937ae26be46dd7a0da46a","679665ad3c3106e915f7f8707dbc47518a2e56f6","c6de8b5c4c1d0b5003b8251e96b45bf16fe8b969","d5f41e37f744ca866d0894b9a62421a73e8f6f74","[679665ad3c3106e915f7f8707dbc47518a2e56f6]","[8ac319a3d35a4c4cfad80dda220ff6376c496e6f, c476f96fc53b4141cf8c7bc5b4c2c5412e0e1dfb, 8341a436bf9501ddf7edcbb79d75995527774fb3, 45a8e48b95217dc0ce7ff2f292c7c5bd227e03f6, 4523d9ae34cc469e7655179863181dddcd319b5c, 35c14011fd51ddc941adeb3eb709e50e34dd1af3, 103ad155244128b0efb11eec94dc8dd764b95faa, a9df4873f3dc282f5a65871ae38eb8c57d3363a9, a1fb7178a5bdded2e5d0e7feeb1c8c363b53e2f1, a10e2a88bbb51aeb862a2522f77928f5a322b4c8, 2792b071aa4000b600f4a57196a82eca468c51cd, 4b81de7446b5704df9dd1a44d73ec8a0347482f2, 591289c72ed6521a69f0411274e7839e535e10c1, b3a0c3e1a203c20a50c39e48b24ffbb5fd7c3928, 7df015d88c0b82fc9fcefab4560496549a45fbe8, 605a6c5f57aaedc7ba500f648402cd90f7060dd5, 9c272720360565d7acf9b3887111113420b1907f, 46086e63385c8380e11c98a0c3dfd3f1a669a3c4, 22816c8681eae689c64058e2bc8348cfe9dc84d5, 0639f7851c1849bfed7404d4a5e0cb476dc84a45, 23064d878997e6bebaaf98a4a7ce9c5413e9caea, ad7016ba76b89ca981507fbc4a27c636f7f1b774, c6c739d5b7482da14434bbc4d14fcb6e7192e697, d2223150032588c18aa2f65e1a6eb2734264e32b, 2c4da8294849da10e9a719746ffb7a5f677f2487, bd3c22b84884dfa1947594d437f3faf10d51ddf7, 92f37b4963c4bc08e8917f9cc291272b36e3cc03, a3cf57e4b70ddb86cd8576c4ee2f3352e912a289, b7bda26218e4713a8a01c36648186f391bf87f9c, c6de8b5c4c1d0b5003b8251e96b45bf16fe8b969]"
"103ad155244128b0efb11eec94dc8dd764b95faa","35c14011fd51ddc941adeb3eb709e50e34dd1af3","d5f41e37f744ca866d0894b9a62421a73e8f6f74","c0d576151bd2efab8304b9bd6b471ac14f2c87b2","[8ac319a3d35a4c4cfad80dda220ff6376c496e6f, c476f96fc53b4141cf8c7bc5b4c2c5412e0e1dfb, 8341a436bf9501ddf7edcbb79d75995527774fb3, 45a8e48b95217dc0ce7ff2f292c7c5bd227e03f6, 4523d9ae34cc469e7655179863181dddcd319b5c, 35c14011fd51ddc941adeb3eb709e50e34dd1af3]","[83e6175d502d652574c768e0faf58499ebebb6b9, cf3959caa1a1690b0dc36c7dfc843d02e7595e99, cfb769637121fb1ba4a35bce186094459be65953, 61d982481a59f14769788e821a65fc45cf95244b, 99292af85356670d04da7318fa27cc8d5ef752d0, 525fffb6dfe50bad4ad40e1bf238114fd215398b, 8004e7315b5f6727fc9a7be6bd07822060b5ccec, 5e0b3172dd94e53a5a508ca3b1227bd9e2eb62a4, ee6196c514f2e0dd35e5a629c092697468fd2cc6, aad2b61dcd44f999179fdfd7784c449dcc97228d, d4205c5a706be2e9d1cca65c5a9cca0923aad8e5, d55af1c382db14085983c6aba476effb7818c487, 50fb5d6ab799219942dd2cbe9a3f63a45bbfd997, 90b10346fb320b6b39fd9f15ae6d3af70c72c0a3, c40166f48ca7f0ef14b0be0b7ae4050a28c728fc, ed1a32ce1a86afbb163068d98b91c78677f6e8c8, b815b8543a627176117fe4a79b1bf5c729e8a7e5, a50fb045d92a87d57a134016898ac5a10abcc3ff, d5f41e37f744ca866d0894b9a62421a73e8f6f74]"
