"https://github.com/railstutorial/sample_app_2nd_ed.git"
"MERGE","LEFT","RIGHT","BASE","LEFT_COMMITS","RIGHT_COMMITS"
"6705d4d6ccf72535c990c41acf671673e3a8acb0","32c5e7e51da8f6a77d6c25f1b4846af397fc858a","2b25a6bab5bf2f6e8281f90c8bbe15698769586f","68eec1099953078763113f3ef2b81c000667e3ec","[32c5e7e51da8f6a77d6c25f1b4846af397fc858a]","[1454c92b6420986527c75f97fee75fb5724ffd23, 2b25a6bab5bf2f6e8281f90c8bbe15698769586f]"
"f28cb5c88c0789f5360ef9fa6a8406be2d6dda6d","ef84b4fbcb89e781b900b363bf8e0ffe8dd89f0e","83d8daf0a3fb6373030f7ce554030962ad3d2a7c","782f152eb20a39afaad4fccf4fdb63f998088639","[5ef888d420b81954acb0ba84f2be42fc7cd33e6f, a0b264fe8c3aefbea6f473efba118a3e1a8724f2, ef84b4fbcb89e781b900b363bf8e0ffe8dd89f0e]","[715cc6d99c94076588295716a538aa0d74149308, 31b9dd323763725f15bef6b53299a95c025fbd03, 83d8daf0a3fb6373030f7ce554030962ad3d2a7c]"
"83d8daf0a3fb6373030f7ce554030962ad3d2a7c","31b9dd323763725f15bef6b53299a95c025fbd03","715cc6d99c94076588295716a538aa0d74149308","6835042ff037f249006f14d3b5d46a911e16f74c","[abdbe1360263699494f54aae5c871d52d1ae46ba, 3b75ce42b5cf78017a21b68571d68a1e0c587eb4, 782f152eb20a39afaad4fccf4fdb63f998088639, 31b9dd323763725f15bef6b53299a95c025fbd03]","[715cc6d99c94076588295716a538aa0d74149308]"
"de6109714106da1a8d2c4ec74756369ee634906c","2ad015340b57e56c31ac9a45b02b21c75b53dbc8","481028b348eddb261325a2e4f8f89b6286a3d615","6d41f1f03c31748e6814d971c9ae9c9a6fcfbb97","[62739c746eb330091a8c76f5585a24cc49814096, 6836cda7229ad5c917f9ff0fa13436ad42c3dd02, 2ad015340b57e56c31ac9a45b02b21c75b53dbc8]","[bb561996f821d1b4e8d4b83e9028e31977be941c, 481028b348eddb261325a2e4f8f89b6286a3d615]"
"2ad015340b57e56c31ac9a45b02b21c75b53dbc8","62739c746eb330091a8c76f5585a24cc49814096","6836cda7229ad5c917f9ff0fa13436ad42c3dd02","6d41f1f03c31748e6814d971c9ae9c9a6fcfbb97","[62739c746eb330091a8c76f5585a24cc49814096]","[6836cda7229ad5c917f9ff0fa13436ad42c3dd02]"
