"https://github.com/RailsApps/rails3-devise-rspec-cucumber.git"
"MERGE","LEFT","RIGHT","BASE","LEFT_COMMITS","RIGHT_COMMITS"
"2c68c5c581fbcb3f92ee8c50b13d31a51bd936a4","271dbc07047e54baf7c5918e665a2030117a237c","569e5902aa5c7f862db82da8c5ef1975f3a4a8ea","3f77590fd90bd407b8952b855194a6a4b5898a14","[6571ad2d86fda00131c292411b81b2f2b940b23f, 271dbc07047e54baf7c5918e665a2030117a237c]","[cb3402018fc4588ef3206bf5088dd925e7429b7a, 569e5902aa5c7f862db82da8c5ef1975f3a4a8ea]"
"12936f513543892cf39ba61cd89fbf109a86fd7e","d20b8a6938cf42c081be82ffec1cf82c195c13af","7bcbb93e078ad4b26e8a95fe8189d4baefffc955","5ed2850229236845604c8644716b71ee552dcec5","[f39415b459cb71fd9c25b55df32ad0839ba08bb4, d20b8a6938cf42c081be82ffec1cf82c195c13af]","[7bcbb93e078ad4b26e8a95fe8189d4baefffc955]"
"1bf66bed413077f8744ea311394b21d1903eff47","52fb0f694c4c098f71d196740e215e87af11d7b8","2a2f17f97b7e31c7de2f4d03b9750861621a27fb","58afa046080bd3bd25b0bda05b01b1a348d129f0","[52fb0f694c4c098f71d196740e215e87af11d7b8]","[bb800b88b59f352f8b4a919b3b15a146131f2bbd, 6a1dfdcc0456e2d093f2ae544b924869c9feaad3, 1a8bd0c5b4f3b00010966151cc7e38bbdb8a33b9, 54cf56cd68ae1418e43c4117c7adfbed125e6e4c, 6544fdb12c304143fd1662681a9656e58df6fa38, 25dd9e3f6c1667e4eafa60187c1df6ed7d8fd190, 7bfa0871b2ac7919d856b565c93a8d6bf3d126b0, 512346af36b2cecce0d3523d1ef925ae08f60ca0, 10ea33af05da238e41c224151d728b30a7d89adc, 06eba8f612bdb61f47cb4040a4c95398da29b4f6, 2222df13e47e7bc33330c565176b3be400f9ccdd, 8663abf1054ee4f8b06294ed940db44024c7b82b, 29277c8bec6745fcdf634e2139294916ca62b69b, 512a1eccff75f008b68b5224f9db45f82277d619, 2a2f17f97b7e31c7de2f4d03b9750861621a27fb]"
"07b54f988fac19943026c0688008af455c703cc0","b43f2527be84516ffb561b20e54eb33db8832f62","be93542f0add9e032b0e94d334b7d84985e252b2","f54563d65e4173f8d2cd52ea613e8107b42c8f1f","[b43f2527be84516ffb561b20e54eb33db8832f62]","[8bb32e8e585507408cb0e3ca144b104b8887fb3c, be93542f0add9e032b0e94d334b7d84985e252b2]"
"566bf9e82e8b917acbaad61a618e27c13dffdf10","638dea989e179377b3c9f36f0be4c62361cc379f","4175c41c7e58af635fecfc50f93f5a27c78cb077","e8318f5d7bf9c55493c4c68769e96c41e430c032","[638dea989e179377b3c9f36f0be4c62361cc379f]","[1145020c2eff7203f010886f56f56bb694f9d666, 56fa8dbc567ff1791195804082dcbbb42d250f9d, 5ee35edd8f1e23d8d2cf8c3d073570ac521b7cca, 4175c41c7e58af635fecfc50f93f5a27c78cb077]"
