"https://github.com/sameersharma25/time_stack.git"
"MERGE","LEFT","RIGHT","BASE","LEFT_COMMITS","RIGHT_COMMITS"
"c3cc7ba8f08b0f6e22d94435199bda1def3e7921","c7b7b53535d7057a3bfc1ce8bf82020502f9d9dd","c5b88e419386e611a27de6a14227f9f39d05d1ba","85ecfc76376a34f925821ad4f39e70338a78f1cb","[c7b7b53535d7057a3bfc1ce8bf82020502f9d9dd]","[c5b88e419386e611a27de6a14227f9f39d05d1ba]"
"7b6912eebb3d51e963cee962df144d684acdb0a9","d31e266e2df0854fd7dddd0a7edf5cdd6f1adae1","006da3b2dc84842242790477d7a0c65c6b543118","bcca8f9d8f9a85fd7fa5fd05776eec16327ad665","[d31e266e2df0854fd7dddd0a7edf5cdd6f1adae1]","[7b120316417141c1c72fc3bc0776014043cccea1, d2b15a2061fa53d59e8d33c2c559f2cfe11f0536, 718f5b3b30cfdf5588937d92be8d903d27a5fec0, c8cb9e6cfa79925ec48bbc64a9925b3b3ac39154, 006da3b2dc84842242790477d7a0c65c6b543118]"
"c8cb9e6cfa79925ec48bbc64a9925b3b3ac39154","d2b15a2061fa53d59e8d33c2c559f2cfe11f0536","718f5b3b30cfdf5588937d92be8d903d27a5fec0","bcca8f9d8f9a85fd7fa5fd05776eec16327ad665","[7b120316417141c1c72fc3bc0776014043cccea1, d2b15a2061fa53d59e8d33c2c559f2cfe11f0536]","[718f5b3b30cfdf5588937d92be8d903d27a5fec0]"
"d2b15a2061fa53d59e8d33c2c559f2cfe11f0536","7b120316417141c1c72fc3bc0776014043cccea1","bcca8f9d8f9a85fd7fa5fd05776eec16327ad665","1aae0ad8e91edaf451c28e35dfa5106749a5af46","[7b120316417141c1c72fc3bc0776014043cccea1]","[2b47776f144d9693ec2e435b89b7a56dccc33e54, 1d510093f36f437b4c5a64fbeca89ba656af9fe8, 14d95f43a72ab12c005fd5578872f1fe4cb379d0, e97c9a36201ff263f60f67790d43df89bedfde18, efb2f40bfa55c5726b4902a499b78a14f21786a3, 3e7ae514351f2f2bc520616f338e1d03c244b0f9, ee5a86446ef3bb57a1f60d2413de11a93c744b05, 467f4d2a716de68a9e738bb95f97fbc90cdb5801, 3ab4e71f56868fd6fac94507652e120394023022, 4bcbdd4ffd28be0fe921a19787016d74944c2847, 5eb95e5516ca84fcac0db8302c0492b214643ca3, f1db7493044742d0dc006ec5229f8bbd0b13f75f, bc8dcb2454b140971ad8efb8ceee13e8cdb3cd42, 2f2943499fb2cca0f50deb1ab3c748fa62e05d4e, 4b6b6f01a0600b382b06bda867bf96d7efbdebff, 042c31bb19fa78d85baf03a675cc6551618eef55, 022a8efd8359c045bbc79af9269c5a11ebc707ed, e8a3fa779781f1c4a7199e182059d22c5a4e4f5a, 1855f18f2134e8dda704fac9b8a7e23109a28c1f, b25d8f50b31670e15d772f90185c5b29ca7c5b35, 10b2e9de615398ce5a0bc5a0c483805e9b5550d5, b6e8d93cdbcbd993a746111f55530cfd2fc01c0a, aa65d0677beb36924274838607c4a8e021eb88e0, 357a2db2a4ac63038fd7560364f5de4d10d62db8, 2cab4b76bda9e2d5da480e0527bfe199509f6451, 7acc39da0e5d25ca8b9ca142783f9cc1f1069668, 1de093ecbaf4ec6956c9ebf847fa8b6c39796188, 4ac85db6b8ea65251e073e65fe76f7c87bdc7e4d, ce09b48daa17b21c76ec47ccaf82d7111dde8ca3, 1e80cf6f1532ee658db1a2be0c73f522bb97dccc, d34e316bb7bfbe980c72a1779ae49a38a945e700, 8611e181b7b3aeaca03ae2ec83ade47e535a50ec, 531ef6bedba07fe29251d8ed9f9c496b565a5ced, 2592a7fd0df1476b70b05e79bd467cb70bc4f48b, 4ee7168669ff4560f4049fa507f2f145beb584de, 703be34cc5cad625e9aca1f8643aae6ff7a7a2c0, 704c516810e04457342d94bc4dff788b158023c0, bcca8f9d8f9a85fd7fa5fd05776eec16327ad665]"
"703be34cc5cad625e9aca1f8643aae6ff7a7a2c0","4ee7168669ff4560f4049fa507f2f145beb584de","2592a7fd0df1476b70b05e79bd467cb70bc4f48b","2f2943499fb2cca0f50deb1ab3c748fa62e05d4e","[b25d8f50b31670e15d772f90185c5b29ca7c5b35, 4ee7168669ff4560f4049fa507f2f145beb584de]","[4b6b6f01a0600b382b06bda867bf96d7efbdebff, 042c31bb19fa78d85baf03a675cc6551618eef55, 022a8efd8359c045bbc79af9269c5a11ebc707ed, e8a3fa779781f1c4a7199e182059d22c5a4e4f5a, 1855f18f2134e8dda704fac9b8a7e23109a28c1f, 10b2e9de615398ce5a0bc5a0c483805e9b5550d5, b6e8d93cdbcbd993a746111f55530cfd2fc01c0a, aa65d0677beb36924274838607c4a8e021eb88e0, 357a2db2a4ac63038fd7560364f5de4d10d62db8, 2cab4b76bda9e2d5da480e0527bfe199509f6451, 7acc39da0e5d25ca8b9ca142783f9cc1f1069668, 1de093ecbaf4ec6956c9ebf847fa8b6c39796188, 4ac85db6b8ea65251e073e65fe76f7c87bdc7e4d, ce09b48daa17b21c76ec47ccaf82d7111dde8ca3, 1e80cf6f1532ee658db1a2be0c73f522bb97dccc, d34e316bb7bfbe980c72a1779ae49a38a945e700, 8611e181b7b3aeaca03ae2ec83ade47e535a50ec, 531ef6bedba07fe29251d8ed9f9c496b565a5ced, 2592a7fd0df1476b70b05e79bd467cb70bc4f48b]"
"8611e181b7b3aeaca03ae2ec83ade47e535a50ec","d34e316bb7bfbe980c72a1779ae49a38a945e700","1e80cf6f1532ee658db1a2be0c73f522bb97dccc","2cab4b76bda9e2d5da480e0527bfe199509f6451","[d34e316bb7bfbe980c72a1779ae49a38a945e700]","[f1db7493044742d0dc006ec5229f8bbd0b13f75f, bc8dcb2454b140971ad8efb8ceee13e8cdb3cd42, 2f2943499fb2cca0f50deb1ab3c748fa62e05d4e, 4b6b6f01a0600b382b06bda867bf96d7efbdebff, 042c31bb19fa78d85baf03a675cc6551618eef55, 022a8efd8359c045bbc79af9269c5a11ebc707ed, e8a3fa779781f1c4a7199e182059d22c5a4e4f5a, 1855f18f2134e8dda704fac9b8a7e23109a28c1f, 357a2db2a4ac63038fd7560364f5de4d10d62db8, 7acc39da0e5d25ca8b9ca142783f9cc1f1069668, 1de093ecbaf4ec6956c9ebf847fa8b6c39796188, 4ac85db6b8ea65251e073e65fe76f7c87bdc7e4d, ce09b48daa17b21c76ec47ccaf82d7111dde8ca3, 1e80cf6f1532ee658db1a2be0c73f522bb97dccc]"
"ce09b48daa17b21c76ec47ccaf82d7111dde8ca3","4ac85db6b8ea65251e073e65fe76f7c87bdc7e4d","1de093ecbaf4ec6956c9ebf847fa8b6c39796188","7acc39da0e5d25ca8b9ca142783f9cc1f1069668","[4ac85db6b8ea65251e073e65fe76f7c87bdc7e4d]","[4b6b6f01a0600b382b06bda867bf96d7efbdebff, e8a3fa779781f1c4a7199e182059d22c5a4e4f5a, 1de093ecbaf4ec6956c9ebf847fa8b6c39796188]"
"1de093ecbaf4ec6956c9ebf847fa8b6c39796188","e8a3fa779781f1c4a7199e182059d22c5a4e4f5a","7acc39da0e5d25ca8b9ca142783f9cc1f1069668","1855f18f2134e8dda704fac9b8a7e23109a28c1f","[4b6b6f01a0600b382b06bda867bf96d7efbdebff, e8a3fa779781f1c4a7199e182059d22c5a4e4f5a]","[10b2e9de615398ce5a0bc5a0c483805e9b5550d5, b6e8d93cdbcbd993a746111f55530cfd2fc01c0a, aa65d0677beb36924274838607c4a8e021eb88e0, 357a2db2a4ac63038fd7560364f5de4d10d62db8, 2cab4b76bda9e2d5da480e0527bfe199509f6451, 7acc39da0e5d25ca8b9ca142783f9cc1f1069668]"
"7acc39da0e5d25ca8b9ca142783f9cc1f1069668","357a2db2a4ac63038fd7560364f5de4d10d62db8","2cab4b76bda9e2d5da480e0527bfe199509f6451","aa65d0677beb36924274838607c4a8e021eb88e0","[f1db7493044742d0dc006ec5229f8bbd0b13f75f, bc8dcb2454b140971ad8efb8ceee13e8cdb3cd42, 2f2943499fb2cca0f50deb1ab3c748fa62e05d4e, 042c31bb19fa78d85baf03a675cc6551618eef55, 022a8efd8359c045bbc79af9269c5a11ebc707ed, 1855f18f2134e8dda704fac9b8a7e23109a28c1f, 357a2db2a4ac63038fd7560364f5de4d10d62db8]","[2cab4b76bda9e2d5da480e0527bfe199509f6451]"
"357a2db2a4ac63038fd7560364f5de4d10d62db8","1855f18f2134e8dda704fac9b8a7e23109a28c1f","aa65d0677beb36924274838607c4a8e021eb88e0","5eb95e5516ca84fcac0db8302c0492b214643ca3","[f1db7493044742d0dc006ec5229f8bbd0b13f75f, bc8dcb2454b140971ad8efb8ceee13e8cdb3cd42, 2f2943499fb2cca0f50deb1ab3c748fa62e05d4e, 042c31bb19fa78d85baf03a675cc6551618eef55, 022a8efd8359c045bbc79af9269c5a11ebc707ed, 1855f18f2134e8dda704fac9b8a7e23109a28c1f]","[10b2e9de615398ce5a0bc5a0c483805e9b5550d5, b6e8d93cdbcbd993a746111f55530cfd2fc01c0a, aa65d0677beb36924274838607c4a8e021eb88e0]"
"1855f18f2134e8dda704fac9b8a7e23109a28c1f","2f2943499fb2cca0f50deb1ab3c748fa62e05d4e","022a8efd8359c045bbc79af9269c5a11ebc707ed","5eb95e5516ca84fcac0db8302c0492b214643ca3","[f1db7493044742d0dc006ec5229f8bbd0b13f75f, bc8dcb2454b140971ad8efb8ceee13e8cdb3cd42, 2f2943499fb2cca0f50deb1ab3c748fa62e05d4e]","[042c31bb19fa78d85baf03a675cc6551618eef55, 022a8efd8359c045bbc79af9269c5a11ebc707ed]"
"e8a3fa779781f1c4a7199e182059d22c5a4e4f5a","4b6b6f01a0600b382b06bda867bf96d7efbdebff","1855f18f2134e8dda704fac9b8a7e23109a28c1f","f1db7493044742d0dc006ec5229f8bbd0b13f75f","[4b6b6f01a0600b382b06bda867bf96d7efbdebff]","[bc8dcb2454b140971ad8efb8ceee13e8cdb3cd42, 2f2943499fb2cca0f50deb1ab3c748fa62e05d4e, 042c31bb19fa78d85baf03a675cc6551618eef55, 022a8efd8359c045bbc79af9269c5a11ebc707ed, 1855f18f2134e8dda704fac9b8a7e23109a28c1f]"
"2f2943499fb2cca0f50deb1ab3c748fa62e05d4e","f1db7493044742d0dc006ec5229f8bbd0b13f75f","bc8dcb2454b140971ad8efb8ceee13e8cdb3cd42","e97c9a36201ff263f60f67790d43df89bedfde18","[14d95f43a72ab12c005fd5578872f1fe4cb379d0, efb2f40bfa55c5726b4902a499b78a14f21786a3, 3e7ae514351f2f2bc520616f338e1d03c244b0f9, ee5a86446ef3bb57a1f60d2413de11a93c744b05, 467f4d2a716de68a9e738bb95f97fbc90cdb5801, 3ab4e71f56868fd6fac94507652e120394023022, 4bcbdd4ffd28be0fe921a19787016d74944c2847, 5eb95e5516ca84fcac0db8302c0492b214643ca3, f1db7493044742d0dc006ec5229f8bbd0b13f75f]","[bc8dcb2454b140971ad8efb8ceee13e8cdb3cd42]"
"4bcbdd4ffd28be0fe921a19787016d74944c2847","3ab4e71f56868fd6fac94507652e120394023022","ee5a86446ef3bb57a1f60d2413de11a93c744b05","1aae0ad8e91edaf451c28e35dfa5106749a5af46","[14d95f43a72ab12c005fd5578872f1fe4cb379d0, 3e7ae514351f2f2bc520616f338e1d03c244b0f9, 467f4d2a716de68a9e738bb95f97fbc90cdb5801, 3ab4e71f56868fd6fac94507652e120394023022]","[2b47776f144d9693ec2e435b89b7a56dccc33e54, 1d510093f36f437b4c5a64fbeca89ba656af9fe8, e97c9a36201ff263f60f67790d43df89bedfde18, efb2f40bfa55c5726b4902a499b78a14f21786a3, ee5a86446ef3bb57a1f60d2413de11a93c744b05]"
"95a8737d24ec65b15307b811a39a93aa0b811f95","f56ecb22e401e0b21c35fca96618731163191666","63889e6201f9384f341cd2f6fd3f3115a76acc1d","8aacac4ce70907af91861dae9c6a1507562bd6f7","[38eb43c8d9d258e6c5eed6ef34a46e194dc41c84, f56ecb22e401e0b21c35fca96618731163191666]","[0a1c3abbc0ca0274792dad3f6ab534773d47d83a, b8462db8015f07ca947475500b80a84beb567c72, 5fa19f1ffa7016089a6db56794068b551b13ea5b, 7ba05b90bbe947e47b6692979272637c48113a92, e9d6df0d8580d2363d77a67c7ea725a6789dd8f8, 9c568501d34df43cbd8349e055e4f2dcac899629, 320621eed05f1523b1fc0600c41b2d74da4734ce, 63889e6201f9384f341cd2f6fd3f3115a76acc1d]"
"320621eed05f1523b1fc0600c41b2d74da4734ce","9c568501d34df43cbd8349e055e4f2dcac899629","8aacac4ce70907af91861dae9c6a1507562bd6f7","1c6cf96bf2d02e398044fac753a0685c589d47d0","[4710172952973935891d8dd4ba7e23c24a97087a, 3097569ea40eecd3650da8aa00206e3f0ba2886d, 130a095e697c8f2813da3ec31923c605012d654e, 42487a911c998b020fa991825ce8284fdb766141, 0a1c3abbc0ca0274792dad3f6ab534773d47d83a, b8462db8015f07ca947475500b80a84beb567c72, 5fa19f1ffa7016089a6db56794068b551b13ea5b, 7ba05b90bbe947e47b6692979272637c48113a92, e9d6df0d8580d2363d77a67c7ea725a6789dd8f8, 9c568501d34df43cbd8349e055e4f2dcac899629]","[4710172952973935891d8dd4ba7e23c24a97087a, 3097569ea40eecd3650da8aa00206e3f0ba2886d, 130a095e697c8f2813da3ec31923c605012d654e, 42487a911c998b020fa991825ce8284fdb766141, 22125242a66da03d46e6f0ab2e598a7ebf78ef95, a5305f2dfe37df6188930376d5b32e1fffe09816, 061f57112415b03902ecc91ad65bb5e22369e86e, 3697a8675a3126a52e7dd9a69160f6385209624e, f934192b43f4374760ccf585fe7b2bddb764813c, 8996897fb18e44bf0b2dc2c545b6d93f0be3670c, 7380820c1af17d6e67e367b8b52b7dd8431c28a7, 8aacac4ce70907af91861dae9c6a1507562bd6f7]"
"3697a8675a3126a52e7dd9a69160f6385209624e","1c6cf96bf2d02e398044fac753a0685c589d47d0","061f57112415b03902ecc91ad65bb5e22369e86e","c0ed7a5ac32123410e28b7db1d6e2830c274aae2","[c41d139c975b29a1ba9d8a9fed30699cb4093889, 1c6cf96bf2d02e398044fac753a0685c589d47d0]","[4710172952973935891d8dd4ba7e23c24a97087a, 3097569ea40eecd3650da8aa00206e3f0ba2886d, 130a095e697c8f2813da3ec31923c605012d654e, 42487a911c998b020fa991825ce8284fdb766141, 22125242a66da03d46e6f0ab2e598a7ebf78ef95, a5305f2dfe37df6188930376d5b32e1fffe09816, 061f57112415b03902ecc91ad65bb5e22369e86e]"
"7ba05b90bbe947e47b6692979272637c48113a92","b8462db8015f07ca947475500b80a84beb567c72","5fa19f1ffa7016089a6db56794068b551b13ea5b","0a1c3abbc0ca0274792dad3f6ab534773d47d83a","[b8462db8015f07ca947475500b80a84beb567c72]","[4710172952973935891d8dd4ba7e23c24a97087a, 3097569ea40eecd3650da8aa00206e3f0ba2886d, 130a095e697c8f2813da3ec31923c605012d654e, 42487a911c998b020fa991825ce8284fdb766141, 5fa19f1ffa7016089a6db56794068b551b13ea5b]"
"5fa19f1ffa7016089a6db56794068b551b13ea5b","0a1c3abbc0ca0274792dad3f6ab534773d47d83a","42487a911c998b020fa991825ce8284fdb766141","c0ed7a5ac32123410e28b7db1d6e2830c274aae2","[c41d139c975b29a1ba9d8a9fed30699cb4093889, 1c6cf96bf2d02e398044fac753a0685c589d47d0, 0a1c3abbc0ca0274792dad3f6ab534773d47d83a]","[4710172952973935891d8dd4ba7e23c24a97087a, 3097569ea40eecd3650da8aa00206e3f0ba2886d, 130a095e697c8f2813da3ec31923c605012d654e, 42487a911c998b020fa991825ce8284fdb766141]"
"130a095e697c8f2813da3ec31923c605012d654e","3097569ea40eecd3650da8aa00206e3f0ba2886d","c0ed7a5ac32123410e28b7db1d6e2830c274aae2","349678c5da427cfcf959d0cb7b84dca62d9efd79","[4710172952973935891d8dd4ba7e23c24a97087a, 3097569ea40eecd3650da8aa00206e3f0ba2886d]","[f0add9931598293c2719d39ded7443c47963d954, 511812793004d1764a4506d9c4f84f9d9708e74e, 6fb7dc8aaec4d8b18ce91ca54fa32edf92b1dc51, 4e0821a735c2aba4d5aee64501c77e056a0b1c71, 26750764c691300ce82ecd2ca24c1d2c46a04d5a, 24cc3cc4bd1c77ae734b4c1178ff7daed9f6b916, 8dba0c0473e9fac8343a1cbfc177dca17c160007, fd55eeb61ba3698c205a2ff9e22634a43c3d3fe6, b9151c39c159d38aa50a20b829cc9d1dac122018, 439d978327fedb58257a7038d23bfd82b52d49b2, 5e15f696860004ac8b4f8f1b61df553f0dab53d8, 37bf6f64782763dfe40e053fb3a70d4d5daf5bae, 34842b06fdd8a0f5970cc09559ecc473f7bf9fc4, 1384ac76d58cd764edb1e21ee84f98971780ac38, a1f16f28a9b3e11a75a0cc7edb55bf3c1dff26cf, 984c99db6a325db1901b4ff23c34559a47ede1ed, bab4625be2c53b992ad6622c29b481cc32714a65, 012625073eb948d435d77d17bbbd21dc059e7d64, 2d02707bced6411a3494c2251bf566dfc6aaa9f1, 924605ab5fb67f5bd823f4c26aceb14be03c8879, c0ed7a5ac32123410e28b7db1d6e2830c274aae2]"
"c0ed7a5ac32123410e28b7db1d6e2830c274aae2","924605ab5fb67f5bd823f4c26aceb14be03c8879","2d02707bced6411a3494c2251bf566dfc6aaa9f1","984c99db6a325db1901b4ff23c34559a47ede1ed","[924605ab5fb67f5bd823f4c26aceb14be03c8879]","[f0add9931598293c2719d39ded7443c47963d954, 511812793004d1764a4506d9c4f84f9d9708e74e, 6fb7dc8aaec4d8b18ce91ca54fa32edf92b1dc51, 4e0821a735c2aba4d5aee64501c77e056a0b1c71, 26750764c691300ce82ecd2ca24c1d2c46a04d5a, 24cc3cc4bd1c77ae734b4c1178ff7daed9f6b916, bab4625be2c53b992ad6622c29b481cc32714a65, 012625073eb948d435d77d17bbbd21dc059e7d64, 2d02707bced6411a3494c2251bf566dfc6aaa9f1]"
"012625073eb948d435d77d17bbbd21dc059e7d64","bab4625be2c53b992ad6622c29b481cc32714a65","984c99db6a325db1901b4ff23c34559a47ede1ed","349678c5da427cfcf959d0cb7b84dca62d9efd79","[f0add9931598293c2719d39ded7443c47963d954, 511812793004d1764a4506d9c4f84f9d9708e74e, 6fb7dc8aaec4d8b18ce91ca54fa32edf92b1dc51, 4e0821a735c2aba4d5aee64501c77e056a0b1c71, 26750764c691300ce82ecd2ca24c1d2c46a04d5a, 24cc3cc4bd1c77ae734b4c1178ff7daed9f6b916, bab4625be2c53b992ad6622c29b481cc32714a65]","[8dba0c0473e9fac8343a1cbfc177dca17c160007, fd55eeb61ba3698c205a2ff9e22634a43c3d3fe6, b9151c39c159d38aa50a20b829cc9d1dac122018, 439d978327fedb58257a7038d23bfd82b52d49b2, 5e15f696860004ac8b4f8f1b61df553f0dab53d8, 37bf6f64782763dfe40e053fb3a70d4d5daf5bae, 34842b06fdd8a0f5970cc09559ecc473f7bf9fc4, 1384ac76d58cd764edb1e21ee84f98971780ac38, a1f16f28a9b3e11a75a0cc7edb55bf3c1dff26cf, 984c99db6a325db1901b4ff23c34559a47ede1ed]"
"bab4625be2c53b992ad6622c29b481cc32714a65","24cc3cc4bd1c77ae734b4c1178ff7daed9f6b916","349678c5da427cfcf959d0cb7b84dca62d9efd79","59a30362a0d758100aea7289f19d79b936c8f2e0","[f0add9931598293c2719d39ded7443c47963d954, 511812793004d1764a4506d9c4f84f9d9708e74e, 6fb7dc8aaec4d8b18ce91ca54fa32edf92b1dc51, 4e0821a735c2aba4d5aee64501c77e056a0b1c71, 26750764c691300ce82ecd2ca24c1d2c46a04d5a, 24cc3cc4bd1c77ae734b4c1178ff7daed9f6b916]","[521428038a77720ea784cae5e986dcfdaf6f8206, 116f863a3f105009b38e899765c4f6c83348bc60, 6ce731ce124a49939dc33e13cd00642f23a59247, 3ded813148ab5ba00c8c4b70719ddaf67da4ec2b, 84709130080d01c4b2212c4f40b9149c9317121b, 93e6f9145c4641818ace5944515eccce6fc9ccc2, 85ea4bcd0cf498b6907927b056c00fdc7c9bbe36, 9df8c838982a6d8f5d9cf3c20e643c38852fabb9, c5c862a44998a091f15f03804d38f13c1013387b, 17b9c3340a2d20b84cc1e2a55920bff247aaf5a7, 2e8581abdfdf350adb170dbe2bfac0c2b20344db, 02f4bebb33b07872de48a7df0b1042be95697b70, c4c108e91a82b43b866678f538e27883f4af0c43, 349678c5da427cfcf959d0cb7b84dca62d9efd79]"
"5e15f696860004ac8b4f8f1b61df553f0dab53d8","439d978327fedb58257a7038d23bfd82b52d49b2","349678c5da427cfcf959d0cb7b84dca62d9efd79","02f4bebb33b07872de48a7df0b1042be95697b70","[8dba0c0473e9fac8343a1cbfc177dca17c160007, fd55eeb61ba3698c205a2ff9e22634a43c3d3fe6, b9151c39c159d38aa50a20b829cc9d1dac122018, 439d978327fedb58257a7038d23bfd82b52d49b2]","[c4c108e91a82b43b866678f538e27883f4af0c43, 349678c5da427cfcf959d0cb7b84dca62d9efd79]"
"349678c5da427cfcf959d0cb7b84dca62d9efd79","c4c108e91a82b43b866678f538e27883f4af0c43","02f4bebb33b07872de48a7df0b1042be95697b70","85ea4bcd0cf498b6907927b056c00fdc7c9bbe36","[c4c108e91a82b43b866678f538e27883f4af0c43]","[521428038a77720ea784cae5e986dcfdaf6f8206, 116f863a3f105009b38e899765c4f6c83348bc60, 9df8c838982a6d8f5d9cf3c20e643c38852fabb9, c5c862a44998a091f15f03804d38f13c1013387b, 17b9c3340a2d20b84cc1e2a55920bff247aaf5a7, 2e8581abdfdf350adb170dbe2bfac0c2b20344db, 02f4bebb33b07872de48a7df0b1042be95697b70]"
"02f4bebb33b07872de48a7df0b1042be95697b70","17b9c3340a2d20b84cc1e2a55920bff247aaf5a7","2e8581abdfdf350adb170dbe2bfac0c2b20344db","9df8c838982a6d8f5d9cf3c20e643c38852fabb9","[6ce731ce124a49939dc33e13cd00642f23a59247, 3ded813148ab5ba00c8c4b70719ddaf67da4ec2b, 84709130080d01c4b2212c4f40b9149c9317121b, 93e6f9145c4641818ace5944515eccce6fc9ccc2, 85ea4bcd0cf498b6907927b056c00fdc7c9bbe36, c5c862a44998a091f15f03804d38f13c1013387b, 17b9c3340a2d20b84cc1e2a55920bff247aaf5a7]","[2e8581abdfdf350adb170dbe2bfac0c2b20344db]"
"17b9c3340a2d20b84cc1e2a55920bff247aaf5a7","85ea4bcd0cf498b6907927b056c00fdc7c9bbe36","c5c862a44998a091f15f03804d38f13c1013387b","59a30362a0d758100aea7289f19d79b936c8f2e0","[6ce731ce124a49939dc33e13cd00642f23a59247, 3ded813148ab5ba00c8c4b70719ddaf67da4ec2b, 84709130080d01c4b2212c4f40b9149c9317121b, 93e6f9145c4641818ace5944515eccce6fc9ccc2, 85ea4bcd0cf498b6907927b056c00fdc7c9bbe36]","[521428038a77720ea784cae5e986dcfdaf6f8206, 116f863a3f105009b38e899765c4f6c83348bc60, 9df8c838982a6d8f5d9cf3c20e643c38852fabb9, c5c862a44998a091f15f03804d38f13c1013387b]"
"3ded813148ab5ba00c8c4b70719ddaf67da4ec2b","59a30362a0d758100aea7289f19d79b936c8f2e0","6ce731ce124a49939dc33e13cd00642f23a59247","1f63b1f3ace8698f5995e9887e607d1bae916fc5","[59a30362a0d758100aea7289f19d79b936c8f2e0]","[6ce731ce124a49939dc33e13cd00642f23a59247]"
"24cc3cc4bd1c77ae734b4c1178ff7daed9f6b916","26750764c691300ce82ecd2ca24c1d2c46a04d5a","59a30362a0d758100aea7289f19d79b936c8f2e0","1f63b1f3ace8698f5995e9887e607d1bae916fc5","[f0add9931598293c2719d39ded7443c47963d954, 511812793004d1764a4506d9c4f84f9d9708e74e, 6fb7dc8aaec4d8b18ce91ca54fa32edf92b1dc51, 4e0821a735c2aba4d5aee64501c77e056a0b1c71, 26750764c691300ce82ecd2ca24c1d2c46a04d5a]","[59a30362a0d758100aea7289f19d79b936c8f2e0]"
"26750764c691300ce82ecd2ca24c1d2c46a04d5a","4e0821a735c2aba4d5aee64501c77e056a0b1c71","1f63b1f3ace8698f5995e9887e607d1bae916fc5","ec1ce9ed5942dcd59abd7625b531ee95f4fe953d","[f0add9931598293c2719d39ded7443c47963d954, 511812793004d1764a4506d9c4f84f9d9708e74e, 6fb7dc8aaec4d8b18ce91ca54fa32edf92b1dc51, 4e0821a735c2aba4d5aee64501c77e056a0b1c71]","[1f63b1f3ace8698f5995e9887e607d1bae916fc5]"
"4e0821a735c2aba4d5aee64501c77e056a0b1c71","6fb7dc8aaec4d8b18ce91ca54fa32edf92b1dc51","ec1ce9ed5942dcd59abd7625b531ee95f4fe953d","e63bf2854856ce41b5fa51669d80ef4d1c68af55","[f0add9931598293c2719d39ded7443c47963d954, 511812793004d1764a4506d9c4f84f9d9708e74e, 6fb7dc8aaec4d8b18ce91ca54fa32edf92b1dc51]","[cf89880ee5a2e186cca7ebac2e8ca3e55808a3c5, 564a598d445d8c67c92da525572c9febc662cffd, ec1ce9ed5942dcd59abd7625b531ee95f4fe953d]"
"6fb7dc8aaec4d8b18ce91ca54fa32edf92b1dc51","511812793004d1764a4506d9c4f84f9d9708e74e","e63bf2854856ce41b5fa51669d80ef4d1c68af55","ab37113990811222fb6a0ec3bf110baa5296b0c4","[f0add9931598293c2719d39ded7443c47963d954, 511812793004d1764a4506d9c4f84f9d9708e74e]","[e63bf2854856ce41b5fa51669d80ef4d1c68af55]"
"511812793004d1764a4506d9c4f84f9d9708e74e","f0add9931598293c2719d39ded7443c47963d954","ab37113990811222fb6a0ec3bf110baa5296b0c4","f225bdde008aa9db8cbea7fa927c17af4e6229ee","[f0add9931598293c2719d39ded7443c47963d954]","[fefec6798a696a7eb15071a449cc7e2ecc9608a1, ab37113990811222fb6a0ec3bf110baa5296b0c4]"
"ee757446a8134a85b8c35a7cca3c212eb14e4993","46bb5bdfee1f9ac8c83910cb370c0f120fc5e039","2636e5c21f0832bfb7c2cbe308025b76dbf8791c","424951f8e88a34fabfaa74d50fcaa002b1701cb7","[46bb5bdfee1f9ac8c83910cb370c0f120fc5e039]","[c7ec0d8966584f261b8e90fca4dc36e3005b0127, 2636e5c21f0832bfb7c2cbe308025b76dbf8791c]"
