"https://github.com/scrollytelling/app.git"
"MERGE","LEFT","RIGHT","BASE","LEFT_COMMITS","RIGHT_COMMITS"
"99ffb484d9a2a167ab3cd8f47749ea6c206aaa7b","fca859ae75b7c0090158f185fef80c75318d86e0","6fb5ad79624fd0bca7b4328beeba1789130529f0","a771cac6dbfde81c148ea0066c43cf9e8ac95a8b","[bebd4224b6951771b3c4876ae54ceacfd213b8dd, 6389aba75c579ac303fd09d1a66da5c55472e432, 16c71e560ed3cf6b11779ce18daea8cecfca409f, 9eb389f09cf98f019fc4a9bf1d28663c500b3e08, 9756de2919381c9ca1a9f61ed13bb02fc123ced3, fca859ae75b7c0090158f185fef80c75318d86e0]","[bebd4224b6951771b3c4876ae54ceacfd213b8dd, 6389aba75c579ac303fd09d1a66da5c55472e432, ccd9109ff8588b41d1a5e75da50dd7a588c6a9ac, 3b57355b7ccff2662bd08c1c19a6886dcac9b605, 755b85305410fd8acfdf594b211df45e3f0d77db, 2dd63379fa6554abb1a7f16e9517468c0824d97f, 6fb5ad79624fd0bca7b4328beeba1789130529f0]"
"6fb5ad79624fd0bca7b4328beeba1789130529f0","2dd63379fa6554abb1a7f16e9517468c0824d97f","6389aba75c579ac303fd09d1a66da5c55472e432","96af75df91f6de6017b93bfefe1f4553a6200c27","[99d6821ac8d96af55d20fad609cc4343afdb1097, a771cac6dbfde81c148ea0066c43cf9e8ac95a8b, ccd9109ff8588b41d1a5e75da50dd7a588c6a9ac, 3b57355b7ccff2662bd08c1c19a6886dcac9b605, 755b85305410fd8acfdf594b211df45e3f0d77db, 2dd63379fa6554abb1a7f16e9517468c0824d97f]","[bebd4224b6951771b3c4876ae54ceacfd213b8dd, 6389aba75c579ac303fd09d1a66da5c55472e432]"
"fca859ae75b7c0090158f185fef80c75318d86e0","9756de2919381c9ca1a9f61ed13bb02fc123ced3","a771cac6dbfde81c148ea0066c43cf9e8ac95a8b","96af75df91f6de6017b93bfefe1f4553a6200c27","[bebd4224b6951771b3c4876ae54ceacfd213b8dd, 6389aba75c579ac303fd09d1a66da5c55472e432, 16c71e560ed3cf6b11779ce18daea8cecfca409f, 9eb389f09cf98f019fc4a9bf1d28663c500b3e08, 9756de2919381c9ca1a9f61ed13bb02fc123ced3]","[99d6821ac8d96af55d20fad609cc4343afdb1097, a771cac6dbfde81c148ea0066c43cf9e8ac95a8b]"
"2399183106a6c71a920093c04845e68a41476176","a82c5bd0768d5dbf501843785979b90db06efea3","99767ec1c2f5049fe9644253528664428570d4a4","b29ea9994d48bc8f20ffe77ce9a5f93bf1debb73","[5f0e9a7c77c304cb26941031e38b70d8b083c723, 2761304e888e5b1f9191f4d13d4c9b5fcc71cca9, a82c5bd0768d5dbf501843785979b90db06efea3]","[e58ef1d07775aff763f08048a21088934d6b0e91, 99767ec1c2f5049fe9644253528664428570d4a4]"
