"REPO_URL","TASK_ID","#HASHES","HASHES","#PROD_FILES","#TEST_FILES","LAST"
"https://github.com/8bitpal/hackful.git","1","34","[95a34874843d1ebbacd571292f0a3d5cd0ea5356, 11be244b00f29db81518d8d0ebb5ee94455a4a04, 786d65e6695a09ffd151bbf745629485c0dd039e, 03f013e9b6b6f9c81730c9fe72101e3965f10944, 6f7577976679620a4ff0a7b617b05b701d2602f0, c6d1eef328b411c7139d02104d95f2ae62580012, eae4965dd47b5581cf1af2d25d02efa3942b10a4, 732b3d73a0a43182bd683ded4186bcbcfde3162a, bcec9c165126f22983584afb2f5c22283a0f0827, 26cd6e49a61f3a2d2cfedf810f0c977f6bc1ad82, 16f7aee5ae66f63a2fe651f05e26e5786a22cfe0, 7c22b0d6f743f6ab959c07828391b327766dd14f, 30348a14e77ad278da1c6c3f80711115dce85b58, 99f809355a2238159d056859e15023c4ce24daca, e06a16fbb0a42747ba96eaf47832e8890ab462f0, 78bce6f9a2cf3f63de03ba94bef248f793943cc1, 8bd2426bfd21a7ac170c3ec9438087af09e71a4c, ba746e6b9aeaf0c94d81fd2d638655a9cf530750, c3347d7a04f3a2fb50d6b413865cd626b934fd0f, fcc452aa8e1a361bd3c7b982b98665904503723e, b9238eaecebae20c286954f2c31c3921999ad72e, 31035fd8b14cf2ad01e5823cc9458276df936e70, 4169a7e6e23e51d503ef91e22ae3159c40ae587a, 0fa2cc0897cf6c30ab1918f2da15ff37cd4ce5a8, fc3bba27935722d119cbe8d1f71ca105ae566aea, 9dd054b550c1a3ce47d0b31e6102e9213fbaa680, 73c6e4ed7a287739d58330420978412587356db9, d6bf9854f2ec98b1b921439fab5d31e5ae3ce464, 6f7f512afddd0325c503a2d85bc7f7dfdfdc9dc7, d15893cefec9aabebc24f900b293e8ab766c6644, d431984b621fdb59bf2853402c4e928bfd4c65b9, 706577cad9efca1aa7994b66a7ac09c4f3f32d89, 8d016733d0d2c55044abb8c27ed1c582ab49a3e3, 677bfabc9ea2c8b1918b7427f113b9fcd636a85d]","29","3","677bfabc9ea2c8b1918b7427f113b9fcd636a85d"
"https://github.com/8bitpal/hackful.git","3","4","[c45ed1854db440f656cca12335175b43b8f6b2d3, 7d235cb550a38effaa8f36585e818965bf1b3205, 2a4067b88b8ff502f855c237ecee1714df38d454, d721affb7c297bfd47cb2f391d3f504b5cca0d47]","2","1","d721affb7c297bfd47cb2f391d3f504b5cca0d47"
"https://github.com/8bitpal/hackful.git","4","33","[95a34874843d1ebbacd571292f0a3d5cd0ea5356, 11be244b00f29db81518d8d0ebb5ee94455a4a04, 786d65e6695a09ffd151bbf745629485c0dd039e, 03f013e9b6b6f9c81730c9fe72101e3965f10944, 6f7577976679620a4ff0a7b617b05b701d2602f0, c6d1eef328b411c7139d02104d95f2ae62580012, eae4965dd47b5581cf1af2d25d02efa3942b10a4, 732b3d73a0a43182bd683ded4186bcbcfde3162a, bcec9c165126f22983584afb2f5c22283a0f0827, 26cd6e49a61f3a2d2cfedf810f0c977f6bc1ad82, 16f7aee5ae66f63a2fe651f05e26e5786a22cfe0, 7c22b0d6f743f6ab959c07828391b327766dd14f, 30348a14e77ad278da1c6c3f80711115dce85b58, 99f809355a2238159d056859e15023c4ce24daca, e06a16fbb0a42747ba96eaf47832e8890ab462f0, 78bce6f9a2cf3f63de03ba94bef248f793943cc1, 8bd2426bfd21a7ac170c3ec9438087af09e71a4c, ba746e6b9aeaf0c94d81fd2d638655a9cf530750, c3347d7a04f3a2fb50d6b413865cd626b934fd0f, fcc452aa8e1a361bd3c7b982b98665904503723e, b9238eaecebae20c286954f2c31c3921999ad72e, 31035fd8b14cf2ad01e5823cc9458276df936e70, 4169a7e6e23e51d503ef91e22ae3159c40ae587a, 0fa2cc0897cf6c30ab1918f2da15ff37cd4ce5a8, fc3bba27935722d119cbe8d1f71ca105ae566aea, 9dd054b550c1a3ce47d0b31e6102e9213fbaa680, 73c6e4ed7a287739d58330420978412587356db9, d6bf9854f2ec98b1b921439fab5d31e5ae3ce464, 6f7f512afddd0325c503a2d85bc7f7dfdfdc9dc7, d15893cefec9aabebc24f900b293e8ab766c6644, d431984b621fdb59bf2853402c4e928bfd4c65b9, 706577cad9efca1aa7994b66a7ac09c4f3f32d89, 8d016733d0d2c55044abb8c27ed1c582ab49a3e3]","29","2","8d016733d0d2c55044abb8c27ed1c582ab49a3e3"
"https://github.com/8bitpal/hackful.git","6","33","[3b7e1948a93c6d35076648e94147c66ce6488962, c375b63ede24b524d551b1a34d4518b4c971f76f, bef4af602b6eb7bb030696db7841d49f3393a1bf, 8ead20c578d70d8937cb4370a8df0527578fcd96, 961480c64f8e64d8001a65aac2d33690f95a364b, acad12ea7b2ba5a8a773bf08ed0ef54e1bc2e327, c0841d30d492edf4de83cf2cac85ba9457ac16e7, dea90da2e512cd8b086218250141b05f348ddd35, 8623468bedd7325aa50ad53a454ee8f8c8d692bd, 59616f2d86c82d3a8baace2e58fccde1cadc69ce, df7890063c6909f19583c3139595db2645f9b5c1, 1b2ee472602770241ba42d43ff54201a684e3841, d3667ca1b4a39edc9395b25b5a24594524e4c9f7, 316225aef015ceb9470f92c35e740a191d61a7c7, f922849829cb287a5cdb7cc640e3e9eeef87258e, 83909d0a367cd11dd86d441d27264c8f51ab6996, 3ebced39cf740c7a70778788b2ff53a388adeb71, 92accfd02694eb201454dc08cfe6d2d10dda320a, 169d34754e22b98a58aabda7e493663e78a806d0, 2e70c10360bd30e5e340a1417f67d8d04f83620d, 782e938f161f9a6d753e8083b5984fa7c51ee95d, 814b316f56d10ee9c98ef3877f2a047a7551b990, 641a42037445575322d5c38de28de5da8bbe4ef6, 7e31bd09e98ff841b77afe8710e1872d3248e395, 855eaf15a3d3a5b35ea3dac59ed68dda61952a27, f1940053e2e6e435977beb65700070d848afa00f, 853add9a5a96535b610cd8b328d355f3e0404883, 23ae182a8100ecf50815653c23327d7412953c14, 29ca8ad1d03211edba68d4b6a746ee0c34746362, b788d856fb35476f9d58ce21e17111061382ca97, 6c3b770b61efa5609f091ea0179005cdd59898cd, abdf75e86b9690417191ede8148ffc127ee6b89d, 1a24b96f2e8555e79cf7dc79ddc48efd70ca40fe]","18","3","1a24b96f2e8555e79cf7dc79ddc48efd70ca40fe"
"https://github.com/8bitpal/hackful.git","7","18","[bef4af602b6eb7bb030696db7841d49f3393a1bf, 8ead20c578d70d8937cb4370a8df0527578fcd96, 961480c64f8e64d8001a65aac2d33690f95a364b, acad12ea7b2ba5a8a773bf08ed0ef54e1bc2e327, c0841d30d492edf4de83cf2cac85ba9457ac16e7, dea90da2e512cd8b086218250141b05f348ddd35, 8623468bedd7325aa50ad53a454ee8f8c8d692bd, 59616f2d86c82d3a8baace2e58fccde1cadc69ce, df7890063c6909f19583c3139595db2645f9b5c1, 1b2ee472602770241ba42d43ff54201a684e3841, d3667ca1b4a39edc9395b25b5a24594524e4c9f7, 316225aef015ceb9470f92c35e740a191d61a7c7, f922849829cb287a5cdb7cc640e3e9eeef87258e, 2e70c10360bd30e5e340a1417f67d8d04f83620d, 6c3b770b61efa5609f091ea0179005cdd59898cd, abdf75e86b9690417191ede8148ffc127ee6b89d, 1a24b96f2e8555e79cf7dc79ddc48efd70ca40fe, 7d235cb550a38effaa8f36585e818965bf1b3205]","18","2","7d235cb550a38effaa8f36585e818965bf1b3205"
"https://github.com/8bitpal/hackful.git","9","25","[bef4af602b6eb7bb030696db7841d49f3393a1bf, 8ead20c578d70d8937cb4370a8df0527578fcd96, 961480c64f8e64d8001a65aac2d33690f95a364b, acad12ea7b2ba5a8a773bf08ed0ef54e1bc2e327, c0841d30d492edf4de83cf2cac85ba9457ac16e7, dea90da2e512cd8b086218250141b05f348ddd35, 8623468bedd7325aa50ad53a454ee8f8c8d692bd, 59616f2d86c82d3a8baace2e58fccde1cadc69ce, df7890063c6909f19583c3139595db2645f9b5c1, 1b2ee472602770241ba42d43ff54201a684e3841, d3667ca1b4a39edc9395b25b5a24594524e4c9f7, 316225aef015ceb9470f92c35e740a191d61a7c7, f922849829cb287a5cdb7cc640e3e9eeef87258e, 782e938f161f9a6d753e8083b5984fa7c51ee95d, 814b316f56d10ee9c98ef3877f2a047a7551b990, 641a42037445575322d5c38de28de5da8bbe4ef6, 7e31bd09e98ff841b77afe8710e1872d3248e395, 855eaf15a3d3a5b35ea3dac59ed68dda61952a27, f1940053e2e6e435977beb65700070d848afa00f, 853add9a5a96535b610cd8b328d355f3e0404883, 23ae182a8100ecf50815653c23327d7412953c14, 29ca8ad1d03211edba68d4b6a746ee0c34746362, b788d856fb35476f9d58ce21e17111061382ca97, 6c3b770b61efa5609f091ea0179005cdd59898cd, abdf75e86b9690417191ede8148ffc127ee6b89d]","18","3","abdf75e86b9690417191ede8148ffc127ee6b89d"
"https://github.com/8bitpal/hackful.git","11","15","[83909d0a367cd11dd86d441d27264c8f51ab6996, 3ebced39cf740c7a70778788b2ff53a388adeb71, 92accfd02694eb201454dc08cfe6d2d10dda320a, 169d34754e22b98a58aabda7e493663e78a806d0, 782e938f161f9a6d753e8083b5984fa7c51ee95d, 814b316f56d10ee9c98ef3877f2a047a7551b990, 641a42037445575322d5c38de28de5da8bbe4ef6, 7e31bd09e98ff841b77afe8710e1872d3248e395, 855eaf15a3d3a5b35ea3dac59ed68dda61952a27, f1940053e2e6e435977beb65700070d848afa00f, 853add9a5a96535b610cd8b328d355f3e0404883, 23ae182a8100ecf50815653c23327d7412953c14, 29ca8ad1d03211edba68d4b6a746ee0c34746362, b788d856fb35476f9d58ce21e17111061382ca97, 6c3b770b61efa5609f091ea0179005cdd59898cd]","13","3","6c3b770b61efa5609f091ea0179005cdd59898cd"
