"REPO_URL","TASK_ID","#HASHES","HASHES","#PROD_FILES","#TEST_FILES","LAST"
"https://github.com/daqing/rabel.git","10","28","[d8be8a87e46db921e7c290163a025084512f6151, 373f954de94d79e9c428397aad90e6cebce8a8eb, abdf40bf294b1e55ecc487e2e7845bb02bc877b3, f5a54edb969e71aa71b2450ea910c8985433d7ba, 51c14763295d5deac12f0bbb745b9934d12c9d49, 1cdc7551105248e2e5e8864674fd97fb111a31c2, e285094d0c824a535c7ef4c8d481fe8567a1475a, 4e55d620687c963ad5aa3027f2b52a36b0742091, 9646139874538672ff724a3fbf48cf1a85785820, a79d22bdd76a27aa5a0cd743ab7d45bf8e072f91, 438bb8cdbc7558fd3222f44207ec14efb4bade21, f1aecff429d61cce8cdafca37274f47cb13fc031, 0eb3a24859351aba65dc129004ae925f2de4ba9f, 961b9486e5be79b4dd6638ebc34176d9dd591b14, 304c192c6c477942f27d25bc14e48cdafe3ba171, 148ebf2ceac67709bc0193c2b6428e427a377b6c, 8d6b82ec6d719d2380aba3e213c482379ba01e7b, 678da54d60ec3765e781722dbf69a659290a0a22, 955f112034a82c4cbed823ddba666a996be6a038, 3c24078512eafa88c656b1227519fa1ba6f50a0b, 6b81efcdad7dd9fc9f9930c711827227d4fa3324, f2513cb2cdde2274df02f7630d02f1a2fd35fc71, 7ed4b07cbe144f02441cb35a0cd88db1a1718634, 6958340e6d38c3c11f5a0cfc1f40f79bd9d19d0d, 086c76a94ea69277500faaf11ce80b94bd56539c, 7920e06fa2f3cafb5526b6ad5c3fd8f91cd25932, a1d16e02406f64b1b2014f82f3d374f3fdbfe73b, 7eb0dfb7cf9391e5ab8ef892e82ee9d13602fb21]","74","2","7eb0dfb7cf9391e5ab8ef892e82ee9d13602fb21"
"https://github.com/daqing/rabel.git","14","2","[6b81efcdad7dd9fc9f9930c711827227d4fa3324, 7ed4b07cbe144f02441cb35a0cd88db1a1718634]","33","2","7ed4b07cbe144f02441cb35a0cd88db1a1718634"
"https://github.com/daqing/rabel.git","16","11","[4a4668d881d436a9055f4c7ff9102bf614ef2787, 26b6fe63f319f01dd0e14e8092c79731b45322e3, 354ac3a44c70fccffc7a069106623be2ab66036b, 6f774c9e428574d42449672f13153bd6917166f2, 83794ef707148410c531c1409e13fca036783f7f, 20700005ab2c588cafa21566efb461ab7a2b99e0, 8b718d853bd3f7054b3f57c31ef9b48f2412aa28, 0ae0b6de6f556ff3c82236c735f93200018629e0, 6057c0d75007a8f58dff062400b718ac8ff71623, 406f6d7fe8ab8675e8eaea05deaaee77808dce58, 8edfb717be95e8c786a8977009ed2dbbc6c605dc]","5","1","8edfb717be95e8c786a8977009ed2dbbc6c605dc"
"https://github.com/daqing/rabel.git","26","22","[8328a8824f848f14727bdcda0a3c659087538a69, 6446c63924a1997ced66d731ac100b6106d9c674, 7de15d6763d1de1de2a1115eee1d5f08a38e6e31, 6e7f9481c25e71d31dcd8c2113e8ade4e73006dd, 1ff1435fa778918d84a3ba726d06053c307dfef8, f60eef4e368bdcc5bf14447d84ff0bdd9812629c, 9a7cf37f710f8dab726bb32e6396ce12ebf5b545, dae3ee9372342e2328ca34595780b1e268447cdc, fbc4a61c3a9fc06e6a250516525d14b0c1a16169, ee90a7f614456e172890b625f8f8b7a59938d901, c5c990e203a5a0179bb16b380a9395d81e3acff2, add32e33b6b804f5f48aab5522034303719b7a2b, 61455b2080435d091bbbd9a462e407038cea27a7, c8d8cf71b39e0df3cce367a93b0d767a8722927c, 0a181b7dbe4e254f930e79c6f9e806d4b51068d4, ce13e7b973297d2b964e24d62ddcb933d8cc578c, 3380a77e47eb82229b44c598aa32ae5ace9c623e, ab2f45c4202bb458f689071baca87e0ec9239ea6, 8dde77278bb33c9aa149861c11d49e105344c1b3, 72bad97118174b51dc5930e2eb431443933feb60, ac68710d0623b57e17b2f449534013e65907bb0f, f4ac57f00c1b9b2626a37fcaaf89cc8289d9068e]","96","12","f4ac57f00c1b9b2626a37fcaaf89cc8289d9068e"
