"REPO_URL","TASK_ID","#HASHES","HASHES","#PROD_FILES","#TEST_FILES","LAST"
"https://github.com/EFForg/action-center-platform.git","67","1","[627494a85bd127ca8ca793790d3f329124d78d9e]","2","4","627494a85bd127ca8ca793790d3f329124d78d9e"
"https://github.com/EFForg/action-center-platform.git","68","20","[c95cb01c5b86803590a37cf630bb9e3786c293ea, c2c873d03dc366657f51141ece80b8114777e1af, 4bf5bbf18c60271fd7f697fd2d542b6975011013, 2e5e9b80ffe68528cd64d0daa27f7df1dd6c5382, aa97a367badf81d5a13e64315cbd676b495a3b93, 41f5a7d0f5f6de3a49194e34fe756a476b7f419d, bf4583503a035ce34873be00411698ed6705ace1, 5b9ab7873ca459260f6fb7b160fcbe21f1ede9cc, 14640b41ae5196ccb747a9e4a2d6340610ff7757, b7e6ad5f6af90c12be78cf1564bab1f9f266cbb1, 8b2a2944816db5b4db7de9036549d53556c99e74, 09b4928b6fe25ca99de426388ba30e88691448b5, faaffa6e6b8b6c58547225b408f1bae76f94144d, 21e2ff6b836519a4c98ad390b91b722e126bdb71, 14f5f001d898df03adaee3ec13ed4816c42b4488, 5aa57e22f1f587a74687145b56429830394a3c6e, d8bfb73409c67644a20041733c5337362743881e, 38ee5dbfc7af2ace11e1360734960023f52c890e, 59c1c2ca96e1fcd84e7e65b478396230ba547f86, 25291e587c80823bf06f229f75b55efbcda3a836]","29","9","25291e587c80823bf06f229f75b55efbcda3a836"
"https://github.com/EFForg/action-center-platform.git","69","15","[c95cb01c5b86803590a37cf630bb9e3786c293ea, c2c873d03dc366657f51141ece80b8114777e1af, 4bf5bbf18c60271fd7f697fd2d542b6975011013, 2e5e9b80ffe68528cd64d0daa27f7df1dd6c5382, aa97a367badf81d5a13e64315cbd676b495a3b93, 41f5a7d0f5f6de3a49194e34fe756a476b7f419d, bf4583503a035ce34873be00411698ed6705ace1, 5b9ab7873ca459260f6fb7b160fcbe21f1ede9cc, 14640b41ae5196ccb747a9e4a2d6340610ff7757, b7e6ad5f6af90c12be78cf1564bab1f9f266cbb1, 8b2a2944816db5b4db7de9036549d53556c99e74, 09b4928b6fe25ca99de426388ba30e88691448b5, 21e2ff6b836519a4c98ad390b91b722e126bdb71, 5aa57e22f1f587a74687145b56429830394a3c6e, 59c1c2ca96e1fcd84e7e65b478396230ba547f86]","28","5","59c1c2ca96e1fcd84e7e65b478396230ba547f86"
"https://github.com/EFForg/action-center-platform.git","70","14","[b3a81d74d8b3261fafe87a84d71b0f4fbc90430c, 6fa693b500310cd6d8a15c82d81b8bded26ca1c4, bd667cba01b6308e10d23523f14dc362ca90b802, daaab935be1ce907376406600153983e1a641a50, 0c51f2cfdc6355d604313928b1ed885666090385, 327860abf523d03c1c598cdef818b9a5e5b768b1, a7fcba075929b6b16621252f60637e6d6ab05bc9, 83a2cebc8241e31e2eebfe1ea5283934b2747f95, 1d18105da07fb65c486d8794494e481f50acd7c9, 2f625705930775765987bb42c970520921f79e6d, faaffa6e6b8b6c58547225b408f1bae76f94144d, 14f5f001d898df03adaee3ec13ed4816c42b4488, d8bfb73409c67644a20041733c5337362743881e, 38ee5dbfc7af2ace11e1360734960023f52c890e]","10","7","38ee5dbfc7af2ace11e1360734960023f52c890e"
"https://github.com/EFForg/action-center-platform.git","71","23","[c95cb01c5b86803590a37cf630bb9e3786c293ea, 992e10c37015c22b4d50b46cef8b1aadc6d94c31, 3ed413603030e3547f2d510e37068f2817769d67, f95c6fef1b0153beee25871771eb12a775a000f7, 1b48e20874df70bdc9d6d1b22a8a0e5f699ba867, dfafd030c2099d3150a8efc9f3b20742659f2df9, 20b05559eef010cf99c89fa4585221ba3fa15441, b3e3595f79f6681dc36d559ea46a92991f10c6e3, 98495f51122a13b764ef781ce602fbd8dac4ba7b, 46dfb70a913026f18752858066298c41631fe467, b6300da8cbd11a8d74159ddae99cf43ca179601a, a4f0a1a09d29e71bfd12482391b2434ab33b804e, 5c6a92cc863325ab77dfb6f9b632d556ebb96992, ba68239f716d9eb31f9895842e455c2e88c29478, 1c58fcc411002d78c78569b043fbd6ec200d1442, 41f5a7d0f5f6de3a49194e34fe756a476b7f419d, bf4583503a035ce34873be00411698ed6705ace1, 5b9ab7873ca459260f6fb7b160fcbe21f1ede9cc, 14640b41ae5196ccb747a9e4a2d6340610ff7757, b7e6ad5f6af90c12be78cf1564bab1f9f266cbb1, 8b2a2944816db5b4db7de9036549d53556c99e74, 21e2ff6b836519a4c98ad390b91b722e126bdb71, 5aa57e22f1f587a74687145b56429830394a3c6e]","28","5","5aa57e22f1f587a74687145b56429830394a3c6e"
"https://github.com/EFForg/action-center-platform.git","73","2","[c95cb01c5b86803590a37cf630bb9e3786c293ea, b7e6ad5f6af90c12be78cf1564bab1f9f266cbb1]","27","5","b7e6ad5f6af90c12be78cf1564bab1f9f266cbb1"
"https://github.com/EFForg/action-center-platform.git","75","103","[9199f0f519cd4575f4ca6938da212bdbd4c5f166, c55f446c623ffbce8522e0c3c025a30f717c0ddb, b664481585cfa12bb31b69a0010883d488cf9ddb, d8a73d3e0a522a5b283e3dfb3831a1daeef0d668, 81be09afceaba6bf59eeeb289cc7b1f40514f262, 5642eb82924cf683370a038e3968e699a9c91c04, 07cfea0d224c7994a084b81feeb7a30e77487e87, f3f0329f005661c55c5db3a71fb8fe90a2829433, 7df1fd183ae774426d0171c0441fb11b3925accf, b628f8cec422dc234d0e780f518128fbb766a35c, 4a01499e8b3a67cc43d24bf08446f43759597b48, 1b836501672f596cb735c4329644fe62c27fe853, 1c2880a89b8c0558c4d5a9f1c6d6bd096a17344e, 81ffbb2e7833d388b5c8b6aa4c85c460e0b01eb7, 008dd108a9b0b093b52c180dc21bd476aa5a2dce, 4e3457acfbd62f2755655c03b0eca0db7b6dff37, 9909ca9309755bd714faf7860f325fb41d3a017e, 2bd926ce51334ecf2fae121666096fa5fc8562f2, 8037a8a94723140a3505dc47d7c44957a7a63327, 003775b9e82560930caa7b3ed7092b3f6056ee1c, de5f06704b1814b1b10d7f7d6bc014fed1e05ccf, a780473d54f33e07752c027d245f6484ed34a77f, 9a5065814845fd2269efd57009193fa02e6a2af9, b329f275d2f11967358543d155eab66527346311, d8499b19116a3838aa03f409ef2d47374d5ae17b, 10d9e39f4f2cfdfa1d446cea4cc667d79a7cc86c, 6d16f4f17285477e87a0e510d2a14a7f88d8959b, 10caf320bc012ffed4b69213322d2987efb92136, 86a443e79abc3b1ca14cb7dc8c35c7756f14cc2a, 6ffa3c2ecf6097647bd41772b47ac990999994bc, cf7a9c98838ae59380d57840916996c5e88855d0, bc0703f96fe45d9f5fe843aaf9f72dc06c683748, 20c86678ad5f37054e0997e77f63cc21a2057734, de2e5c58605776cc2a34d2de7818678ee22d5e49, 3672efc6f8d886a383a92e10bb681408e65009f1, 103f502f57a46f0172a7e4cee34dc4eb6408183e, 6b5586ea7b289940fd3b2fef41614ca8ae54e51b, 189bb8c811f58bae1be054328fef2a2073a46f7a, c40d3f097057bdd6c92ff3cd4b6aa697b7638934, e6ef88baca2f98762c58c0d11adb39af0d049db3, 7015bfbb1596d4fe0b7edde51446de02e390d3c3, 9e4cbf949f8bdfa09f432b003e110a5ccca0d408, b13cff718f0ac25c400ceb9b0b0f1261abdc917b, ebad5244ce1a312cab0a8037e012e8d177cea07a, 69f1fdde591e62477dbdf9fe086b08a22c07c1a2, 817ce2ca17a33052adc7b8a2aa63e627712d459d, 452fb226be06fa9822ef92882521bc7172ec4a64, 53ee81647271d9d83c30090e1e49118dff179a0a, c0aa6cddd17286c697293494741d830bd076da34, 9baa0b23bf384209614511bc0be054a9a7c2b6ba, 8e3e715a35229073ed7c1aa01fb71e54b2676255, b0a0e6d1a9c752bdda8ee8b2725152c8189ed0fb, cfc385f4893d6714e3888065baf8ec8f9d1c9a6d, 1190a673f1bea7e871a242bd8b18001cd78165aa, 6d6b60712f41421b1c6015be82250ccbd6e8e5d4, 698a8a58bf2038d7fb6caa932c607e606697333b, ee133c32432051afa6073b663e4aac11460404c1, 4e4c6b2d2f10c77ab5b74d650375d28d691733b5, 2599d115c98554c4b6d34d58fcf29b4ef73926f2, 86be8531b51f3e0b5e8e45fde8b71b37ea935210, f73e66aedff03d4188958a5fe895f9dcc3654805, c4a00a777807e8e57be052964a07f36d41083762, 9e27d4e6dcc4976636715087d22ae505143b8b09, 42ae8fa9a8803147c05881bdc7d319cbef742661, f16b9aac9780a0c88a9b9fef4312d22f5c217fcf, 3760b0d854848a55931c4d95778bc59644c8ef74, 287e2512fcf968d3c1f705b2aedd353729d8ac1a, eff498eaee87ff7528bc9319b8785939a196bc98, d0af1a3b0692d6cedb3c68f955cce0502839df55, d4a83c2a71dc1c4718c829a5519c7a0afb89f1f4, a05a35c7f682bdcab117a0a7cb7d70f9ed2a4f4d, 561bac9cb24e43d31b8a6ef51b0b6e6cd4f3494e, 841fec27001ba814be477940f79a32a1d78c0556, beb07e825b58b0e275e815b9c9a929876240c1ec, 0dc811d4b32137551826621f3b1ab14c2581f5ef, f211de8d53dcbe69f8a1c30c3325a2ad75470be7, 5e42ac9c3d4e7a53fe71cf6d753adcd3a00084aa, fff2f65d00365ce01fe080a9f666c860d235260f, ac5ea6302538c73d823a998dcdbe24e78962c48f, 1a5c5736a58dfe78844d7562f79e0df6635e33c8, 9201bd3973431477a0308c3bf589b94f2910a39c, 767035b1b64882ffcfaf5321f0d255daf044cf95, a4b167643c62e0e3d56708f87b3d7f4d570f2dde, c2c873d03dc366657f51141ece80b8114777e1af, 5121a7cbbb5cae45227feea2e55b2ca1376ce221, 4bf5bbf18c60271fd7f697fd2d542b6975011013, 992e10c37015c22b4d50b46cef8b1aadc6d94c31, 3ed413603030e3547f2d510e37068f2817769d67, f95c6fef1b0153beee25871771eb12a775a000f7, 1b48e20874df70bdc9d6d1b22a8a0e5f699ba867, dfafd030c2099d3150a8efc9f3b20742659f2df9, 20b05559eef010cf99c89fa4585221ba3fa15441, b3e3595f79f6681dc36d559ea46a92991f10c6e3, 98495f51122a13b764ef781ce602fbd8dac4ba7b, 46dfb70a913026f18752858066298c41631fe467, b6300da8cbd11a8d74159ddae99cf43ca179601a, a4f0a1a09d29e71bfd12482391b2434ab33b804e, 5c6a92cc863325ab77dfb6f9b632d556ebb96992, ba68239f716d9eb31f9895842e455c2e88c29478, 1c58fcc411002d78c78569b043fbd6ec200d1442, 41f5a7d0f5f6de3a49194e34fe756a476b7f419d, bf4583503a035ce34873be00411698ed6705ace1, 5b9ab7873ca459260f6fb7b160fcbe21f1ede9cc]","27","5","5b9ab7873ca459260f6fb7b160fcbe21f1ede9cc"
"https://github.com/EFForg/action-center-platform.git","77","3","[c2c873d03dc366657f51141ece80b8114777e1af, 4bf5bbf18c60271fd7f697fd2d542b6975011013, 41f5a7d0f5f6de3a49194e34fe756a476b7f419d]","11","1","41f5a7d0f5f6de3a49194e34fe756a476b7f419d"
"https://github.com/EFForg/action-center-platform.git","78","14","[992e10c37015c22b4d50b46cef8b1aadc6d94c31, 3ed413603030e3547f2d510e37068f2817769d67, f95c6fef1b0153beee25871771eb12a775a000f7, 1b48e20874df70bdc9d6d1b22a8a0e5f699ba867, dfafd030c2099d3150a8efc9f3b20742659f2df9, 20b05559eef010cf99c89fa4585221ba3fa15441, b3e3595f79f6681dc36d559ea46a92991f10c6e3, 98495f51122a13b764ef781ce602fbd8dac4ba7b, 46dfb70a913026f18752858066298c41631fe467, b6300da8cbd11a8d74159ddae99cf43ca179601a, a4f0a1a09d29e71bfd12482391b2434ab33b804e, 5c6a92cc863325ab77dfb6f9b632d556ebb96992, ba68239f716d9eb31f9895842e455c2e88c29478, 1c58fcc411002d78c78569b043fbd6ec200d1442]","9","4","1c58fcc411002d78c78569b043fbd6ec200d1442"
"https://github.com/EFForg/action-center-platform.git","79","1","[c2c873d03dc366657f51141ece80b8114777e1af]","11","1","c2c873d03dc366657f51141ece80b8114777e1af"
"https://github.com/EFForg/action-center-platform.git","81","2","[69f1fdde591e62477dbdf9fe086b08a22c07c1a2, 8e3e715a35229073ed7c1aa01fb71e54b2676255]","6","1","8e3e715a35229073ed7c1aa01fb71e54b2676255"
"https://github.com/EFForg/action-center-platform.git","83","12","[9199f0f519cd4575f4ca6938da212bdbd4c5f166, 81be09afceaba6bf59eeeb289cc7b1f40514f262, 5642eb82924cf683370a038e3968e699a9c91c04, 07cfea0d224c7994a084b81feeb7a30e77487e87, f3f0329f005661c55c5db3a71fb8fe90a2829433, b13cff718f0ac25c400ceb9b0b0f1261abdc917b, ebad5244ce1a312cab0a8037e012e8d177cea07a, 817ce2ca17a33052adc7b8a2aa63e627712d459d, 452fb226be06fa9822ef92882521bc7172ec4a64, 53ee81647271d9d83c30090e1e49118dff179a0a, c0aa6cddd17286c697293494741d830bd076da34, 9baa0b23bf384209614511bc0be054a9a7c2b6ba]","11","1","9baa0b23bf384209614511bc0be054a9a7c2b6ba"
"https://github.com/EFForg/action-center-platform.git","85","9","[81be09afceaba6bf59eeeb289cc7b1f40514f262, 5642eb82924cf683370a038e3968e699a9c91c04, 07cfea0d224c7994a084b81feeb7a30e77487e87, f3f0329f005661c55c5db3a71fb8fe90a2829433, b13cff718f0ac25c400ceb9b0b0f1261abdc917b, ebad5244ce1a312cab0a8037e012e8d177cea07a, 817ce2ca17a33052adc7b8a2aa63e627712d459d, 452fb226be06fa9822ef92882521bc7172ec4a64, 53ee81647271d9d83c30090e1e49118dff179a0a]","5","1","53ee81647271d9d83c30090e1e49118dff179a0a"
"https://github.com/EFForg/action-center-platform.git","86","2","[9199f0f519cd4575f4ca6938da212bdbd4c5f166, c0aa6cddd17286c697293494741d830bd076da34]","11","1","c0aa6cddd17286c697293494741d830bd076da34"
"https://github.com/EFForg/action-center-platform.git","88","37","[c55f446c623ffbce8522e0c3c025a30f717c0ddb, b664481585cfa12bb31b69a0010883d488cf9ddb, d8a73d3e0a522a5b283e3dfb3831a1daeef0d668, 7df1fd183ae774426d0171c0441fb11b3925accf, b628f8cec422dc234d0e780f518128fbb766a35c, 4a01499e8b3a67cc43d24bf08446f43759597b48, 1b836501672f596cb735c4329644fe62c27fe853, 1c2880a89b8c0558c4d5a9f1c6d6bd096a17344e, 81ffbb2e7833d388b5c8b6aa4c85c460e0b01eb7, 008dd108a9b0b093b52c180dc21bd476aa5a2dce, 4e3457acfbd62f2755655c03b0eca0db7b6dff37, 9909ca9309755bd714faf7860f325fb41d3a017e, 2bd926ce51334ecf2fae121666096fa5fc8562f2, 8037a8a94723140a3505dc47d7c44957a7a63327, 003775b9e82560930caa7b3ed7092b3f6056ee1c, de5f06704b1814b1b10d7f7d6bc014fed1e05ccf, a780473d54f33e07752c027d245f6484ed34a77f, 9a5065814845fd2269efd57009193fa02e6a2af9, b329f275d2f11967358543d155eab66527346311, d8499b19116a3838aa03f409ef2d47374d5ae17b, 10d9e39f4f2cfdfa1d446cea4cc667d79a7cc86c, 6d16f4f17285477e87a0e510d2a14a7f88d8959b, 10caf320bc012ffed4b69213322d2987efb92136, 86a443e79abc3b1ca14cb7dc8c35c7756f14cc2a, 6ffa3c2ecf6097647bd41772b47ac990999994bc, cf7a9c98838ae59380d57840916996c5e88855d0, bc0703f96fe45d9f5fe843aaf9f72dc06c683748, 20c86678ad5f37054e0997e77f63cc21a2057734, de2e5c58605776cc2a34d2de7818678ee22d5e49, 3672efc6f8d886a383a92e10bb681408e65009f1, 103f502f57a46f0172a7e4cee34dc4eb6408183e, 6b5586ea7b289940fd3b2fef41614ca8ae54e51b, 189bb8c811f58bae1be054328fef2a2073a46f7a, c40d3f097057bdd6c92ff3cd4b6aa697b7638934, e6ef88baca2f98762c58c0d11adb39af0d049db3, 7015bfbb1596d4fe0b7edde51446de02e390d3c3, 9e4cbf949f8bdfa09f432b003e110a5ccca0d408]","7","1","9e4cbf949f8bdfa09f432b003e110a5ccca0d408"
"https://github.com/EFForg/action-center-platform.git","89","14","[81be09afceaba6bf59eeeb289cc7b1f40514f262, 5642eb82924cf683370a038e3968e699a9c91c04, 07cfea0d224c7994a084b81feeb7a30e77487e87, f3f0329f005661c55c5db3a71fb8fe90a2829433, 3672efc6f8d886a383a92e10bb681408e65009f1, 103f502f57a46f0172a7e4cee34dc4eb6408183e, 6b5586ea7b289940fd3b2fef41614ca8ae54e51b, 189bb8c811f58bae1be054328fef2a2073a46f7a, c40d3f097057bdd6c92ff3cd4b6aa697b7638934, e6ef88baca2f98762c58c0d11adb39af0d049db3, 7015bfbb1596d4fe0b7edde51446de02e390d3c3, 9e4cbf949f8bdfa09f432b003e110a5ccca0d408, ebad5244ce1a312cab0a8037e012e8d177cea07a, 452fb226be06fa9822ef92882521bc7172ec4a64]","4","1","452fb226be06fa9822ef92882521bc7172ec4a64"
"https://github.com/EFForg/action-center-platform.git","92","34","[7df1fd183ae774426d0171c0441fb11b3925accf, b628f8cec422dc234d0e780f518128fbb766a35c, 4a01499e8b3a67cc43d24bf08446f43759597b48, 1b836501672f596cb735c4329644fe62c27fe853, 1c2880a89b8c0558c4d5a9f1c6d6bd096a17344e, 81ffbb2e7833d388b5c8b6aa4c85c460e0b01eb7, 008dd108a9b0b093b52c180dc21bd476aa5a2dce, 4e3457acfbd62f2755655c03b0eca0db7b6dff37, 9909ca9309755bd714faf7860f325fb41d3a017e, 2bd926ce51334ecf2fae121666096fa5fc8562f2, 8037a8a94723140a3505dc47d7c44957a7a63327, 003775b9e82560930caa7b3ed7092b3f6056ee1c, de5f06704b1814b1b10d7f7d6bc014fed1e05ccf, a780473d54f33e07752c027d245f6484ed34a77f, 9a5065814845fd2269efd57009193fa02e6a2af9, b329f275d2f11967358543d155eab66527346311, d8499b19116a3838aa03f409ef2d47374d5ae17b, 10d9e39f4f2cfdfa1d446cea4cc667d79a7cc86c, 6d16f4f17285477e87a0e510d2a14a7f88d8959b, 10caf320bc012ffed4b69213322d2987efb92136, 86a443e79abc3b1ca14cb7dc8c35c7756f14cc2a, 6ffa3c2ecf6097647bd41772b47ac990999994bc, cf7a9c98838ae59380d57840916996c5e88855d0, bc0703f96fe45d9f5fe843aaf9f72dc06c683748, 20c86678ad5f37054e0997e77f63cc21a2057734, de2e5c58605776cc2a34d2de7818678ee22d5e49, 3672efc6f8d886a383a92e10bb681408e65009f1, 103f502f57a46f0172a7e4cee34dc4eb6408183e, 6b5586ea7b289940fd3b2fef41614ca8ae54e51b, 189bb8c811f58bae1be054328fef2a2073a46f7a, c40d3f097057bdd6c92ff3cd4b6aa697b7638934, e6ef88baca2f98762c58c0d11adb39af0d049db3, 7015bfbb1596d4fe0b7edde51446de02e390d3c3, 9e4cbf949f8bdfa09f432b003e110a5ccca0d408]","4","1","9e4cbf949f8bdfa09f432b003e110a5ccca0d408"
"https://github.com/EFForg/action-center-platform.git","95","74","[d77d830ecba1caf48afaf617784a7e2975a84517, 0250b8c0b414b322b6de001faa65107d678b425b, 1260f0e965bd4b944fb609ffac82787123c38e02, 7bbc5d76c3fb3358af81876fad070e8fc797c8ce, eb0267923293525db7d5f50c5aaf6c7098029587, cd52f00f80f73fd7e19389f73f063377cda95a81, 5228d1f4e09fe3c4b3f3e75301a4e4707eb6080f, f0f3a537bab821cdc9a34b368738db05dfe3abfd, 8cf557c38d2abf7aafb81b0aa76ea69d07073c9c, 41c64e752f987ba7ca581abf44ece688d26a3562, 8430233b5d66f3afd04f1aae3f5f13ac93c260b3, 3eb9824756c101cf77aa0a0ec845f6fb0f549af9, 2d9bbef2da68d189434af95069364d40dd87095e, b000300dbcf7688c3a9eea03af3ee34fff7af509, 63e0b87327e8f8987ea9f2f4c1e075aae0f1061b, c54f3ea06b1bdcee7f6d9c3f7b3190dace7c4732, 1e63ce322a45f8f2111bf1e7a9c33636deb098e3, a484efc39572c8d72d04e8eb023b782d8d20faf9, 56c7303c10a50766318deb622fb71a937f3556f7, 13f98c165c4011d736eec50de5b2ea528aac3585, 27c65193547ab3abe4ea5fe3a7cd158066395cb6, ba04d1655e4ec7931c442c7855f21939aa57f77e, 5e2fc51308b615f988a675669d76b5d826f1bf77, b0e4c8f7557497bada380c0d7099e362e0fdc7c4, a71a725e569c6fd02c94290cec94dd76f9baa095, 54555f3bf34707d94a3b8c27e20701835b652a25, 96da408564adb6f7dc00af42e937e98921f24c50, deaf8b20dd3292df19fe5c2ec5c797643de10187, c765743b3333917bf48678a137dc0ee18592bd86, d033d5ef3dcfa16fcc2145e52ceff564b71697cd, b662130e2e32a0d18fdfbb34aa7bee066608f327, 899506ac7c1d9e8815086af788a03abd1ea946c4, 4e97a5e4cd82508221941ee3094e97ffaa4ff90f, 0444761b97bf7f51e7b16f432d00addbebee4567, 3001a6a7c15baabe7d1d4f4677905ed4c3ddf44e, fb22714546bd4cd9559dbb7fa08f09ba71d037d9, e34948c4e7b7238bdcd8d5f10fdc48d3432e849b, a77bcdb428db6c41db378ef3b8d4b2897fd6f5ba, e34f1a9d77fb81c98ba365177a8fc7a8931b0247, c12fb710ee5a2757e7d19b799d23c0add7588c98, 59949c2f7b5410f577a5a380be56eb1ed65cce11, dfb31865d3e0842597ca99fdf4ab397dc1f0618f, 6203368ca0f88c93817ea0c4708a04295cbf4263, 5450af45e59a5ad022c574e24ba5535082332697, 9478f7750f6a6483ae2dde5c353da6ba6d7e20fc, 3fe44eed57c6e7131403bc2bb679a081ebf8ee32, 5828ae008751e9729b55717a6c56512350a0da6d, 0d265ca277c568d8b7ccb3671958be611259bb72, f1f07b540b4efb89b742c1ba65e5e32530ac9bd5, aee06ce1485362fad347ede086ca7b7405638a65, 191029e6ac8d8f4249f77e2152ab000d3ab09386, fd75340c0befc14e1c4503d5f768a71de4d0d8b6, 7c8d9c5706474e40410a89afe5e89a265ecf54dd, 98991f05c2ab6b94d943c756a9960cf8b0be8523, d02f4573352b7846aedacfd2dfa4e1f4ce51b74e, ff4b86b1cd6ca9238c40f549e3bc0a74a59a1d44, ef269c35f7093e0ae1e3ff1b9f078be85e706751, 21505bd721f13e2332a91690a27ae2c482d6f1f1, aff0b6a6f444d762b4272d7744580cd5554ab42e, 84d68b451f0ffea6b12de87a8748ee19ca6b856f, 263d6e33bc4830cd5ef00a77f55f9cbddd4d6593, 368b87539f800ebe5667685884e008c9f000d4c2, 097c9a54be19870c9c1ca879660039b1f50165f7, 1ebff2b1682fe612b8b8e69b21e99d7e17978b0d, 7dc28eb46fbdc17befc5e9021f1d265ac4e33d99, 72943d82c019d4524530afedfd2cd11349e94aa4, f2946ded35a209202ad548708341011291d89ecb, 3322ffc873dc2d289c6da764e3ac96e477b80739, fe02bae72eb92297c5b21f51fe6cc3142fdcf48c, d9a513ab8eb51665cfedc7bb7e9ece4b219ee370, 5aac011e3f008a06ba929decc0733b23bc896b45, 86a5ab2b2d1359bb122a33ca644a42c82fd81a33, 3e88153009d288982c773826f2a645668d5633f3, 775274e73fda195f6185069aa2aad8228bdc010f]","75","16","775274e73fda195f6185069aa2aad8228bdc010f"
"https://github.com/EFForg/action-center-platform.git","98","24","[d77d830ecba1caf48afaf617784a7e2975a84517, 0250b8c0b414b322b6de001faa65107d678b425b, 1260f0e965bd4b944fb609ffac82787123c38e02, 7bbc5d76c3fb3358af81876fad070e8fc797c8ce, eb0267923293525db7d5f50c5aaf6c7098029587, cd52f00f80f73fd7e19389f73f063377cda95a81, 5228d1f4e09fe3c4b3f3e75301a4e4707eb6080f, f0f3a537bab821cdc9a34b368738db05dfe3abfd, 8cf557c38d2abf7aafb81b0aa76ea69d07073c9c, 41c64e752f987ba7ca581abf44ece688d26a3562, 8430233b5d66f3afd04f1aae3f5f13ac93c260b3, 3eb9824756c101cf77aa0a0ec845f6fb0f549af9, 2d9bbef2da68d189434af95069364d40dd87095e, c12fb710ee5a2757e7d19b799d23c0add7588c98, 59949c2f7b5410f577a5a380be56eb1ed65cce11, dfb31865d3e0842597ca99fdf4ab397dc1f0618f, d02f4573352b7846aedacfd2dfa4e1f4ce51b74e, ff4b86b1cd6ca9238c40f549e3bc0a74a59a1d44, ef269c35f7093e0ae1e3ff1b9f078be85e706751, 3322ffc873dc2d289c6da764e3ac96e477b80739, fe02bae72eb92297c5b21f51fe6cc3142fdcf48c, d9a513ab8eb51665cfedc7bb7e9ece4b219ee370, 86a5ab2b2d1359bb122a33ca644a42c82fd81a33, 3e88153009d288982c773826f2a645668d5633f3]","52","12","3e88153009d288982c773826f2a645668d5633f3"
"https://github.com/EFForg/action-center-platform.git","103","18","[d77d830ecba1caf48afaf617784a7e2975a84517, 0250b8c0b414b322b6de001faa65107d678b425b, 1260f0e965bd4b944fb609ffac82787123c38e02, 7bbc5d76c3fb3358af81876fad070e8fc797c8ce, eb0267923293525db7d5f50c5aaf6c7098029587, cd52f00f80f73fd7e19389f73f063377cda95a81, 5228d1f4e09fe3c4b3f3e75301a4e4707eb6080f, f0f3a537bab821cdc9a34b368738db05dfe3abfd, 8cf557c38d2abf7aafb81b0aa76ea69d07073c9c, 41c64e752f987ba7ca581abf44ece688d26a3562, 8430233b5d66f3afd04f1aae3f5f13ac93c260b3, 3eb9824756c101cf77aa0a0ec845f6fb0f549af9, 2d9bbef2da68d189434af95069364d40dd87095e, c12fb710ee5a2757e7d19b799d23c0add7588c98, 59949c2f7b5410f577a5a380be56eb1ed65cce11, dfb31865d3e0842597ca99fdf4ab397dc1f0618f, d02f4573352b7846aedacfd2dfa4e1f4ce51b74e, ff4b86b1cd6ca9238c40f549e3bc0a74a59a1d44]","44","12","ff4b86b1cd6ca9238c40f549e3bc0a74a59a1d44"
"https://github.com/EFForg/action-center-platform.git","105","17","[d77d830ecba1caf48afaf617784a7e2975a84517, 0250b8c0b414b322b6de001faa65107d678b425b, 1260f0e965bd4b944fb609ffac82787123c38e02, 7bbc5d76c3fb3358af81876fad070e8fc797c8ce, eb0267923293525db7d5f50c5aaf6c7098029587, cd52f00f80f73fd7e19389f73f063377cda95a81, 5228d1f4e09fe3c4b3f3e75301a4e4707eb6080f, f0f3a537bab821cdc9a34b368738db05dfe3abfd, 8cf557c38d2abf7aafb81b0aa76ea69d07073c9c, 41c64e752f987ba7ca581abf44ece688d26a3562, 8430233b5d66f3afd04f1aae3f5f13ac93c260b3, 3eb9824756c101cf77aa0a0ec845f6fb0f549af9, 2d9bbef2da68d189434af95069364d40dd87095e, c12fb710ee5a2757e7d19b799d23c0add7588c98, 59949c2f7b5410f577a5a380be56eb1ed65cce11, dfb31865d3e0842597ca99fdf4ab397dc1f0618f, d02f4573352b7846aedacfd2dfa4e1f4ce51b74e]","26","7","d02f4573352b7846aedacfd2dfa4e1f4ce51b74e"
"https://github.com/EFForg/action-center-platform.git","106","33","[b000300dbcf7688c3a9eea03af3ee34fff7af509, 63e0b87327e8f8987ea9f2f4c1e075aae0f1061b, c54f3ea06b1bdcee7f6d9c3f7b3190dace7c4732, 1e63ce322a45f8f2111bf1e7a9c33636deb098e3, a484efc39572c8d72d04e8eb023b782d8d20faf9, 56c7303c10a50766318deb622fb71a937f3556f7, 13f98c165c4011d736eec50de5b2ea528aac3585, 27c65193547ab3abe4ea5fe3a7cd158066395cb6, ba04d1655e4ec7931c442c7855f21939aa57f77e, 5e2fc51308b615f988a675669d76b5d826f1bf77, b0e4c8f7557497bada380c0d7099e362e0fdc7c4, a71a725e569c6fd02c94290cec94dd76f9baa095, 54555f3bf34707d94a3b8c27e20701835b652a25, 96da408564adb6f7dc00af42e937e98921f24c50, deaf8b20dd3292df19fe5c2ec5c797643de10187, c765743b3333917bf48678a137dc0ee18592bd86, d033d5ef3dcfa16fcc2145e52ceff564b71697cd, b662130e2e32a0d18fdfbb34aa7bee066608f327, 899506ac7c1d9e8815086af788a03abd1ea946c4, 4e97a5e4cd82508221941ee3094e97ffaa4ff90f, 0444761b97bf7f51e7b16f432d00addbebee4567, 3001a6a7c15baabe7d1d4f4677905ed4c3ddf44e, fb22714546bd4cd9559dbb7fa08f09ba71d037d9, e34948c4e7b7238bdcd8d5f10fdc48d3432e849b, a77bcdb428db6c41db378ef3b8d4b2897fd6f5ba, e34f1a9d77fb81c98ba365177a8fc7a8931b0247, 6203368ca0f88c93817ea0c4708a04295cbf4263, 5450af45e59a5ad022c574e24ba5535082332697, 9478f7750f6a6483ae2dde5c353da6ba6d7e20fc, 3fe44eed57c6e7131403bc2bb679a081ebf8ee32, 5828ae008751e9729b55717a6c56512350a0da6d, 0d265ca277c568d8b7ccb3671958be611259bb72, fd75340c0befc14e1c4503d5f768a71de4d0d8b6]","45","16","fd75340c0befc14e1c4503d5f768a71de4d0d8b6"
"https://github.com/EFForg/action-center-platform.git","108","3","[9478f7750f6a6483ae2dde5c353da6ba6d7e20fc, 3fe44eed57c6e7131403bc2bb679a081ebf8ee32, fd75340c0befc14e1c4503d5f768a71de4d0d8b6]","20","12","fd75340c0befc14e1c4503d5f768a71de4d0d8b6"
"https://github.com/EFForg/action-center-platform.git","109","30","[b000300dbcf7688c3a9eea03af3ee34fff7af509, 63e0b87327e8f8987ea9f2f4c1e075aae0f1061b, c54f3ea06b1bdcee7f6d9c3f7b3190dace7c4732, 1e63ce322a45f8f2111bf1e7a9c33636deb098e3, a484efc39572c8d72d04e8eb023b782d8d20faf9, 56c7303c10a50766318deb622fb71a937f3556f7, 13f98c165c4011d736eec50de5b2ea528aac3585, 27c65193547ab3abe4ea5fe3a7cd158066395cb6, ba04d1655e4ec7931c442c7855f21939aa57f77e, 5e2fc51308b615f988a675669d76b5d826f1bf77, b0e4c8f7557497bada380c0d7099e362e0fdc7c4, a71a725e569c6fd02c94290cec94dd76f9baa095, 54555f3bf34707d94a3b8c27e20701835b652a25, 96da408564adb6f7dc00af42e937e98921f24c50, deaf8b20dd3292df19fe5c2ec5c797643de10187, c765743b3333917bf48678a137dc0ee18592bd86, d033d5ef3dcfa16fcc2145e52ceff564b71697cd, b662130e2e32a0d18fdfbb34aa7bee066608f327, 899506ac7c1d9e8815086af788a03abd1ea946c4, 4e97a5e4cd82508221941ee3094e97ffaa4ff90f, 0444761b97bf7f51e7b16f432d00addbebee4567, 3001a6a7c15baabe7d1d4f4677905ed4c3ddf44e, fb22714546bd4cd9559dbb7fa08f09ba71d037d9, e34948c4e7b7238bdcd8d5f10fdc48d3432e849b, a77bcdb428db6c41db378ef3b8d4b2897fd6f5ba, e34f1a9d77fb81c98ba365177a8fc7a8931b0247, 6203368ca0f88c93817ea0c4708a04295cbf4263, 5450af45e59a5ad022c574e24ba5535082332697, 5828ae008751e9729b55717a6c56512350a0da6d, 0d265ca277c568d8b7ccb3671958be611259bb72]","44","16","0d265ca277c568d8b7ccb3671958be611259bb72"
"https://github.com/EFForg/action-center-platform.git","111","21","[b000300dbcf7688c3a9eea03af3ee34fff7af509, 63e0b87327e8f8987ea9f2f4c1e075aae0f1061b, c54f3ea06b1bdcee7f6d9c3f7b3190dace7c4732, 1e63ce322a45f8f2111bf1e7a9c33636deb098e3, a484efc39572c8d72d04e8eb023b782d8d20faf9, 56c7303c10a50766318deb622fb71a937f3556f7, 13f98c165c4011d736eec50de5b2ea528aac3585, 27c65193547ab3abe4ea5fe3a7cd158066395cb6, ba04d1655e4ec7931c442c7855f21939aa57f77e, 5e2fc51308b615f988a675669d76b5d826f1bf77, b0e4c8f7557497bada380c0d7099e362e0fdc7c4, d033d5ef3dcfa16fcc2145e52ceff564b71697cd, b662130e2e32a0d18fdfbb34aa7bee066608f327, 899506ac7c1d9e8815086af788a03abd1ea946c4, 4e97a5e4cd82508221941ee3094e97ffaa4ff90f, 0444761b97bf7f51e7b16f432d00addbebee4567, 3001a6a7c15baabe7d1d4f4677905ed4c3ddf44e, fb22714546bd4cd9559dbb7fa08f09ba71d037d9, 6203368ca0f88c93817ea0c4708a04295cbf4263, 5450af45e59a5ad022c574e24ba5535082332697, 5828ae008751e9729b55717a6c56512350a0da6d]","40","10","5828ae008751e9729b55717a6c56512350a0da6d"
"https://github.com/EFForg/action-center-platform.git","112","8","[a71a725e569c6fd02c94290cec94dd76f9baa095, 54555f3bf34707d94a3b8c27e20701835b652a25, 96da408564adb6f7dc00af42e937e98921f24c50, deaf8b20dd3292df19fe5c2ec5c797643de10187, c765743b3333917bf48678a137dc0ee18592bd86, e34948c4e7b7238bdcd8d5f10fdc48d3432e849b, a77bcdb428db6c41db378ef3b8d4b2897fd6f5ba, e34f1a9d77fb81c98ba365177a8fc7a8931b0247]","6","5","e34f1a9d77fb81c98ba365177a8fc7a8931b0247"
"https://github.com/EFForg/action-center-platform.git","114","18","[b000300dbcf7688c3a9eea03af3ee34fff7af509, 63e0b87327e8f8987ea9f2f4c1e075aae0f1061b, c54f3ea06b1bdcee7f6d9c3f7b3190dace7c4732, 1e63ce322a45f8f2111bf1e7a9c33636deb098e3, a484efc39572c8d72d04e8eb023b782d8d20faf9, 56c7303c10a50766318deb622fb71a937f3556f7, 13f98c165c4011d736eec50de5b2ea528aac3585, 27c65193547ab3abe4ea5fe3a7cd158066395cb6, ba04d1655e4ec7931c442c7855f21939aa57f77e, 5e2fc51308b615f988a675669d76b5d826f1bf77, b0e4c8f7557497bada380c0d7099e362e0fdc7c4, d033d5ef3dcfa16fcc2145e52ceff564b71697cd, b662130e2e32a0d18fdfbb34aa7bee066608f327, 899506ac7c1d9e8815086af788a03abd1ea946c4, 4e97a5e4cd82508221941ee3094e97ffaa4ff90f, 0444761b97bf7f51e7b16f432d00addbebee4567, 3001a6a7c15baabe7d1d4f4677905ed4c3ddf44e, 6203368ca0f88c93817ea0c4708a04295cbf4263]","35","10","6203368ca0f88c93817ea0c4708a04295cbf4263"
"https://github.com/EFForg/action-center-platform.git","116","5","[4df6c0b8a38febf76d7521d789597fae8dbfa1d3, d5c3f6f9dedfdfabba87ed8143b64c3091eafeea, ab7e268ffe08693d99f92c37766a17ae3211cd46, 61c87d498167c541ff5ee2a9af1ecceef602d393, d6b770e57d18c40f3224ae2915396fbd5679d7a8]","30","11","d6b770e57d18c40f3224ae2915396fbd5679d7a8"
"https://github.com/EFForg/action-center-platform.git","117","2","[b000300dbcf7688c3a9eea03af3ee34fff7af509, 63e0b87327e8f8987ea9f2f4c1e075aae0f1061b]","4","7","63e0b87327e8f8987ea9f2f4c1e075aae0f1061b"
"https://github.com/EFForg/action-center-platform.git","118","56","[1b3a0ffecf8e1858d46f67f133434ce50d13d885, 1003683552f91a772025897af557df350338b5ab, 44c41faeb572670c043eba3e01dd38e061b13288, 0200ec13119cf71bde7e84a1537439e92a963600, 2a74ba0bda339b48d024c00a7f5b627ae1b91f9e, 7afc91e48978568b3bca44454f1c2d2fbf1d1c51, aaaf50500a20b41e2ee242c9b7f2260c699eeb40, 8df6007ec720a96bf938a4013aaa99ae36ea16e0, 83b7796be2c09abcd5e7cab84c89139e9fe9b37d, 83d811b9f4cac3226c8cc022007bab944201dac6, c42f85eba8fe325df209cfd447299b6874fcdb0d, 7b506ee957a26bae64c2959d766ff5df237ec0b3, a4b27753e087cac1355d27cf7c99f5889ab8e3ff, 956f91a56454dd3414ddb99c1eb6cf13c2c2ffdb, 086403afd8513e7481d4cbcb5c511d2acc8872c7, a103eddfe4b8430b8513779fef58d35d16638974, c38305c8cdb742a9829519f5c2baf0dde2641109, 64bdb7f80b9e38d918a93362c84dd87ecc13df8d, 1e5f86af827691a1b66959237c6b9e8904e25e63, e93ee3b68b3c674dca9e3c3aea8515bd561a4590, b5763dc5d4e6c0e09b04b503604dd97879d74ba5, 33bcbc8c19fd4bb1509dfb5c159f79d7ac3b2e2c, c00102238434d9f307e2e197b70232aacc5e13cb, 6c382236a38fc5cd111359f0e98106d1a6a9d993, 87009f8c553c67157191ffcd2bc9db2d5c918e02, a778ae7398199b6201475a4a893398b8d9bbd17f, 67e54cd1205114b4773db1365f6444c972be6df2, 32c5702eb22918954c6bd0e648c526956322a5e9, 08e86dce2efa304f5af70833da496a19a6d139a8, 3343d098595afc05b3fac4e14b7522fd47a42834, afd9ba4816163fa91ed6c8a3efed55fccef345ac, 406a6e94e4d7c551f0fc0a40fe0ef1f4f3b5a918, de9ee8dcc7bb1a36ecd32054836aca5791347f58, 88fd86f1d73354adc4183f682235b453c1aa3439, c6a69ccad2c889a08d0ab2073d8adc3c2f648395, 5690b98ad45f14cdf727949203640b0468eb3219, 17c257049254c86779d2615268705f700678bb73, 08c75be627912900926ee40ddd6a1ce759d0c1bb, a8f556b2596bb4f223ac1defb52eee8b438930c9, a2665dac1157bc0f97bf9543b454cb0621550819, f9329a805f9ec20957cf22dc911f578e93d001f7, 19e22845c95f94a340a805fe221d7f1587f8344a, 60b41dbb8d6a01be1bb505fb14b01f4edfc08289, a3d6335a8ad566db57fc4ab71cf59713a2e1a4c4, 96ded8f84b614fc30307e2000e5b1a54d837eba6, 12aa8c03572019eaf742ec587e750a943f89e8c7, 9cc84e40f3d0bfe2ff58e0a247241ebbf4623ff7, a407997373f21653561726324e935c864950af24, 9f4fbd273fb9bffa0d03a073126cb1e08c2d8f2a, fd58e79abfdae8500c9da8fc64ac1f0e531c7e83, fbc9f1da3ce62c39efefbf72b9292ad2a3c64a4c, 4ef73bfdf04fd9022da8c4dae3957d870dae17b9, cb4e78d54a91d72bf24b4ffa1abf1fab6329b937, 07cb12528afd9975cafadf252c0ba8642726272a, 9921ada75febf418bd7e7a8739a5a5ce60c8115c, d6b770e57d18c40f3224ae2915396fbd5679d7a8]","56","16","d6b770e57d18c40f3224ae2915396fbd5679d7a8"
"https://github.com/EFForg/action-center-platform.git","119","55","[1b3a0ffecf8e1858d46f67f133434ce50d13d885, 1003683552f91a772025897af557df350338b5ab, 44c41faeb572670c043eba3e01dd38e061b13288, 0200ec13119cf71bde7e84a1537439e92a963600, 2a74ba0bda339b48d024c00a7f5b627ae1b91f9e, 7afc91e48978568b3bca44454f1c2d2fbf1d1c51, aaaf50500a20b41e2ee242c9b7f2260c699eeb40, 8df6007ec720a96bf938a4013aaa99ae36ea16e0, 83b7796be2c09abcd5e7cab84c89139e9fe9b37d, 83d811b9f4cac3226c8cc022007bab944201dac6, c42f85eba8fe325df209cfd447299b6874fcdb0d, 7b506ee957a26bae64c2959d766ff5df237ec0b3, a4b27753e087cac1355d27cf7c99f5889ab8e3ff, 956f91a56454dd3414ddb99c1eb6cf13c2c2ffdb, 086403afd8513e7481d4cbcb5c511d2acc8872c7, a103eddfe4b8430b8513779fef58d35d16638974, c38305c8cdb742a9829519f5c2baf0dde2641109, 64bdb7f80b9e38d918a93362c84dd87ecc13df8d, 1e5f86af827691a1b66959237c6b9e8904e25e63, e93ee3b68b3c674dca9e3c3aea8515bd561a4590, b5763dc5d4e6c0e09b04b503604dd97879d74ba5, 33bcbc8c19fd4bb1509dfb5c159f79d7ac3b2e2c, c00102238434d9f307e2e197b70232aacc5e13cb, 6c382236a38fc5cd111359f0e98106d1a6a9d993, 87009f8c553c67157191ffcd2bc9db2d5c918e02, a778ae7398199b6201475a4a893398b8d9bbd17f, 67e54cd1205114b4773db1365f6444c972be6df2, 32c5702eb22918954c6bd0e648c526956322a5e9, 08e86dce2efa304f5af70833da496a19a6d139a8, 3343d098595afc05b3fac4e14b7522fd47a42834, afd9ba4816163fa91ed6c8a3efed55fccef345ac, 406a6e94e4d7c551f0fc0a40fe0ef1f4f3b5a918, de9ee8dcc7bb1a36ecd32054836aca5791347f58, 88fd86f1d73354adc4183f682235b453c1aa3439, c6a69ccad2c889a08d0ab2073d8adc3c2f648395, 5690b98ad45f14cdf727949203640b0468eb3219, 17c257049254c86779d2615268705f700678bb73, 08c75be627912900926ee40ddd6a1ce759d0c1bb, a8f556b2596bb4f223ac1defb52eee8b438930c9, a2665dac1157bc0f97bf9543b454cb0621550819, f9329a805f9ec20957cf22dc911f578e93d001f7, 19e22845c95f94a340a805fe221d7f1587f8344a, 60b41dbb8d6a01be1bb505fb14b01f4edfc08289, a3d6335a8ad566db57fc4ab71cf59713a2e1a4c4, 96ded8f84b614fc30307e2000e5b1a54d837eba6, 12aa8c03572019eaf742ec587e750a943f89e8c7, 9cc84e40f3d0bfe2ff58e0a247241ebbf4623ff7, a407997373f21653561726324e935c864950af24, 9f4fbd273fb9bffa0d03a073126cb1e08c2d8f2a, fd58e79abfdae8500c9da8fc64ac1f0e531c7e83, fbc9f1da3ce62c39efefbf72b9292ad2a3c64a4c, 4ef73bfdf04fd9022da8c4dae3957d870dae17b9, cb4e78d54a91d72bf24b4ffa1abf1fab6329b937, 07cb12528afd9975cafadf252c0ba8642726272a, 9921ada75febf418bd7e7a8739a5a5ce60c8115c]","56","9","9921ada75febf418bd7e7a8739a5a5ce60c8115c"
"https://github.com/EFForg/action-center-platform.git","121","3","[96ded8f84b614fc30307e2000e5b1a54d837eba6, 12aa8c03572019eaf742ec587e750a943f89e8c7, a407997373f21653561726324e935c864950af24]","3","1","a407997373f21653561726324e935c864950af24"
"https://github.com/EFForg/action-center-platform.git","123","11","[1b3a0ffecf8e1858d46f67f133434ce50d13d885, 1003683552f91a772025897af557df350338b5ab, 17c257049254c86779d2615268705f700678bb73, 08c75be627912900926ee40ddd6a1ce759d0c1bb, a8f556b2596bb4f223ac1defb52eee8b438930c9, a2665dac1157bc0f97bf9543b454cb0621550819, f9329a805f9ec20957cf22dc911f578e93d001f7, 19e22845c95f94a340a805fe221d7f1587f8344a, 60b41dbb8d6a01be1bb505fb14b01f4edfc08289, a3d6335a8ad566db57fc4ab71cf59713a2e1a4c4, 9cc84e40f3d0bfe2ff58e0a247241ebbf4623ff7]","51","8","9cc84e40f3d0bfe2ff58e0a247241ebbf4623ff7"
"https://github.com/EFForg/action-center-platform.git","124","2","[96ded8f84b614fc30307e2000e5b1a54d837eba6, 12aa8c03572019eaf742ec587e750a943f89e8c7]","3","1","12aa8c03572019eaf742ec587e750a943f89e8c7"
"https://github.com/EFForg/action-center-platform.git","125","18","[44c41faeb572670c043eba3e01dd38e061b13288, 2a74ba0bda339b48d024c00a7f5b627ae1b91f9e, 7afc91e48978568b3bca44454f1c2d2fbf1d1c51, aaaf50500a20b41e2ee242c9b7f2260c699eeb40, 8df6007ec720a96bf938a4013aaa99ae36ea16e0, 83b7796be2c09abcd5e7cab84c89139e9fe9b37d, 83d811b9f4cac3226c8cc022007bab944201dac6, c42f85eba8fe325df209cfd447299b6874fcdb0d, 7b506ee957a26bae64c2959d766ff5df237ec0b3, a4b27753e087cac1355d27cf7c99f5889ab8e3ff, 956f91a56454dd3414ddb99c1eb6cf13c2c2ffdb, 3343d098595afc05b3fac4e14b7522fd47a42834, afd9ba4816163fa91ed6c8a3efed55fccef345ac, 406a6e94e4d7c551f0fc0a40fe0ef1f4f3b5a918, de9ee8dcc7bb1a36ecd32054836aca5791347f58, 88fd86f1d73354adc4183f682235b453c1aa3439, c6a69ccad2c889a08d0ab2073d8adc3c2f648395, 5690b98ad45f14cdf727949203640b0468eb3219]","36","5","5690b98ad45f14cdf727949203640b0468eb3219"
"https://github.com/EFForg/action-center-platform.git","126","10","[1b3a0ffecf8e1858d46f67f133434ce50d13d885, 1003683552f91a772025897af557df350338b5ab, 17c257049254c86779d2615268705f700678bb73, 08c75be627912900926ee40ddd6a1ce759d0c1bb, a8f556b2596bb4f223ac1defb52eee8b438930c9, a2665dac1157bc0f97bf9543b454cb0621550819, f9329a805f9ec20957cf22dc911f578e93d001f7, 19e22845c95f94a340a805fe221d7f1587f8344a, 60b41dbb8d6a01be1bb505fb14b01f4edfc08289, a3d6335a8ad566db57fc4ab71cf59713a2e1a4c4]","34","7","a3d6335a8ad566db57fc4ab71cf59713a2e1a4c4"
"https://github.com/EFForg/action-center-platform.git","127","118","[02e529a9266e19368747df35b0140df357eb7480, f7710833690e2abcf6f1367852f3c5ab6ac5ad81, 790cc743c07c9697ecdd711c893dc153aca18cc6, 0ef0b5289c5d2d8d7f81871a531e8b7fba0621f3, 8e76a212b9e6e28b010185f0887ca9ef924e8acb, 25702f3b55c122dbbb958bd3cbb4b5e22ddd7fc6, 34bc3d576c4e5a6072f0ed96f68d17dd1e3da9ab, ee49926076ead7da2a26eb20f767b9aa84832106, 1808ff1e70a5d045fd6e6011d10dd17f58c33aee, 1cc0c9a230ec03d92513ae95d4522c1cce6d2057, 8a9a835cdfc31067a9adfbd86bd3727dd1b043eb, 163c4b64411a6fd5c7f3932debee395fcdeaa77d, be37b40e72dc08328c82f6e9521c5be69ea67ed5, 9737ae9f7539d1804c7f857f0260316d2bb938f6, 1cb2ff4bbdefab08259b7ea0abfd780b37324af9, 75f770fbdbb20e389bd6d16cb63eed2926434362, 4ef136dc0d4a8f1ca12f7703b6895a164ff3933e, bb785cc16d04adc5320f2dd777ebe6c355dc1455, 31204228d5180de6b206bea105d748bbab60777f, e85ef4b74a5799b0470450e5444d7a683f8713f7, 7e4879d67c0ca0440a4e1d6634af0f1a65cac120, 5ec0b9763922137b498bac8caf618822e992a2da, 77a33d219b33158b8ee2d689086ca45e37fd7a2b, 11f13081e2262de73d12bae5854fb0ac1844eb43, 2af9828bb106abc23b1b9af84dfbb76bcb24ced5, 2039820ad69a1ab397b01e5e73a63c7a0886a0d4, d80e04c217363d4ce8bb163dc8c3c6fd5fd5a0a3, a3461c4110a10e7b33f03bdf4d62fb1fe898f2c7, 496a9a022cb37bd4120465276a0d98954cb7d2dd, 3d74508f856a93a12af2df4e49f4eef5ab41f76e, 652ab5a3cb8bdc42da13578db3c8d1aee51a53e8, c88a455ca56aa3aa076caa954807738e667b0252, 6b1bcc2445c9fdb5af5cd7f72398c35a2e4a9277, 9bc9cbfe2af8efc0027e1f2c20bf285ad46a0bd6, 697f5ff70c7f281c1f09bb7cedf27b43a1185f6a, 4ca57f8b9d7e328f59321345edafc9d634886a29, 4c6c450b638406bbf16b8295f007b089bcefb61c, c7d5dace4120e56d5103fadbcdd5c492c5da1858, ae7371918b89a46618897fb1956bfdea7469fd0b, 85ae1a899d0cbf7827e7764a28027b5f1fe47734, 18269898a1c293b88a4c63bc9d10ea055a344ed6, b84de9d7a81d8cb3ccf9da0af97ce845e6ac4d0b, 50229a8dd9913d9970a5aa24cc4a864c2c9b5b9e, ece008759219bbb9fd194cde31fabc6fbd02e123, d7e4c7311431a9a41e82fcf466afdcb952a40030, 049ec8c21ec50644af2fee24d0132a2507b517ff, 1b08f930b2d60d0a43a9e58fdc46c62ea12fe21b, 08613fb878b7dc599dd73d2bc218d9bcfce5456c, 8e0433a0266bcf86d11580d9e9548bb06573d9b9, fe5a262c57c817a9e7e73b5521235582220d424c, 229fa5ad4f2469fd6c4e7d6ef3c2b2b46589cca4, 59100938172b11a257ec9beaf66612423f210213, 53c1af9821f9eaca58141e6f1db7bc8f433d54f2, c660573c255b400ba72417073e72f84ae8c35a7d, a318da3d4fab186e0f17cc1a002d8e70a3117308, cb711e18231a8d38bc5ae649a947a024b5ed363f, 12779739ee7d2e3544f67e8fa1769029fb0a0edd, aea00b5f3d8f5bd74cd4136e056a5da679b28629, 38f863f265aae9d67732c9bd8217b142fd7f4a0d, bb21bd1d2840b904a51ae080ec7e713cc6030aa8, 0806fb92eb2178a31dec72df57b4d75979fbfe17, 744301be889796be6e6604d537bee631123a578e, 10ca10d879f7fb7c1762aa6b665b297930aec10a, e25f21fb91e2900e55696bdd31801b11fae70cce, d9bc77877185b0c7f8ed21f8e10f007ea0eb19d3, d04ae29d464799e8af31430508306c5ceef77259, 1c28f6026d4676872e9969fa236e6187299a9c57, 89b466aa473f708003e63504a7d1061b6c577ef0, 6578da69841a4c14d9abe3b12aee6fc14dfd5903, ce12c3f72f0287b71e7dcf4281ad2320c8d4537a, f8add2b071313f8397bb80519519418aedb2460f, 0194c9c4879275217f65d7d1001b46490891a095, 00b3a7589471eab128f6589922566e52c754a00e, e1b246f0cefcc5ca7a45cc99ea5d8852576b5ada, 2e6240c2ac5ff745f5279ec6864c4cdd0ae0bba3, ef1148bb27951e2d905f7524bf166b3c379a6b03, b282860de710b27efbb109a6cea8a041d291e833, 2a4c9d4db37f6de07ba4e55783e4b73eac4cbaee, aa8c53cd14ff4c33c9664b9e6531ea31f5686203, d928aa3e5a17502d1e5951f40ee07960a7ba5c18, fa010b744b6fc2e5d6a0c97e23359507c083c54b, 73d02fa93957a47c9a63aa2dcfd37b38489a93dc, 076e3558eaa6a07c95f167487365d09eeb60af3b, 4b02c423e9ea2ddb577a0d978377f8f17cdea677, 0dd2913c54f2ba4333394cfd98e7b830d97ee5dc, 404efdfa918f0c9d478b5132bbca3f31e99d1e59, 38ad535f9cf8f80297570469cb782706074dc5c8, aad3ce66fb7511ba76840713f4aea1adc513f42f, 0200ec13119cf71bde7e84a1537439e92a963600, be0cd85f0d93069be26ee3f59c15d4097eb16645, c5f1d51fbbaced802ed69fe0dde7346f80c0fcdc, 923aa381237ce62e4c64613d3088c0e66aeb87cf, b225dd086252b89f1fe18fbe21b6b71b9c2195d8, aaf67fcdfe9de76e017f26b92459995b94625741, d9e50e376b12c4d6216dadf8f7759e3208f1f519, 1aae4b9c860ab3a083efd8a9589450fa916e2c58, 8aa243f6314f2bf04fef65d46182080732cba5c2, d9c3b772886a5f5e16499f66957ff06015f7d8de, ec46f538ac51fd060cde396796001c014836d38d, 2b33505daeceda0663fd4a1e9c8b324acc869c21, 086403afd8513e7481d4cbcb5c511d2acc8872c7, a103eddfe4b8430b8513779fef58d35d16638974, c38305c8cdb742a9829519f5c2baf0dde2641109, 64bdb7f80b9e38d918a93362c84dd87ecc13df8d, 1e5f86af827691a1b66959237c6b9e8904e25e63, e93ee3b68b3c674dca9e3c3aea8515bd561a4590, b5763dc5d4e6c0e09b04b503604dd97879d74ba5, 33bcbc8c19fd4bb1509dfb5c159f79d7ac3b2e2c, c00102238434d9f307e2e197b70232aacc5e13cb, 6c382236a38fc5cd111359f0e98106d1a6a9d993, 87009f8c553c67157191ffcd2bc9db2d5c918e02, a778ae7398199b6201475a4a893398b8d9bbd17f, 67e54cd1205114b4773db1365f6444c972be6df2, 32c5702eb22918954c6bd0e648c526956322a5e9, 08e86dce2efa304f5af70833da496a19a6d139a8, 17c257049254c86779d2615268705f700678bb73, 08c75be627912900926ee40ddd6a1ce759d0c1bb, a8f556b2596bb4f223ac1defb52eee8b438930c9]","62","12","a8f556b2596bb4f223ac1defb52eee8b438930c9"
"https://github.com/EFForg/action-center-platform.git","130","115","[02e529a9266e19368747df35b0140df357eb7480, f7710833690e2abcf6f1367852f3c5ab6ac5ad81, 790cc743c07c9697ecdd711c893dc153aca18cc6, 0ef0b5289c5d2d8d7f81871a531e8b7fba0621f3, 8e76a212b9e6e28b010185f0887ca9ef924e8acb, 25702f3b55c122dbbb958bd3cbb4b5e22ddd7fc6, 34bc3d576c4e5a6072f0ed96f68d17dd1e3da9ab, ee49926076ead7da2a26eb20f767b9aa84832106, 1808ff1e70a5d045fd6e6011d10dd17f58c33aee, 1cc0c9a230ec03d92513ae95d4522c1cce6d2057, 8a9a835cdfc31067a9adfbd86bd3727dd1b043eb, 163c4b64411a6fd5c7f3932debee395fcdeaa77d, be37b40e72dc08328c82f6e9521c5be69ea67ed5, 9737ae9f7539d1804c7f857f0260316d2bb938f6, 1cb2ff4bbdefab08259b7ea0abfd780b37324af9, 75f770fbdbb20e389bd6d16cb63eed2926434362, 4ef136dc0d4a8f1ca12f7703b6895a164ff3933e, bb785cc16d04adc5320f2dd777ebe6c355dc1455, 31204228d5180de6b206bea105d748bbab60777f, e85ef4b74a5799b0470450e5444d7a683f8713f7, 7e4879d67c0ca0440a4e1d6634af0f1a65cac120, 5ec0b9763922137b498bac8caf618822e992a2da, 77a33d219b33158b8ee2d689086ca45e37fd7a2b, 11f13081e2262de73d12bae5854fb0ac1844eb43, 2af9828bb106abc23b1b9af84dfbb76bcb24ced5, 2039820ad69a1ab397b01e5e73a63c7a0886a0d4, d80e04c217363d4ce8bb163dc8c3c6fd5fd5a0a3, a3461c4110a10e7b33f03bdf4d62fb1fe898f2c7, 496a9a022cb37bd4120465276a0d98954cb7d2dd, 3d74508f856a93a12af2df4e49f4eef5ab41f76e, 652ab5a3cb8bdc42da13578db3c8d1aee51a53e8, c88a455ca56aa3aa076caa954807738e667b0252, 6b1bcc2445c9fdb5af5cd7f72398c35a2e4a9277, 9bc9cbfe2af8efc0027e1f2c20bf285ad46a0bd6, 697f5ff70c7f281c1f09bb7cedf27b43a1185f6a, 4ca57f8b9d7e328f59321345edafc9d634886a29, 4c6c450b638406bbf16b8295f007b089bcefb61c, c7d5dace4120e56d5103fadbcdd5c492c5da1858, ae7371918b89a46618897fb1956bfdea7469fd0b, 85ae1a899d0cbf7827e7764a28027b5f1fe47734, 18269898a1c293b88a4c63bc9d10ea055a344ed6, b84de9d7a81d8cb3ccf9da0af97ce845e6ac4d0b, 50229a8dd9913d9970a5aa24cc4a864c2c9b5b9e, ece008759219bbb9fd194cde31fabc6fbd02e123, d7e4c7311431a9a41e82fcf466afdcb952a40030, 049ec8c21ec50644af2fee24d0132a2507b517ff, 1b08f930b2d60d0a43a9e58fdc46c62ea12fe21b, 08613fb878b7dc599dd73d2bc218d9bcfce5456c, 8e0433a0266bcf86d11580d9e9548bb06573d9b9, fe5a262c57c817a9e7e73b5521235582220d424c, 229fa5ad4f2469fd6c4e7d6ef3c2b2b46589cca4, 59100938172b11a257ec9beaf66612423f210213, 53c1af9821f9eaca58141e6f1db7bc8f433d54f2, c660573c255b400ba72417073e72f84ae8c35a7d, a318da3d4fab186e0f17cc1a002d8e70a3117308, cb711e18231a8d38bc5ae649a947a024b5ed363f, 12779739ee7d2e3544f67e8fa1769029fb0a0edd, aea00b5f3d8f5bd74cd4136e056a5da679b28629, 38f863f265aae9d67732c9bd8217b142fd7f4a0d, bb21bd1d2840b904a51ae080ec7e713cc6030aa8, 0806fb92eb2178a31dec72df57b4d75979fbfe17, 744301be889796be6e6604d537bee631123a578e, 10ca10d879f7fb7c1762aa6b665b297930aec10a, e25f21fb91e2900e55696bdd31801b11fae70cce, d9bc77877185b0c7f8ed21f8e10f007ea0eb19d3, d04ae29d464799e8af31430508306c5ceef77259, 1c28f6026d4676872e9969fa236e6187299a9c57, 89b466aa473f708003e63504a7d1061b6c577ef0, 6578da69841a4c14d9abe3b12aee6fc14dfd5903, ce12c3f72f0287b71e7dcf4281ad2320c8d4537a, f8add2b071313f8397bb80519519418aedb2460f, 0194c9c4879275217f65d7d1001b46490891a095, 00b3a7589471eab128f6589922566e52c754a00e, e1b246f0cefcc5ca7a45cc99ea5d8852576b5ada, 2e6240c2ac5ff745f5279ec6864c4cdd0ae0bba3, ef1148bb27951e2d905f7524bf166b3c379a6b03, b282860de710b27efbb109a6cea8a041d291e833, 2a4c9d4db37f6de07ba4e55783e4b73eac4cbaee, aa8c53cd14ff4c33c9664b9e6531ea31f5686203, d928aa3e5a17502d1e5951f40ee07960a7ba5c18, fa010b744b6fc2e5d6a0c97e23359507c083c54b, 73d02fa93957a47c9a63aa2dcfd37b38489a93dc, 076e3558eaa6a07c95f167487365d09eeb60af3b, 4b02c423e9ea2ddb577a0d978377f8f17cdea677, 0dd2913c54f2ba4333394cfd98e7b830d97ee5dc, 404efdfa918f0c9d478b5132bbca3f31e99d1e59, 38ad535f9cf8f80297570469cb782706074dc5c8, aad3ce66fb7511ba76840713f4aea1adc513f42f, 0200ec13119cf71bde7e84a1537439e92a963600, be0cd85f0d93069be26ee3f59c15d4097eb16645, c5f1d51fbbaced802ed69fe0dde7346f80c0fcdc, 923aa381237ce62e4c64613d3088c0e66aeb87cf, b225dd086252b89f1fe18fbe21b6b71b9c2195d8, aaf67fcdfe9de76e017f26b92459995b94625741, d9e50e376b12c4d6216dadf8f7759e3208f1f519, 1aae4b9c860ab3a083efd8a9589450fa916e2c58, 8aa243f6314f2bf04fef65d46182080732cba5c2, d9c3b772886a5f5e16499f66957ff06015f7d8de, ec46f538ac51fd060cde396796001c014836d38d, 2b33505daeceda0663fd4a1e9c8b324acc869c21, 086403afd8513e7481d4cbcb5c511d2acc8872c7, a103eddfe4b8430b8513779fef58d35d16638974, c38305c8cdb742a9829519f5c2baf0dde2641109, 64bdb7f80b9e38d918a93362c84dd87ecc13df8d, 1e5f86af827691a1b66959237c6b9e8904e25e63, e93ee3b68b3c674dca9e3c3aea8515bd561a4590, b5763dc5d4e6c0e09b04b503604dd97879d74ba5, 33bcbc8c19fd4bb1509dfb5c159f79d7ac3b2e2c, c00102238434d9f307e2e197b70232aacc5e13cb, 6c382236a38fc5cd111359f0e98106d1a6a9d993, 87009f8c553c67157191ffcd2bc9db2d5c918e02, a778ae7398199b6201475a4a893398b8d9bbd17f, 67e54cd1205114b4773db1365f6444c972be6df2, 32c5702eb22918954c6bd0e648c526956322a5e9, 08e86dce2efa304f5af70833da496a19a6d139a8]","62","12","08e86dce2efa304f5af70833da496a19a6d139a8"
"https://github.com/EFForg/action-center-platform.git","131","11","[44c41faeb572670c043eba3e01dd38e061b13288, 2a74ba0bda339b48d024c00a7f5b627ae1b91f9e, 7afc91e48978568b3bca44454f1c2d2fbf1d1c51, aaaf50500a20b41e2ee242c9b7f2260c699eeb40, 8df6007ec720a96bf938a4013aaa99ae36ea16e0, 83b7796be2c09abcd5e7cab84c89139e9fe9b37d, 83d811b9f4cac3226c8cc022007bab944201dac6, c42f85eba8fe325df209cfd447299b6874fcdb0d, 7b506ee957a26bae64c2959d766ff5df237ec0b3, a4b27753e087cac1355d27cf7c99f5889ab8e3ff, 956f91a56454dd3414ddb99c1eb6cf13c2c2ffdb]","21","1","956f91a56454dd3414ddb99c1eb6cf13c2c2ffdb"
"https://github.com/EFForg/action-center-platform.git","132","72","[02e529a9266e19368747df35b0140df357eb7480, f7710833690e2abcf6f1367852f3c5ab6ac5ad81, 790cc743c07c9697ecdd711c893dc153aca18cc6, 0ef0b5289c5d2d8d7f81871a531e8b7fba0621f3, 8e76a212b9e6e28b010185f0887ca9ef924e8acb, 25702f3b55c122dbbb958bd3cbb4b5e22ddd7fc6, 34bc3d576c4e5a6072f0ed96f68d17dd1e3da9ab, ee49926076ead7da2a26eb20f767b9aa84832106, 1808ff1e70a5d045fd6e6011d10dd17f58c33aee, 1cc0c9a230ec03d92513ae95d4522c1cce6d2057, 8a9a835cdfc31067a9adfbd86bd3727dd1b043eb, 163c4b64411a6fd5c7f3932debee395fcdeaa77d, be37b40e72dc08328c82f6e9521c5be69ea67ed5, 9737ae9f7539d1804c7f857f0260316d2bb938f6, 1cb2ff4bbdefab08259b7ea0abfd780b37324af9, 75f770fbdbb20e389bd6d16cb63eed2926434362, 4ef136dc0d4a8f1ca12f7703b6895a164ff3933e, bb785cc16d04adc5320f2dd777ebe6c355dc1455, 31204228d5180de6b206bea105d748bbab60777f, e85ef4b74a5799b0470450e5444d7a683f8713f7, 7e4879d67c0ca0440a4e1d6634af0f1a65cac120, 496a9a022cb37bd4120465276a0d98954cb7d2dd, 3d74508f856a93a12af2df4e49f4eef5ab41f76e, 652ab5a3cb8bdc42da13578db3c8d1aee51a53e8, c88a455ca56aa3aa076caa954807738e667b0252, 6b1bcc2445c9fdb5af5cd7f72398c35a2e4a9277, 9bc9cbfe2af8efc0027e1f2c20bf285ad46a0bd6, 4ca57f8b9d7e328f59321345edafc9d634886a29, 4c6c450b638406bbf16b8295f007b089bcefb61c, c7d5dace4120e56d5103fadbcdd5c492c5da1858, ae7371918b89a46618897fb1956bfdea7469fd0b, 89b466aa473f708003e63504a7d1061b6c577ef0, 6578da69841a4c14d9abe3b12aee6fc14dfd5903, 2a4c9d4db37f6de07ba4e55783e4b73eac4cbaee, aa8c53cd14ff4c33c9664b9e6531ea31f5686203, 4b02c423e9ea2ddb577a0d978377f8f17cdea677, 0dd2913c54f2ba4333394cfd98e7b830d97ee5dc, 404efdfa918f0c9d478b5132bbca3f31e99d1e59, 38ad535f9cf8f80297570469cb782706074dc5c8, aad3ce66fb7511ba76840713f4aea1adc513f42f, 0200ec13119cf71bde7e84a1537439e92a963600, be0cd85f0d93069be26ee3f59c15d4097eb16645, c5f1d51fbbaced802ed69fe0dde7346f80c0fcdc, 923aa381237ce62e4c64613d3088c0e66aeb87cf, b225dd086252b89f1fe18fbe21b6b71b9c2195d8, aaf67fcdfe9de76e017f26b92459995b94625741, d9e50e376b12c4d6216dadf8f7759e3208f1f519, 1aae4b9c860ab3a083efd8a9589450fa916e2c58, 8aa243f6314f2bf04fef65d46182080732cba5c2, d9c3b772886a5f5e16499f66957ff06015f7d8de, ec46f538ac51fd060cde396796001c014836d38d, 2b33505daeceda0663fd4a1e9c8b324acc869c21, 086403afd8513e7481d4cbcb5c511d2acc8872c7, a103eddfe4b8430b8513779fef58d35d16638974, c38305c8cdb742a9829519f5c2baf0dde2641109, 64bdb7f80b9e38d918a93362c84dd87ecc13df8d, 1e5f86af827691a1b66959237c6b9e8904e25e63, e93ee3b68b3c674dca9e3c3aea8515bd561a4590, b5763dc5d4e6c0e09b04b503604dd97879d74ba5, 33bcbc8c19fd4bb1509dfb5c159f79d7ac3b2e2c, c00102238434d9f307e2e197b70232aacc5e13cb, 6c382236a38fc5cd111359f0e98106d1a6a9d993, 87009f8c553c67157191ffcd2bc9db2d5c918e02, a778ae7398199b6201475a4a893398b8d9bbd17f, 67e54cd1205114b4773db1365f6444c972be6df2, 32c5702eb22918954c6bd0e648c526956322a5e9, 08e86dce2efa304f5af70833da496a19a6d139a8, 3343d098595afc05b3fac4e14b7522fd47a42834, afd9ba4816163fa91ed6c8a3efed55fccef345ac, 406a6e94e4d7c551f0fc0a40fe0ef1f4f3b5a918, de9ee8dcc7bb1a36ecd32054836aca5791347f58, 88fd86f1d73354adc4183f682235b453c1aa3439]","60","12","88fd86f1d73354adc4183f682235b453c1aa3439"
"https://github.com/EFForg/action-center-platform.git","135","2","[6c382236a38fc5cd111359f0e98106d1a6a9d993, 67e54cd1205114b4773db1365f6444c972be6df2]","1","1","67e54cd1205114b4773db1365f6444c972be6df2"
"https://github.com/EFForg/action-center-platform.git","139","4","[0200ec13119cf71bde7e84a1537439e92a963600, 086403afd8513e7481d4cbcb5c511d2acc8872c7, a103eddfe4b8430b8513779fef58d35d16638974, 64bdb7f80b9e38d918a93362c84dd87ecc13df8d]","15","3","64bdb7f80b9e38d918a93362c84dd87ecc13df8d"
"https://github.com/EFForg/action-center-platform.git","141","51","[02e529a9266e19368747df35b0140df357eb7480, f7710833690e2abcf6f1367852f3c5ab6ac5ad81, 790cc743c07c9697ecdd711c893dc153aca18cc6, 0ef0b5289c5d2d8d7f81871a531e8b7fba0621f3, 8e76a212b9e6e28b010185f0887ca9ef924e8acb, 25702f3b55c122dbbb958bd3cbb4b5e22ddd7fc6, 34bc3d576c4e5a6072f0ed96f68d17dd1e3da9ab, ee49926076ead7da2a26eb20f767b9aa84832106, 1808ff1e70a5d045fd6e6011d10dd17f58c33aee, 1cc0c9a230ec03d92513ae95d4522c1cce6d2057, 8a9a835cdfc31067a9adfbd86bd3727dd1b043eb, 163c4b64411a6fd5c7f3932debee395fcdeaa77d, be37b40e72dc08328c82f6e9521c5be69ea67ed5, 9737ae9f7539d1804c7f857f0260316d2bb938f6, 1cb2ff4bbdefab08259b7ea0abfd780b37324af9, 75f770fbdbb20e389bd6d16cb63eed2926434362, 4ef136dc0d4a8f1ca12f7703b6895a164ff3933e, bb785cc16d04adc5320f2dd777ebe6c355dc1455, 31204228d5180de6b206bea105d748bbab60777f, e85ef4b74a5799b0470450e5444d7a683f8713f7, 7e4879d67c0ca0440a4e1d6634af0f1a65cac120, 496a9a022cb37bd4120465276a0d98954cb7d2dd, 3d74508f856a93a12af2df4e49f4eef5ab41f76e, 652ab5a3cb8bdc42da13578db3c8d1aee51a53e8, c88a455ca56aa3aa076caa954807738e667b0252, 6b1bcc2445c9fdb5af5cd7f72398c35a2e4a9277, 9bc9cbfe2af8efc0027e1f2c20bf285ad46a0bd6, 4ca57f8b9d7e328f59321345edafc9d634886a29, 4c6c450b638406bbf16b8295f007b089bcefb61c, c7d5dace4120e56d5103fadbcdd5c492c5da1858, ae7371918b89a46618897fb1956bfdea7469fd0b, 89b466aa473f708003e63504a7d1061b6c577ef0, 6578da69841a4c14d9abe3b12aee6fc14dfd5903, 2a4c9d4db37f6de07ba4e55783e4b73eac4cbaee, aa8c53cd14ff4c33c9664b9e6531ea31f5686203, 4b02c423e9ea2ddb577a0d978377f8f17cdea677, 0dd2913c54f2ba4333394cfd98e7b830d97ee5dc, 404efdfa918f0c9d478b5132bbca3f31e99d1e59, 38ad535f9cf8f80297570469cb782706074dc5c8, aad3ce66fb7511ba76840713f4aea1adc513f42f, be0cd85f0d93069be26ee3f59c15d4097eb16645, c5f1d51fbbaced802ed69fe0dde7346f80c0fcdc, 923aa381237ce62e4c64613d3088c0e66aeb87cf, b225dd086252b89f1fe18fbe21b6b71b9c2195d8, aaf67fcdfe9de76e017f26b92459995b94625741, d9e50e376b12c4d6216dadf8f7759e3208f1f519, 1aae4b9c860ab3a083efd8a9589450fa916e2c58, 8aa243f6314f2bf04fef65d46182080732cba5c2, d9c3b772886a5f5e16499f66957ff06015f7d8de, ec46f538ac51fd060cde396796001c014836d38d, 2b33505daeceda0663fd4a1e9c8b324acc869c21]","57","11","2b33505daeceda0663fd4a1e9c8b324acc869c21"
"https://github.com/EFForg/action-center-platform.git","143","37","[02e529a9266e19368747df35b0140df357eb7480, f7710833690e2abcf6f1367852f3c5ab6ac5ad81, 790cc743c07c9697ecdd711c893dc153aca18cc6, 0ef0b5289c5d2d8d7f81871a531e8b7fba0621f3, 8e76a212b9e6e28b010185f0887ca9ef924e8acb, 25702f3b55c122dbbb958bd3cbb4b5e22ddd7fc6, 34bc3d576c4e5a6072f0ed96f68d17dd1e3da9ab, ee49926076ead7da2a26eb20f767b9aa84832106, 1808ff1e70a5d045fd6e6011d10dd17f58c33aee, 1cc0c9a230ec03d92513ae95d4522c1cce6d2057, 8a9a835cdfc31067a9adfbd86bd3727dd1b043eb, 163c4b64411a6fd5c7f3932debee395fcdeaa77d, be37b40e72dc08328c82f6e9521c5be69ea67ed5, 9737ae9f7539d1804c7f857f0260316d2bb938f6, 1cb2ff4bbdefab08259b7ea0abfd780b37324af9, 75f770fbdbb20e389bd6d16cb63eed2926434362, 4ef136dc0d4a8f1ca12f7703b6895a164ff3933e, bb785cc16d04adc5320f2dd777ebe6c355dc1455, 31204228d5180de6b206bea105d748bbab60777f, e85ef4b74a5799b0470450e5444d7a683f8713f7, 7e4879d67c0ca0440a4e1d6634af0f1a65cac120, 496a9a022cb37bd4120465276a0d98954cb7d2dd, 3d74508f856a93a12af2df4e49f4eef5ab41f76e, 652ab5a3cb8bdc42da13578db3c8d1aee51a53e8, c88a455ca56aa3aa076caa954807738e667b0252, 6b1bcc2445c9fdb5af5cd7f72398c35a2e4a9277, 9bc9cbfe2af8efc0027e1f2c20bf285ad46a0bd6, 4ca57f8b9d7e328f59321345edafc9d634886a29, 4c6c450b638406bbf16b8295f007b089bcefb61c, c7d5dace4120e56d5103fadbcdd5c492c5da1858, ae7371918b89a46618897fb1956bfdea7469fd0b, 89b466aa473f708003e63504a7d1061b6c577ef0, 6578da69841a4c14d9abe3b12aee6fc14dfd5903, 2a4c9d4db37f6de07ba4e55783e4b73eac4cbaee, aa8c53cd14ff4c33c9664b9e6531ea31f5686203, 4b02c423e9ea2ddb577a0d978377f8f17cdea677, 0dd2913c54f2ba4333394cfd98e7b830d97ee5dc]","57","11","0dd2913c54f2ba4333394cfd98e7b830d97ee5dc"
"https://github.com/EFForg/action-center-platform.git","145","35","[02e529a9266e19368747df35b0140df357eb7480, f7710833690e2abcf6f1367852f3c5ab6ac5ad81, 790cc743c07c9697ecdd711c893dc153aca18cc6, 0ef0b5289c5d2d8d7f81871a531e8b7fba0621f3, 8e76a212b9e6e28b010185f0887ca9ef924e8acb, 25702f3b55c122dbbb958bd3cbb4b5e22ddd7fc6, 34bc3d576c4e5a6072f0ed96f68d17dd1e3da9ab, ee49926076ead7da2a26eb20f767b9aa84832106, 1808ff1e70a5d045fd6e6011d10dd17f58c33aee, 1cc0c9a230ec03d92513ae95d4522c1cce6d2057, 8a9a835cdfc31067a9adfbd86bd3727dd1b043eb, 163c4b64411a6fd5c7f3932debee395fcdeaa77d, be37b40e72dc08328c82f6e9521c5be69ea67ed5, 9737ae9f7539d1804c7f857f0260316d2bb938f6, 1cb2ff4bbdefab08259b7ea0abfd780b37324af9, 75f770fbdbb20e389bd6d16cb63eed2926434362, 4ef136dc0d4a8f1ca12f7703b6895a164ff3933e, bb785cc16d04adc5320f2dd777ebe6c355dc1455, 31204228d5180de6b206bea105d748bbab60777f, e85ef4b74a5799b0470450e5444d7a683f8713f7, 7e4879d67c0ca0440a4e1d6634af0f1a65cac120, 496a9a022cb37bd4120465276a0d98954cb7d2dd, 3d74508f856a93a12af2df4e49f4eef5ab41f76e, 652ab5a3cb8bdc42da13578db3c8d1aee51a53e8, c88a455ca56aa3aa076caa954807738e667b0252, 6b1bcc2445c9fdb5af5cd7f72398c35a2e4a9277, 9bc9cbfe2af8efc0027e1f2c20bf285ad46a0bd6, 4ca57f8b9d7e328f59321345edafc9d634886a29, 4c6c450b638406bbf16b8295f007b089bcefb61c, c7d5dace4120e56d5103fadbcdd5c492c5da1858, ae7371918b89a46618897fb1956bfdea7469fd0b, 89b466aa473f708003e63504a7d1061b6c577ef0, 6578da69841a4c14d9abe3b12aee6fc14dfd5903, 2a4c9d4db37f6de07ba4e55783e4b73eac4cbaee, aa8c53cd14ff4c33c9664b9e6531ea31f5686203]","54","9","aa8c53cd14ff4c33c9664b9e6531ea31f5686203"
"https://github.com/EFForg/action-center-platform.git","146","14","[10ca10d879f7fb7c1762aa6b665b297930aec10a, e25f21fb91e2900e55696bdd31801b11fae70cce, d9bc77877185b0c7f8ed21f8e10f007ea0eb19d3, f8add2b071313f8397bb80519519418aedb2460f, 0194c9c4879275217f65d7d1001b46490891a095, 00b3a7589471eab128f6589922566e52c754a00e, e1b246f0cefcc5ca7a45cc99ea5d8852576b5ada, 2e6240c2ac5ff745f5279ec6864c4cdd0ae0bba3, ef1148bb27951e2d905f7524bf166b3c379a6b03, b282860de710b27efbb109a6cea8a041d291e833, d928aa3e5a17502d1e5951f40ee07960a7ba5c18, fa010b744b6fc2e5d6a0c97e23359507c083c54b, 73d02fa93957a47c9a63aa2dcfd37b38489a93dc, 076e3558eaa6a07c95f167487365d09eeb60af3b]","16","3","076e3558eaa6a07c95f167487365d09eeb60af3b"
"https://github.com/EFForg/action-center-platform.git","147","21","[5ec0b9763922137b498bac8caf618822e992a2da, 77a33d219b33158b8ee2d689086ca45e37fd7a2b, 11f13081e2262de73d12bae5854fb0ac1844eb43, 2af9828bb106abc23b1b9af84dfbb76bcb24ced5, 2039820ad69a1ab397b01e5e73a63c7a0886a0d4, d80e04c217363d4ce8bb163dc8c3c6fd5fd5a0a3, a3461c4110a10e7b33f03bdf4d62fb1fe898f2c7, 697f5ff70c7f281c1f09bb7cedf27b43a1185f6a, 8e0433a0266bcf86d11580d9e9548bb06573d9b9, 229fa5ad4f2469fd6c4e7d6ef3c2b2b46589cca4, a318da3d4fab186e0f17cc1a002d8e70a3117308, cb711e18231a8d38bc5ae649a947a024b5ed363f, 12779739ee7d2e3544f67e8fa1769029fb0a0edd, aea00b5f3d8f5bd74cd4136e056a5da679b28629, 38f863f265aae9d67732c9bd8217b142fd7f4a0d, 744301be889796be6e6604d537bee631123a578e, d04ae29d464799e8af31430508306c5ceef77259, 1c28f6026d4676872e9969fa236e6187299a9c57, ce12c3f72f0287b71e7dcf4281ad2320c8d4537a, d928aa3e5a17502d1e5951f40ee07960a7ba5c18, 73d02fa93957a47c9a63aa2dcfd37b38489a93dc]","23","1","73d02fa93957a47c9a63aa2dcfd37b38489a93dc"
"https://github.com/EFForg/action-center-platform.git","148","11","[10ca10d879f7fb7c1762aa6b665b297930aec10a, e25f21fb91e2900e55696bdd31801b11fae70cce, d9bc77877185b0c7f8ed21f8e10f007ea0eb19d3, f8add2b071313f8397bb80519519418aedb2460f, 0194c9c4879275217f65d7d1001b46490891a095, 00b3a7589471eab128f6589922566e52c754a00e, e1b246f0cefcc5ca7a45cc99ea5d8852576b5ada, 2e6240c2ac5ff745f5279ec6864c4cdd0ae0bba3, ef1148bb27951e2d905f7524bf166b3c379a6b03, b282860de710b27efbb109a6cea8a041d291e833, fa010b744b6fc2e5d6a0c97e23359507c083c54b]","5","2","fa010b744b6fc2e5d6a0c97e23359507c083c54b"
"https://github.com/EFForg/action-center-platform.git","149","33","[02e529a9266e19368747df35b0140df357eb7480, f7710833690e2abcf6f1367852f3c5ab6ac5ad81, 790cc743c07c9697ecdd711c893dc153aca18cc6, 0ef0b5289c5d2d8d7f81871a531e8b7fba0621f3, 8e76a212b9e6e28b010185f0887ca9ef924e8acb, 25702f3b55c122dbbb958bd3cbb4b5e22ddd7fc6, 34bc3d576c4e5a6072f0ed96f68d17dd1e3da9ab, ee49926076ead7da2a26eb20f767b9aa84832106, 1808ff1e70a5d045fd6e6011d10dd17f58c33aee, 1cc0c9a230ec03d92513ae95d4522c1cce6d2057, 8a9a835cdfc31067a9adfbd86bd3727dd1b043eb, 163c4b64411a6fd5c7f3932debee395fcdeaa77d, be37b40e72dc08328c82f6e9521c5be69ea67ed5, 9737ae9f7539d1804c7f857f0260316d2bb938f6, 1cb2ff4bbdefab08259b7ea0abfd780b37324af9, 75f770fbdbb20e389bd6d16cb63eed2926434362, 4ef136dc0d4a8f1ca12f7703b6895a164ff3933e, bb785cc16d04adc5320f2dd777ebe6c355dc1455, 31204228d5180de6b206bea105d748bbab60777f, e85ef4b74a5799b0470450e5444d7a683f8713f7, 7e4879d67c0ca0440a4e1d6634af0f1a65cac120, 496a9a022cb37bd4120465276a0d98954cb7d2dd, 3d74508f856a93a12af2df4e49f4eef5ab41f76e, 652ab5a3cb8bdc42da13578db3c8d1aee51a53e8, c88a455ca56aa3aa076caa954807738e667b0252, 6b1bcc2445c9fdb5af5cd7f72398c35a2e4a9277, 9bc9cbfe2af8efc0027e1f2c20bf285ad46a0bd6, 4ca57f8b9d7e328f59321345edafc9d634886a29, 4c6c450b638406bbf16b8295f007b089bcefb61c, c7d5dace4120e56d5103fadbcdd5c492c5da1858, ae7371918b89a46618897fb1956bfdea7469fd0b, 89b466aa473f708003e63504a7d1061b6c577ef0, 6578da69841a4c14d9abe3b12aee6fc14dfd5903]","48","9","6578da69841a4c14d9abe3b12aee6fc14dfd5903"
"https://github.com/EFForg/action-center-platform.git","150","46","[019039f6cde636909025aa43ec9aded2d466b393, a66534c90103ace2efd8505db4b068c2ebbd9ce0, 066cb5a134be972c37c7ffc547e576f1284c4ba6, cf5c94d504aea316f869ec894f074da14ea22856, 9c3c002f6007a68aa586b4bd5fc99ae95dd2fb09, de53fe8b15e1f779b0200a286c557f7b2325ba8a, 5ec0b9763922137b498bac8caf618822e992a2da, 77a33d219b33158b8ee2d689086ca45e37fd7a2b, 11f13081e2262de73d12bae5854fb0ac1844eb43, 2af9828bb106abc23b1b9af84dfbb76bcb24ced5, 2039820ad69a1ab397b01e5e73a63c7a0886a0d4, d80e04c217363d4ce8bb163dc8c3c6fd5fd5a0a3, a3461c4110a10e7b33f03bdf4d62fb1fe898f2c7, 9906648d73b27934c122ba1a62d9a7a6f63d837e, f918122cecfbdfd9a232f4737f1fa8b1f1438fab, 697f5ff70c7f281c1f09bb7cedf27b43a1185f6a, b449e08e2302d78369fedac40e00273f72bee4c4, 059d537c0fd74ce943042683e84117d82b078351, 3c7ad71427a809cd9f5abc92518be8556e24eb5b, 1c23b9930fc1933d1b5f11c62c0beeb6f69f3ad9, 85ae1a899d0cbf7827e7764a28027b5f1fe47734, 18269898a1c293b88a4c63bc9d10ea055a344ed6, b84de9d7a81d8cb3ccf9da0af97ce845e6ac4d0b, 50229a8dd9913d9970a5aa24cc4a864c2c9b5b9e, ece008759219bbb9fd194cde31fabc6fbd02e123, d7e4c7311431a9a41e82fcf466afdcb952a40030, 049ec8c21ec50644af2fee24d0132a2507b517ff, 1b08f930b2d60d0a43a9e58fdc46c62ea12fe21b, 08613fb878b7dc599dd73d2bc218d9bcfce5456c, 8e0433a0266bcf86d11580d9e9548bb06573d9b9, fe5a262c57c817a9e7e73b5521235582220d424c, 229fa5ad4f2469fd6c4e7d6ef3c2b2b46589cca4, 59100938172b11a257ec9beaf66612423f210213, 53c1af9821f9eaca58141e6f1db7bc8f433d54f2, c660573c255b400ba72417073e72f84ae8c35a7d, a318da3d4fab186e0f17cc1a002d8e70a3117308, cb711e18231a8d38bc5ae649a947a024b5ed363f, 12779739ee7d2e3544f67e8fa1769029fb0a0edd, aea00b5f3d8f5bd74cd4136e056a5da679b28629, 38f863f265aae9d67732c9bd8217b142fd7f4a0d, bb21bd1d2840b904a51ae080ec7e713cc6030aa8, 0806fb92eb2178a31dec72df57b4d75979fbfe17, 744301be889796be6e6604d537bee631123a578e, d04ae29d464799e8af31430508306c5ceef77259, 1c28f6026d4676872e9969fa236e6187299a9c57, ce12c3f72f0287b71e7dcf4281ad2320c8d4537a]","25","1","ce12c3f72f0287b71e7dcf4281ad2320c8d4537a"
"https://github.com/EFForg/action-center-platform.git","152","15","[5ec0b9763922137b498bac8caf618822e992a2da, 77a33d219b33158b8ee2d689086ca45e37fd7a2b, 11f13081e2262de73d12bae5854fb0ac1844eb43, 2af9828bb106abc23b1b9af84dfbb76bcb24ced5, 2039820ad69a1ab397b01e5e73a63c7a0886a0d4, d80e04c217363d4ce8bb163dc8c3c6fd5fd5a0a3, a3461c4110a10e7b33f03bdf4d62fb1fe898f2c7, 697f5ff70c7f281c1f09bb7cedf27b43a1185f6a, 8e0433a0266bcf86d11580d9e9548bb06573d9b9, 229fa5ad4f2469fd6c4e7d6ef3c2b2b46589cca4, a318da3d4fab186e0f17cc1a002d8e70a3117308, cb711e18231a8d38bc5ae649a947a024b5ed363f, 12779739ee7d2e3544f67e8fa1769029fb0a0edd, aea00b5f3d8f5bd74cd4136e056a5da679b28629, 38f863f265aae9d67732c9bd8217b142fd7f4a0d]","19","1","38f863f265aae9d67732c9bd8217b142fd7f4a0d"
"https://github.com/EFForg/action-center-platform.git","155","13","[5ec0b9763922137b498bac8caf618822e992a2da, 77a33d219b33158b8ee2d689086ca45e37fd7a2b, 11f13081e2262de73d12bae5854fb0ac1844eb43, 2af9828bb106abc23b1b9af84dfbb76bcb24ced5, 2039820ad69a1ab397b01e5e73a63c7a0886a0d4, d80e04c217363d4ce8bb163dc8c3c6fd5fd5a0a3, a3461c4110a10e7b33f03bdf4d62fb1fe898f2c7, 697f5ff70c7f281c1f09bb7cedf27b43a1185f6a, 8e0433a0266bcf86d11580d9e9548bb06573d9b9, 229fa5ad4f2469fd6c4e7d6ef3c2b2b46589cca4, a318da3d4fab186e0f17cc1a002d8e70a3117308, cb711e18231a8d38bc5ae649a947a024b5ed363f, 12779739ee7d2e3544f67e8fa1769029fb0a0edd]","10","1","12779739ee7d2e3544f67e8fa1769029fb0a0edd"
"https://github.com/EFForg/action-center-platform.git","165","27","[02e529a9266e19368747df35b0140df357eb7480, f7710833690e2abcf6f1367852f3c5ab6ac5ad81, 790cc743c07c9697ecdd711c893dc153aca18cc6, 0ef0b5289c5d2d8d7f81871a531e8b7fba0621f3, 8e76a212b9e6e28b010185f0887ca9ef924e8acb, 25702f3b55c122dbbb958bd3cbb4b5e22ddd7fc6, 34bc3d576c4e5a6072f0ed96f68d17dd1e3da9ab, ee49926076ead7da2a26eb20f767b9aa84832106, 1808ff1e70a5d045fd6e6011d10dd17f58c33aee, 1cc0c9a230ec03d92513ae95d4522c1cce6d2057, 8a9a835cdfc31067a9adfbd86bd3727dd1b043eb, 163c4b64411a6fd5c7f3932debee395fcdeaa77d, be37b40e72dc08328c82f6e9521c5be69ea67ed5, 9737ae9f7539d1804c7f857f0260316d2bb938f6, 1cb2ff4bbdefab08259b7ea0abfd780b37324af9, 75f770fbdbb20e389bd6d16cb63eed2926434362, 4ef136dc0d4a8f1ca12f7703b6895a164ff3933e, bb785cc16d04adc5320f2dd777ebe6c355dc1455, 31204228d5180de6b206bea105d748bbab60777f, e85ef4b74a5799b0470450e5444d7a683f8713f7, 7e4879d67c0ca0440a4e1d6634af0f1a65cac120, 496a9a022cb37bd4120465276a0d98954cb7d2dd, 3d74508f856a93a12af2df4e49f4eef5ab41f76e, 652ab5a3cb8bdc42da13578db3c8d1aee51a53e8, c88a455ca56aa3aa076caa954807738e667b0252, 6b1bcc2445c9fdb5af5cd7f72398c35a2e4a9277, 9bc9cbfe2af8efc0027e1f2c20bf285ad46a0bd6]","39","9","9bc9cbfe2af8efc0027e1f2c20bf285ad46a0bd6"
"https://github.com/EFForg/action-center-platform.git","166","30","[c3b9e1a9025fd467f61aa591ce098a607d455f2d, bc9071ed2dffab694c38433ba2e7dc1c404dff94, b8214848aeb1b87d4ddcdc854d9623398c0d715e, 4f0c950f43fca973e3fd3c3f776a6a09267daaa6, 0d4ea3131c03fe4db3ea07426026405e1dca63da, 6c0fd8d4169d4ba39ba43f42f78f93b08985c0ac, 685dcddcb79e951ce8e0f4c0c48a3fbe121d11fb, 4e84ce204274764010ddb2a55a947ebc64bd952d, 93ad2af5d7bc6fbc308b19f2653604102e86c343, 4350490435689653a6956928a8c95fa3c3b9da5e, 36bf08bf384e1db2f25ede86050bce4df4e04db4, 4ce9cb663863c817868081dd6f980308de599059, 3efd03e98d143c0e19e54962020e623cbcd8dfcf, 36445eb02433c38c056595db7316626f7adf3ea1, e92c4fadfe333e8062c126e8e6a851e6356c2381, 6890afc2c97f84809805d8cc9c13f9c1bb2818f0, 40246c0258b0fff132676e29879fef57abc0f9f0, bf3c9c5bcbc1a1f9b9e31948a4469250cefe8ded, cf7f878523b4e6bfcc5122339c49bfdbda0146eb, da86f0640bd589a9c9956f1db6a221534ef04901, c7a6b056208deb5368dc59e079d90b81061accb2, 18cab90290efb62db3231059cfbf5e26a03891a1, 23a266f0643f7a98d483d5bd129ff92cf455aa5d, b14ef71904d056924057a9071759c0b8c53736dc, a7f1b0c3a15c5618cd590392d7b769c5a69a961f, ee3a75442ab3ef2ee23581a07e3148397deff5c0, f1c40a9e4a964fe759031d93ca09b611ae58a6a3, b5824557ca7c6a4a3a7de8c8136a6ce693a48516, 9cf379b2f659ccc3a9366aed1e5b6963c12b2dfd, b18fe52e644f0c02caea1ee2f1ccd6aa6e61d1df]","26","6","b18fe52e644f0c02caea1ee2f1ccd6aa6e61d1df"
"https://github.com/EFForg/action-center-platform.git","171","35","[c3b9e1a9025fd467f61aa591ce098a607d455f2d, bc9071ed2dffab694c38433ba2e7dc1c404dff94, b8214848aeb1b87d4ddcdc854d9623398c0d715e, 4f0c950f43fca973e3fd3c3f776a6a09267daaa6, 0d4ea3131c03fe4db3ea07426026405e1dca63da, 6c0fd8d4169d4ba39ba43f42f78f93b08985c0ac, 85ab15e6ce3bb10c23dabb819dcd7c55961141b0, c49522bfc87b423f82aa6e80b95c5150d80a7f00, 685dcddcb79e951ce8e0f4c0c48a3fbe121d11fb, 139e485720ea81cad75a0519a19a49638f909cbb, 149fe067eedc587175ea48183b26765b65cead8d, 4c35f767a5d9f45f4fb1cf9132fb1ff02e67c4cd, 99e5bed463f53422150f575195a76cef47e76094, 6ceead9e32433178ea165b8f3186ea17c60d513e, 4e84ce204274764010ddb2a55a947ebc64bd952d, 93ad2af5d7bc6fbc308b19f2653604102e86c343, e841f9b1a9e9d2f7d73a09b569cc50d09090913f, 4350490435689653a6956928a8c95fa3c3b9da5e, 36bf08bf384e1db2f25ede86050bce4df4e04db4, 0c1ba2e4d8613da079cd764acd266050534b5b07, 537f230c54c9ba0b3cda201c3e2200a001553e4c, 9277a69172ceb57e927411d23fd6584321b5684a, 54eea52952a7c76ea951b4d4b0c71ebc5abea051, 91bada941857aa4e732a3dbf6a8b235fe2fffb26, 6890afc2c97f84809805d8cc9c13f9c1bb2818f0, e9dba7e96c72b0c1b2e68836614033158040dcf1, cf77aa76ed8d420609d1d785e948dd16f26f3ce6, 00c321f6a93f499743fb1e554f7812cf597cfa51, 01bc22f39b7889b6f1c7fb2c0395a829ef81f3be, 71cc7b7f89aab9d35d091573c86ea1b2ef344e64, 40246c0258b0fff132676e29879fef57abc0f9f0, bf3c9c5bcbc1a1f9b9e31948a4469250cefe8ded, cf7f878523b4e6bfcc5122339c49bfdbda0146eb, da86f0640bd589a9c9956f1db6a221534ef04901, c7a6b056208deb5368dc59e079d90b81061accb2]","16","6","c7a6b056208deb5368dc59e079d90b81061accb2"
"https://github.com/EFForg/action-center-platform.git","173","49","[d86cd0a351b37c4f97e4b146b648fd51d7a732d2, 35babeff4386f5876485e15babcb3db1a564c548, 1af113b47a0b4ab2e7dd693258ae3bc9e73b96b6, 48eff0c0c7653c33b8467613d9dc11b7554a42d6, c3b9e1a9025fd467f61aa591ce098a607d455f2d, bc9071ed2dffab694c38433ba2e7dc1c404dff94, 05e803ad0a34b50fe3e19956d48c0079bb57d556, 22e0380351e741c2f4b98a1d7a355d0db89ad5a5, a322be3a0efddf75c354c4710f50368ba6a96d17, 22c683a6e13f8e273222825f490ecd6506a7cb57, 0462b98f140a534107471c183773034b02ea2fbe, b0ee0597ec0cd1ff6e8b512e0a9cde41f2289647, 85ab15e6ce3bb10c23dabb819dcd7c55961141b0, c49522bfc87b423f82aa6e80b95c5150d80a7f00, 139e485720ea81cad75a0519a19a49638f909cbb, a4dda6e0126071b4364895fc9fa883d3487124f3, 149fe067eedc587175ea48183b26765b65cead8d, f966358b6cf4d2b396c5ad4bfc5d4ffbccf3df51, 7734a6eb9c2961d71c58b399d127df22da7d712b, a1259f382cafc0402cb69cfb0df6dd34de200220, 4c35f767a5d9f45f4fb1cf9132fb1ff02e67c4cd, 99e5bed463f53422150f575195a76cef47e76094, 6ceead9e32433178ea165b8f3186ea17c60d513e, b0ccab37451480a9dbe68bcf3e98bb39f30bca60, 778efe8ef4074d3f26fcc03a28ad2190ea22eae0, e841f9b1a9e9d2f7d73a09b569cc50d09090913f, bb5d259be49d848aae1f70a48ee3b9e22bb8dc44, ff8ba3ff4d5fbd046e3d78342124b9406596ba63, 5cda05823a633d474c54343e4f5703e1a0cb1a32, a5453ebe7d5f14d15c80af7a468d80f11400768c, 1487d282a798494d64079ba5154f5c12a3181410, 0c1ba2e4d8613da079cd764acd266050534b5b07, ead592cdfd6f49af04b4bb51f14bf91b5601db37, 1abc60efb52e2eca07d29504de167e4af5aa853f, 5e69f2ee26b85c778af5a3744a7f84382695bf85, 537f230c54c9ba0b3cda201c3e2200a001553e4c, 9277a69172ceb57e927411d23fd6584321b5684a, 54eea52952a7c76ea951b4d4b0c71ebc5abea051, 91bada941857aa4e732a3dbf6a8b235fe2fffb26, 6890afc2c97f84809805d8cc9c13f9c1bb2818f0, e9dba7e96c72b0c1b2e68836614033158040dcf1, cf77aa76ed8d420609d1d785e948dd16f26f3ce6, 00c321f6a93f499743fb1e554f7812cf597cfa51, 01bc22f39b7889b6f1c7fb2c0395a829ef81f3be, 71cc7b7f89aab9d35d091573c86ea1b2ef344e64, 40246c0258b0fff132676e29879fef57abc0f9f0, bf3c9c5bcbc1a1f9b9e31948a4469250cefe8ded, cf7f878523b4e6bfcc5122339c49bfdbda0146eb, da86f0640bd589a9c9956f1db6a221534ef04901]","16","6","da86f0640bd589a9c9956f1db6a221534ef04901"
"https://github.com/EFForg/action-center-platform.git","175","10","[c3b9e1a9025fd467f61aa591ce098a607d455f2d, bc9071ed2dffab694c38433ba2e7dc1c404dff94, 6ceead9e32433178ea165b8f3186ea17c60d513e, e9dba7e96c72b0c1b2e68836614033158040dcf1, cf77aa76ed8d420609d1d785e948dd16f26f3ce6, 00c321f6a93f499743fb1e554f7812cf597cfa51, 01bc22f39b7889b6f1c7fb2c0395a829ef81f3be, 71cc7b7f89aab9d35d091573c86ea1b2ef344e64, 40246c0258b0fff132676e29879fef57abc0f9f0, cf7f878523b4e6bfcc5122339c49bfdbda0146eb]","13","6","cf7f878523b4e6bfcc5122339c49bfdbda0146eb"
"https://github.com/EFForg/action-center-platform.git","177","51","[d86cd0a351b37c4f97e4b146b648fd51d7a732d2, c2201f32cbefd5f8a744c7d06a647e272348a749, a793c9fe49db2461d2036f61e22f35ed225b1b63, 9b3466d0e142c1bc5b847c1ca057bc801d76c56a, bc5ea6719241efb719d4c3d97ce5a7872b927afe, 5bbe32ca9aaba82b360525bb8d9501e5dae4fb02, a4da6106e0b2bbd4b07c870898f631e31fe5650c, 35babeff4386f5876485e15babcb3db1a564c548, 1af113b47a0b4ab2e7dd693258ae3bc9e73b96b6, 48eff0c0c7653c33b8467613d9dc11b7554a42d6, 5eea3a1615c3321d73850a7030d26842b0dc7262, d77e94ddf119372d06002c2c88c53e9c8aa7197e, 05e803ad0a34b50fe3e19956d48c0079bb57d556, 22e0380351e741c2f4b98a1d7a355d0db89ad5a5, a322be3a0efddf75c354c4710f50368ba6a96d17, 22c683a6e13f8e273222825f490ecd6506a7cb57, 0462b98f140a534107471c183773034b02ea2fbe, b0ee0597ec0cd1ff6e8b512e0a9cde41f2289647, e03b3cd7e9f8e401919d147d094c16c2886bf405, 85ab15e6ce3bb10c23dabb819dcd7c55961141b0, c49522bfc87b423f82aa6e80b95c5150d80a7f00, 139e485720ea81cad75a0519a19a49638f909cbb, a4dda6e0126071b4364895fc9fa883d3487124f3, 149fe067eedc587175ea48183b26765b65cead8d, f966358b6cf4d2b396c5ad4bfc5d4ffbccf3df51, 7734a6eb9c2961d71c58b399d127df22da7d712b, a1259f382cafc0402cb69cfb0df6dd34de200220, 4c35f767a5d9f45f4fb1cf9132fb1ff02e67c4cd, 99e5bed463f53422150f575195a76cef47e76094, 6ceead9e32433178ea165b8f3186ea17c60d513e, b0ccab37451480a9dbe68bcf3e98bb39f30bca60, 778efe8ef4074d3f26fcc03a28ad2190ea22eae0, e841f9b1a9e9d2f7d73a09b569cc50d09090913f, bb5d259be49d848aae1f70a48ee3b9e22bb8dc44, ff8ba3ff4d5fbd046e3d78342124b9406596ba63, 5cda05823a633d474c54343e4f5703e1a0cb1a32, a5453ebe7d5f14d15c80af7a468d80f11400768c, 1487d282a798494d64079ba5154f5c12a3181410, 0c1ba2e4d8613da079cd764acd266050534b5b07, ead592cdfd6f49af04b4bb51f14bf91b5601db37, 1abc60efb52e2eca07d29504de167e4af5aa853f, 5e69f2ee26b85c778af5a3744a7f84382695bf85, 537f230c54c9ba0b3cda201c3e2200a001553e4c, 9277a69172ceb57e927411d23fd6584321b5684a, 54eea52952a7c76ea951b4d4b0c71ebc5abea051, 91bada941857aa4e732a3dbf6a8b235fe2fffb26, e9dba7e96c72b0c1b2e68836614033158040dcf1, cf77aa76ed8d420609d1d785e948dd16f26f3ce6, 00c321f6a93f499743fb1e554f7812cf597cfa51, 01bc22f39b7889b6f1c7fb2c0395a829ef81f3be, 71cc7b7f89aab9d35d091573c86ea1b2ef344e64]","15","6","71cc7b7f89aab9d35d091573c86ea1b2ef344e64"
"https://github.com/EFForg/action-center-platform.git","179","20","[02e529a9266e19368747df35b0140df357eb7480, f7710833690e2abcf6f1367852f3c5ab6ac5ad81, 790cc743c07c9697ecdd711c893dc153aca18cc6, 0ef0b5289c5d2d8d7f81871a531e8b7fba0621f3, 8e76a212b9e6e28b010185f0887ca9ef924e8acb, 25702f3b55c122dbbb958bd3cbb4b5e22ddd7fc6, 34bc3d576c4e5a6072f0ed96f68d17dd1e3da9ab, ee49926076ead7da2a26eb20f767b9aa84832106, 1808ff1e70a5d045fd6e6011d10dd17f58c33aee, 1cc0c9a230ec03d92513ae95d4522c1cce6d2057, 8a9a835cdfc31067a9adfbd86bd3727dd1b043eb, 163c4b64411a6fd5c7f3932debee395fcdeaa77d, be37b40e72dc08328c82f6e9521c5be69ea67ed5, 9737ae9f7539d1804c7f857f0260316d2bb938f6, 1cb2ff4bbdefab08259b7ea0abfd780b37324af9, 75f770fbdbb20e389bd6d16cb63eed2926434362, 4ef136dc0d4a8f1ca12f7703b6895a164ff3933e, bb785cc16d04adc5320f2dd777ebe6c355dc1455, 31204228d5180de6b206bea105d748bbab60777f, e85ef4b74a5799b0470450e5444d7a683f8713f7]","39","9","e85ef4b74a5799b0470450e5444d7a683f8713f7"
"https://github.com/EFForg/action-center-platform.git","180","4","[cf77aa76ed8d420609d1d785e948dd16f26f3ce6, 00c321f6a93f499743fb1e554f7812cf597cfa51, 01bc22f39b7889b6f1c7fb2c0395a829ef81f3be, 71cc7b7f89aab9d35d091573c86ea1b2ef344e64]","13","6","71cc7b7f89aab9d35d091573c86ea1b2ef344e64"
"https://github.com/EFForg/action-center-platform.git","181","2","[cf77aa76ed8d420609d1d785e948dd16f26f3ce6, 00c321f6a93f499743fb1e554f7812cf597cfa51]","13","6","00c321f6a93f499743fb1e554f7812cf597cfa51"
"https://github.com/EFForg/action-center-platform.git","183","47","[d86cd0a351b37c4f97e4b146b648fd51d7a732d2, c2201f32cbefd5f8a744c7d06a647e272348a749, a793c9fe49db2461d2036f61e22f35ed225b1b63, 9b3466d0e142c1bc5b847c1ca057bc801d76c56a, bc5ea6719241efb719d4c3d97ce5a7872b927afe, 5bbe32ca9aaba82b360525bb8d9501e5dae4fb02, a4da6106e0b2bbd4b07c870898f631e31fe5650c, 35babeff4386f5876485e15babcb3db1a564c548, 1af113b47a0b4ab2e7dd693258ae3bc9e73b96b6, 48eff0c0c7653c33b8467613d9dc11b7554a42d6, 5eea3a1615c3321d73850a7030d26842b0dc7262, d77e94ddf119372d06002c2c88c53e9c8aa7197e, 05e803ad0a34b50fe3e19956d48c0079bb57d556, 22e0380351e741c2f4b98a1d7a355d0db89ad5a5, a322be3a0efddf75c354c4710f50368ba6a96d17, 22c683a6e13f8e273222825f490ecd6506a7cb57, 0462b98f140a534107471c183773034b02ea2fbe, b0ee0597ec0cd1ff6e8b512e0a9cde41f2289647, e03b3cd7e9f8e401919d147d094c16c2886bf405, 85ab15e6ce3bb10c23dabb819dcd7c55961141b0, c49522bfc87b423f82aa6e80b95c5150d80a7f00, 139e485720ea81cad75a0519a19a49638f909cbb, a4dda6e0126071b4364895fc9fa883d3487124f3, 149fe067eedc587175ea48183b26765b65cead8d, f966358b6cf4d2b396c5ad4bfc5d4ffbccf3df51, 7734a6eb9c2961d71c58b399d127df22da7d712b, a1259f382cafc0402cb69cfb0df6dd34de200220, 4c35f767a5d9f45f4fb1cf9132fb1ff02e67c4cd, 99e5bed463f53422150f575195a76cef47e76094, 6ceead9e32433178ea165b8f3186ea17c60d513e, b0ccab37451480a9dbe68bcf3e98bb39f30bca60, 778efe8ef4074d3f26fcc03a28ad2190ea22eae0, e841f9b1a9e9d2f7d73a09b569cc50d09090913f, bb5d259be49d848aae1f70a48ee3b9e22bb8dc44, ff8ba3ff4d5fbd046e3d78342124b9406596ba63, 5cda05823a633d474c54343e4f5703e1a0cb1a32, a5453ebe7d5f14d15c80af7a468d80f11400768c, 1487d282a798494d64079ba5154f5c12a3181410, 0c1ba2e4d8613da079cd764acd266050534b5b07, ead592cdfd6f49af04b4bb51f14bf91b5601db37, 1abc60efb52e2eca07d29504de167e4af5aa853f, 5e69f2ee26b85c778af5a3744a7f84382695bf85, 537f230c54c9ba0b3cda201c3e2200a001553e4c, 9277a69172ceb57e927411d23fd6584321b5684a, 54eea52952a7c76ea951b4d4b0c71ebc5abea051, 91bada941857aa4e732a3dbf6a8b235fe2fffb26, e9dba7e96c72b0c1b2e68836614033158040dcf1]","15","6","e9dba7e96c72b0c1b2e68836614033158040dcf1"
"https://github.com/EFForg/action-center-platform.git","185","16","[02e529a9266e19368747df35b0140df357eb7480, f7710833690e2abcf6f1367852f3c5ab6ac5ad81, 790cc743c07c9697ecdd711c893dc153aca18cc6, 0ef0b5289c5d2d8d7f81871a531e8b7fba0621f3, 8e76a212b9e6e28b010185f0887ca9ef924e8acb, 25702f3b55c122dbbb958bd3cbb4b5e22ddd7fc6, 34bc3d576c4e5a6072f0ed96f68d17dd1e3da9ab, ee49926076ead7da2a26eb20f767b9aa84832106, 1808ff1e70a5d045fd6e6011d10dd17f58c33aee, 1cc0c9a230ec03d92513ae95d4522c1cce6d2057, 8a9a835cdfc31067a9adfbd86bd3727dd1b043eb, 163c4b64411a6fd5c7f3932debee395fcdeaa77d, be37b40e72dc08328c82f6e9521c5be69ea67ed5, 9737ae9f7539d1804c7f857f0260316d2bb938f6, 1cb2ff4bbdefab08259b7ea0abfd780b37324af9, 75f770fbdbb20e389bd6d16cb63eed2926434362]","37","7","75f770fbdbb20e389bd6d16cb63eed2926434362"
"https://github.com/EFForg/action-center-platform.git","186","14","[85ab15e6ce3bb10c23dabb819dcd7c55961141b0, c49522bfc87b423f82aa6e80b95c5150d80a7f00, 139e485720ea81cad75a0519a19a49638f909cbb, 149fe067eedc587175ea48183b26765b65cead8d, 4c35f767a5d9f45f4fb1cf9132fb1ff02e67c4cd, 99e5bed463f53422150f575195a76cef47e76094, 6ceead9e32433178ea165b8f3186ea17c60d513e, e841f9b1a9e9d2f7d73a09b569cc50d09090913f, 0c1ba2e4d8613da079cd764acd266050534b5b07, 537f230c54c9ba0b3cda201c3e2200a001553e4c, 9277a69172ceb57e927411d23fd6584321b5684a, 54eea52952a7c76ea951b4d4b0c71ebc5abea051, 91bada941857aa4e732a3dbf6a8b235fe2fffb26, e9dba7e96c72b0c1b2e68836614033158040dcf1]","13","6","e9dba7e96c72b0c1b2e68836614033158040dcf1"
"https://github.com/EFForg/action-center-platform.git","187","46","[d86cd0a351b37c4f97e4b146b648fd51d7a732d2, c2201f32cbefd5f8a744c7d06a647e272348a749, a793c9fe49db2461d2036f61e22f35ed225b1b63, 9b3466d0e142c1bc5b847c1ca057bc801d76c56a, bc5ea6719241efb719d4c3d97ce5a7872b927afe, 5bbe32ca9aaba82b360525bb8d9501e5dae4fb02, a4da6106e0b2bbd4b07c870898f631e31fe5650c, 19925c0727a0cdfee47e1d9955696c8bb9976929, fc759ffd28e6938f7e2c2dfe2b1683f53b765061, 3083fef642608d4a684bbd2a759a0028d6eb0051, 6d434292d5ef87f8079bef70d1654da3255d675f, 5eea3a1615c3321d73850a7030d26842b0dc7262, d77e94ddf119372d06002c2c88c53e9c8aa7197e, 05e803ad0a34b50fe3e19956d48c0079bb57d556, 22e0380351e741c2f4b98a1d7a355d0db89ad5a5, a322be3a0efddf75c354c4710f50368ba6a96d17, 22c683a6e13f8e273222825f490ecd6506a7cb57, 0462b98f140a534107471c183773034b02ea2fbe, b0ee0597ec0cd1ff6e8b512e0a9cde41f2289647, e03b3cd7e9f8e401919d147d094c16c2886bf405, 85ab15e6ce3bb10c23dabb819dcd7c55961141b0, c49522bfc87b423f82aa6e80b95c5150d80a7f00, 139e485720ea81cad75a0519a19a49638f909cbb, a4dda6e0126071b4364895fc9fa883d3487124f3, 149fe067eedc587175ea48183b26765b65cead8d, f966358b6cf4d2b396c5ad4bfc5d4ffbccf3df51, 7734a6eb9c2961d71c58b399d127df22da7d712b, a1259f382cafc0402cb69cfb0df6dd34de200220, 4c35f767a5d9f45f4fb1cf9132fb1ff02e67c4cd, 99e5bed463f53422150f575195a76cef47e76094, b0ccab37451480a9dbe68bcf3e98bb39f30bca60, 778efe8ef4074d3f26fcc03a28ad2190ea22eae0, e841f9b1a9e9d2f7d73a09b569cc50d09090913f, bb5d259be49d848aae1f70a48ee3b9e22bb8dc44, ff8ba3ff4d5fbd046e3d78342124b9406596ba63, 5cda05823a633d474c54343e4f5703e1a0cb1a32, a5453ebe7d5f14d15c80af7a468d80f11400768c, 1487d282a798494d64079ba5154f5c12a3181410, 0c1ba2e4d8613da079cd764acd266050534b5b07, ead592cdfd6f49af04b4bb51f14bf91b5601db37, 1abc60efb52e2eca07d29504de167e4af5aa853f, 5e69f2ee26b85c778af5a3744a7f84382695bf85, 537f230c54c9ba0b3cda201c3e2200a001553e4c, 9277a69172ceb57e927411d23fd6584321b5684a, 54eea52952a7c76ea951b4d4b0c71ebc5abea051, 91bada941857aa4e732a3dbf6a8b235fe2fffb26]","15","6","91bada941857aa4e732a3dbf6a8b235fe2fffb26"
"https://github.com/EFForg/action-center-platform.git","189","2","[0c1ba2e4d8613da079cd764acd266050534b5b07, 9277a69172ceb57e927411d23fd6584321b5684a]","3","4","9277a69172ceb57e927411d23fd6584321b5684a"
"https://github.com/EFForg/action-center-platform.git","190","9","[85ab15e6ce3bb10c23dabb819dcd7c55961141b0, c49522bfc87b423f82aa6e80b95c5150d80a7f00, 139e485720ea81cad75a0519a19a49638f909cbb, 149fe067eedc587175ea48183b26765b65cead8d, 4c35f767a5d9f45f4fb1cf9132fb1ff02e67c4cd, 99e5bed463f53422150f575195a76cef47e76094, e841f9b1a9e9d2f7d73a09b569cc50d09090913f, 537f230c54c9ba0b3cda201c3e2200a001553e4c, 54eea52952a7c76ea951b4d4b0c71ebc5abea051]","11","6","54eea52952a7c76ea951b4d4b0c71ebc5abea051"
"https://github.com/EFForg/action-center-platform.git","191","18","[35babeff4386f5876485e15babcb3db1a564c548, 1af113b47a0b4ab2e7dd693258ae3bc9e73b96b6, 48eff0c0c7653c33b8467613d9dc11b7554a42d6, 05e803ad0a34b50fe3e19956d48c0079bb57d556, 22e0380351e741c2f4b98a1d7a355d0db89ad5a5, a322be3a0efddf75c354c4710f50368ba6a96d17, 22c683a6e13f8e273222825f490ecd6506a7cb57, 0462b98f140a534107471c183773034b02ea2fbe, b0ee0597ec0cd1ff6e8b512e0a9cde41f2289647, b0ccab37451480a9dbe68bcf3e98bb39f30bca60, bb5d259be49d848aae1f70a48ee3b9e22bb8dc44, ff8ba3ff4d5fbd046e3d78342124b9406596ba63, 5cda05823a633d474c54343e4f5703e1a0cb1a32, a5453ebe7d5f14d15c80af7a468d80f11400768c, 1487d282a798494d64079ba5154f5c12a3181410, ead592cdfd6f49af04b4bb51f14bf91b5601db37, 1abc60efb52e2eca07d29504de167e4af5aa853f, 5e69f2ee26b85c778af5a3744a7f84382695bf85]","9","4","5e69f2ee26b85c778af5a3744a7f84382695bf85"
"https://github.com/EFForg/action-center-platform.git","193","14","[02e529a9266e19368747df35b0140df357eb7480, f7710833690e2abcf6f1367852f3c5ab6ac5ad81, 790cc743c07c9697ecdd711c893dc153aca18cc6, 0ef0b5289c5d2d8d7f81871a531e8b7fba0621f3, 8e76a212b9e6e28b010185f0887ca9ef924e8acb, 25702f3b55c122dbbb958bd3cbb4b5e22ddd7fc6, 34bc3d576c4e5a6072f0ed96f68d17dd1e3da9ab, ee49926076ead7da2a26eb20f767b9aa84832106, 1808ff1e70a5d045fd6e6011d10dd17f58c33aee, 1cc0c9a230ec03d92513ae95d4522c1cce6d2057, 8a9a835cdfc31067a9adfbd86bd3727dd1b043eb, 163c4b64411a6fd5c7f3932debee395fcdeaa77d, be37b40e72dc08328c82f6e9521c5be69ea67ed5, 9737ae9f7539d1804c7f857f0260316d2bb938f6]","34","3","9737ae9f7539d1804c7f857f0260316d2bb938f6"
"https://github.com/EFForg/action-center-platform.git","194","18","[35babeff4386f5876485e15babcb3db1a564c548, 1af113b47a0b4ab2e7dd693258ae3bc9e73b96b6, 48eff0c0c7653c33b8467613d9dc11b7554a42d6, 05e803ad0a34b50fe3e19956d48c0079bb57d556, 22e0380351e741c2f4b98a1d7a355d0db89ad5a5, a322be3a0efddf75c354c4710f50368ba6a96d17, 22c683a6e13f8e273222825f490ecd6506a7cb57, 0462b98f140a534107471c183773034b02ea2fbe, b0ee0597ec0cd1ff6e8b512e0a9cde41f2289647, b0ccab37451480a9dbe68bcf3e98bb39f30bca60, bb5d259be49d848aae1f70a48ee3b9e22bb8dc44, ff8ba3ff4d5fbd046e3d78342124b9406596ba63, 5cda05823a633d474c54343e4f5703e1a0cb1a32, a5453ebe7d5f14d15c80af7a468d80f11400768c, 1487d282a798494d64079ba5154f5c12a3181410, ead592cdfd6f49af04b4bb51f14bf91b5601db37, 1abc60efb52e2eca07d29504de167e4af5aa853f, 5e69f2ee26b85c778af5a3744a7f84382695bf85]","9","4","5e69f2ee26b85c778af5a3744a7f84382695bf85"
"https://github.com/EFForg/action-center-platform.git","195","7","[85ab15e6ce3bb10c23dabb819dcd7c55961141b0, c49522bfc87b423f82aa6e80b95c5150d80a7f00, 139e485720ea81cad75a0519a19a49638f909cbb, 149fe067eedc587175ea48183b26765b65cead8d, 4c35f767a5d9f45f4fb1cf9132fb1ff02e67c4cd, 99e5bed463f53422150f575195a76cef47e76094, e841f9b1a9e9d2f7d73a09b569cc50d09090913f]","6","2","e841f9b1a9e9d2f7d73a09b569cc50d09090913f"
"https://github.com/EFForg/action-center-platform.git","196","24","[d86cd0a351b37c4f97e4b146b648fd51d7a732d2, 35babeff4386f5876485e15babcb3db1a564c548, 1af113b47a0b4ab2e7dd693258ae3bc9e73b96b6, 48eff0c0c7653c33b8467613d9dc11b7554a42d6, 05e803ad0a34b50fe3e19956d48c0079bb57d556, 22e0380351e741c2f4b98a1d7a355d0db89ad5a5, a322be3a0efddf75c354c4710f50368ba6a96d17, 22c683a6e13f8e273222825f490ecd6506a7cb57, 0462b98f140a534107471c183773034b02ea2fbe, b0ee0597ec0cd1ff6e8b512e0a9cde41f2289647, a4dda6e0126071b4364895fc9fa883d3487124f3, f966358b6cf4d2b396c5ad4bfc5d4ffbccf3df51, 7734a6eb9c2961d71c58b399d127df22da7d712b, a1259f382cafc0402cb69cfb0df6dd34de200220, b0ccab37451480a9dbe68bcf3e98bb39f30bca60, 778efe8ef4074d3f26fcc03a28ad2190ea22eae0, bb5d259be49d848aae1f70a48ee3b9e22bb8dc44, ff8ba3ff4d5fbd046e3d78342124b9406596ba63, 5cda05823a633d474c54343e4f5703e1a0cb1a32, a5453ebe7d5f14d15c80af7a468d80f11400768c, 1487d282a798494d64079ba5154f5c12a3181410, ead592cdfd6f49af04b4bb51f14bf91b5601db37, 1abc60efb52e2eca07d29504de167e4af5aa853f, 5e69f2ee26b85c778af5a3744a7f84382695bf85]","11","4","5e69f2ee26b85c778af5a3744a7f84382695bf85"
"https://github.com/EFForg/action-center-platform.git","197","26","[d86cd0a351b37c4f97e4b146b648fd51d7a732d2, c2201f32cbefd5f8a744c7d06a647e272348a749, a793c9fe49db2461d2036f61e22f35ed225b1b63, 9b3466d0e142c1bc5b847c1ca057bc801d76c56a, bc5ea6719241efb719d4c3d97ce5a7872b927afe, 5bbe32ca9aaba82b360525bb8d9501e5dae4fb02, a4da6106e0b2bbd4b07c870898f631e31fe5650c, 19925c0727a0cdfee47e1d9955696c8bb9976929, fc759ffd28e6938f7e2c2dfe2b1683f53b765061, 3083fef642608d4a684bbd2a759a0028d6eb0051, 35babeff4386f5876485e15babcb3db1a564c548, 1af113b47a0b4ab2e7dd693258ae3bc9e73b96b6, 48eff0c0c7653c33b8467613d9dc11b7554a42d6, 6d434292d5ef87f8079bef70d1654da3255d675f, 5eea3a1615c3321d73850a7030d26842b0dc7262, d77e94ddf119372d06002c2c88c53e9c8aa7197e, e03b3cd7e9f8e401919d147d094c16c2886bf405, a4dda6e0126071b4364895fc9fa883d3487124f3, f966358b6cf4d2b396c5ad4bfc5d4ffbccf3df51, 7734a6eb9c2961d71c58b399d127df22da7d712b, a1259f382cafc0402cb69cfb0df6dd34de200220, b0ccab37451480a9dbe68bcf3e98bb39f30bca60, 778efe8ef4074d3f26fcc03a28ad2190ea22eae0, 5cda05823a633d474c54343e4f5703e1a0cb1a32, a5453ebe7d5f14d15c80af7a468d80f11400768c, ead592cdfd6f49af04b4bb51f14bf91b5601db37]","8","2","ead592cdfd6f49af04b4bb51f14bf91b5601db37"
"https://github.com/EFForg/action-center-platform.git","198","10","[05e803ad0a34b50fe3e19956d48c0079bb57d556, 22e0380351e741c2f4b98a1d7a355d0db89ad5a5, a322be3a0efddf75c354c4710f50368ba6a96d17, 22c683a6e13f8e273222825f490ecd6506a7cb57, 0462b98f140a534107471c183773034b02ea2fbe, b0ee0597ec0cd1ff6e8b512e0a9cde41f2289647, bb5d259be49d848aae1f70a48ee3b9e22bb8dc44, ff8ba3ff4d5fbd046e3d78342124b9406596ba63, 1487d282a798494d64079ba5154f5c12a3181410, 1abc60efb52e2eca07d29504de167e4af5aa853f]","3","2","1abc60efb52e2eca07d29504de167e4af5aa853f"
"https://github.com/EFForg/action-center-platform.git","233","2","[75718c31cc9c6430fc215618544177d567c88553, 362fb7158aca7eddce4061582e18a1cf71f749a0]","3","1","362fb7158aca7eddce4061582e18a1cf71f749a0"
"https://github.com/EFForg/action-center-platform.git","236","9","[cb1e3d833252f5436f2018752303d1bb64e77604, 0ab3c9497c1c21769990795d3964338fd0fda7d2, 1a52bd315de472f68f152735d1efe1a2dd35879d, 52f5bbdc50f74bfbc6e602b47506797f427ee48b, e5f6bbfa56b8cfd625b45e80500c0862cc5ae606, ca1b2be13133dd53fe18c7ca26f749719398b200, 6d29924be3580c0cd9afe371ca3353f05be73b1b, 1157e76536daeab46f24348826285c8a89a3d0d1, e767212830a75e652e8ba5b826cc423bc0fb63fd]","12","1","e767212830a75e652e8ba5b826cc423bc0fb63fd"
"https://github.com/EFForg/action-center-platform.git","237","1","[2103b6e4630aea2153f028c4c0f8ab9c386a55c8]","28","5","2103b6e4630aea2153f028c4c0f8ab9c386a55c8"
"https://github.com/EFForg/action-center-platform.git","239","66","[14c97c5236d342910278209474b5d09e8cbfabfb, 7fde12d1bbeb46f44a074011352655cbcf55d6cb, e807884b0f6ba2fc33b97721b2ea996683e419ee, 5b4e39f8a16b87b4ed754f7775e448094b470402, 5119940a888d4f9b9383dfefe5a2cba26dd9a8d9, 6940be3da015562fe7ec19fadd20e0b1bc286069, e5f86cd074b821424a9ce50c4abaaa26107beafd, c6fae474d1796b89bb107bf332cb83b62e80f4ac, b4a120b7969f6a8b42a40998b28545ec0bed5f64, 6b3a770c20653fcc1e76cfb27acc206de30fdaa6, 0cf6f88157625f5ff440a364160f7500f4f9b08e, bea97f4b8db99db244000671db4acfea11735c05, a233808388b2c29f509842dd25579352a4a070da, 1d8daa66a17ad9e0989bf12549f6ff06850b4c79, e24e71cb77910fcae4eee8ae26d75cefcb457892, ca0b8cd0e97248231e039a0550b52f3257b8b807, fa2292b6e71f20eb9cab854f08e171967478e385, 3e4983baff426c5822737fba8e3f8c1dcda914e3, 6e5f6be7d0730180f86ec7b19d7f833779c7b80c, 4c5ef922544da382794fc7cd71e1f4062f4ce816, efc518ac401198c38a2c8f7beae0c7443fac0e4a, b3023cde4df0a566f2958c327e1abd0724488faa, 4ad6bf416d9c8aee2acfcff076057bcd1ce57337, 57f7c0c1f12a0aa507f383ab54b27b273d57e085, 627a734edeabe876120933e752d86c49b200b5b5, 76a84fad7715f9f49da764b8c6d2d68a843e4cd8, 441d156734a031eafa048b70de2311cbbf1ea930, 00a88c0073718bc36f8c40a0ce0050d200bbdd6a, 4484b09b52b6ebc81d36b93d775983ec995d7bdf, a23ae945578a7b1530ccbc68b55a7d1075bce925, 300bff840ef874ef8e783adf2f100a412d473886, fafd6352c870a01386e9e1d9f3cc5fdeeb3287ec, e841445181091848699c8c50afb36ff4984ec27f, fdcdb03de3ba7f9d180d2d839b730c06bd87bc5f, a005b49fdf0edd4a2423a92b072f8eb34493d214, c4a3401713ddd0b77fe5f5e6602d60bbd4af903a, cf4485d40d41ff59e9127db40f6586a388e67cb2, 87574f0745e91835db2b69ef8ca192feb1c903b3, c0668a3387a56402dd9d779757ac05dbec73c5aa, 898ccfb5be6faa9868fecafae8a6c5cd8516c4fd, 8db8c4c3b84b028e8cdcaddece11733b52cb4de4, e88044848aea49dc3daec3a6d946e1ab8d8a35c7, 74c0436585d91a3dbad43240a4150b7d4b749992, 6b7745031a8c076fd2e08e8d5e8d627664ab3360, c2360f56486eeae9cfe5eb4e47604ef5b408f212, 9dadd23422e4fd0d18c65f0b9ebf470593b7a03e, 033046edce83229770fbb07b57b34a2752dfa7b1, de7968cf59d954b9ee94d8d07341795b327359d9, a300e68229fa4f474ff32e272ca3fb26ff08a094, 44fa35b419d45ae7534afe63f71be18af33ac2d6, bb5d671b17180f5292586e7f70c42e26356f51a1, 6282e7c176923504a7b628e9369d464b6f2bfd33, d46e80f27fa23b078f7aae2367447b24d44147a8, d0774d378571f3ce5a8aae2ccb9e99db37815e15, fdf266f22192d954b13359bb29460250e4c44fab, 468523d91d28408280fbc16b207b747fa69ebe7f, 63d32c77884bdad6cb0dede97e95da9b746d9787, cea8eacb883a92dcefeeccfa5ba3bdefc8c0060d, bcb1f40d4b0d824107caf3662bd8bd5b1f05f898, 86f51137aff26969c47e97635e8c5292d32d06cb, 2ba08b5a11ba59e7bf02aa540d16bb5ef6c171d5, f907350b9252160fc4673b3108b22e8d6e3cb106, fdf10a9f03e54a5b2d42fcc0b31a73bf81aaf17c, 6c4b16ad3929335721dad3a8e27d42bfaa057db7, ca1377bd2847e24a9041e821d3121bb3c9096d44, 5c58692329d98ba88b65d4f628f83ffd68f311c8]","34","9","5c58692329d98ba88b65d4f628f83ffd68f311c8"
"https://github.com/EFForg/action-center-platform.git","241","3","[033046edce83229770fbb07b57b34a2752dfa7b1, d0774d378571f3ce5a8aae2ccb9e99db37815e15, f907350b9252160fc4673b3108b22e8d6e3cb106]","19","5","f907350b9252160fc4673b3108b22e8d6e3cb106"
"https://github.com/EFForg/action-center-platform.git","242","5","[86f51137aff26969c47e97635e8c5292d32d06cb, 2ba08b5a11ba59e7bf02aa540d16bb5ef6c171d5, fdf10a9f03e54a5b2d42fcc0b31a73bf81aaf17c, 6c4b16ad3929335721dad3a8e27d42bfaa057db7, ca1377bd2847e24a9041e821d3121bb3c9096d44]","4","1","ca1377bd2847e24a9041e821d3121bb3c9096d44"
"https://github.com/EFForg/action-center-platform.git","243","2","[033046edce83229770fbb07b57b34a2752dfa7b1, d0774d378571f3ce5a8aae2ccb9e99db37815e15]","17","5","d0774d378571f3ce5a8aae2ccb9e99db37815e15"
"https://github.com/EFForg/action-center-platform.git","244","5","[fdf266f22192d954b13359bb29460250e4c44fab, 468523d91d28408280fbc16b207b747fa69ebe7f, 63d32c77884bdad6cb0dede97e95da9b746d9787, cea8eacb883a92dcefeeccfa5ba3bdefc8c0060d, bcb1f40d4b0d824107caf3662bd8bd5b1f05f898]","8","2","bcb1f40d4b0d824107caf3662bd8bd5b1f05f898"
"https://github.com/EFForg/action-center-platform.git","245","1","[033046edce83229770fbb07b57b34a2752dfa7b1]","11","1","033046edce83229770fbb07b57b34a2752dfa7b1"
"https://github.com/EFForg/action-center-platform.git","246","7","[9dadd23422e4fd0d18c65f0b9ebf470593b7a03e, de7968cf59d954b9ee94d8d07341795b327359d9, a300e68229fa4f474ff32e272ca3fb26ff08a094, 44fa35b419d45ae7534afe63f71be18af33ac2d6, bb5d671b17180f5292586e7f70c42e26356f51a1, 6282e7c176923504a7b628e9369d464b6f2bfd33, d46e80f27fa23b078f7aae2367447b24d44147a8]","12","4","d46e80f27fa23b078f7aae2367447b24d44147a8"
"https://github.com/EFForg/action-center-platform.git","255","4","[14c97c5236d342910278209474b5d09e8cbfabfb, 7fde12d1bbeb46f44a074011352655cbcf55d6cb, e807884b0f6ba2fc33b97721b2ea996683e419ee, 5b4e39f8a16b87b4ed754f7775e448094b470402]","5","1","5b4e39f8a16b87b4ed754f7775e448094b470402"
"https://github.com/EFForg/action-center-platform.git","260","3","[14c97c5236d342910278209474b5d09e8cbfabfb, 7fde12d1bbeb46f44a074011352655cbcf55d6cb, e807884b0f6ba2fc33b97721b2ea996683e419ee]","5","1","e807884b0f6ba2fc33b97721b2ea996683e419ee"
"https://github.com/EFForg/action-center-platform.git","265","9","[9a44d60dbec553286931747d0d8e4e00371861c9, b930a9b32e2dd371d0a76715ab37a0cd56af2285, 2ded8a9d224a59a685a715c1e8281723d443e3bd, 94394320e87dbe9447789ad59c6547c4c6bd5502, f252f7e0b3fcc44eb2f06fc59c331f5125d0d6e2, 326b328eb3403df4e15d8fb792c607aefafe00e4, 4bbba67ea56ad5334d5338fc3a29976d6ecddc94, 14b317cbb55a59716ba27ad65899bf09263e9541, 3ccd41ca4e05ae81ab369d21bf62c32b0cac213b]","8","2","3ccd41ca4e05ae81ab369d21bf62c32b0cac213b"
"https://github.com/EFForg/action-center-platform.git","267","5","[2ded8a9d224a59a685a715c1e8281723d443e3bd, 94394320e87dbe9447789ad59c6547c4c6bd5502, f252f7e0b3fcc44eb2f06fc59c331f5125d0d6e2, 326b328eb3403df4e15d8fb792c607aefafe00e4, 14b317cbb55a59716ba27ad65899bf09263e9541]","8","2","14b317cbb55a59716ba27ad65899bf09263e9541"
"https://github.com/EFForg/action-center-platform.git","269","7","[483c25f75129301e8134ed3a97f5eadd05280a8d, 964b34e33fee1c996d5e5bacb816250647594273, 687b9529aa67bcb925ab19196fe8df59d5f01364, 1e05f56ec849cae22318df4a9ad440637ec6f709, 8057b0b554e8dd8da0057ecb6ceee0345cd51c21, 29526e47d6621357d5f50eaeaa9d13d00fdb63b9, ad462bfacc672070c872a32be8d0ed9fe3088b39]","3","4","ad462bfacc672070c872a32be8d0ed9fe3088b39"
"https://github.com/EFForg/action-center-platform.git","270","1","[094281b88d3d7717317002813606c3c1a9f7fa0a]","3","1","094281b88d3d7717317002813606c3c1a9f7fa0a"
"https://github.com/EFForg/action-center-platform.git","272","2","[a7f0d5036e476c1c1594b96ef3bb1e9f74b88248, c72d06d7bbf75b3f6082a0849b830a669b1be39c]","2","4","c72d06d7bbf75b3f6082a0849b830a669b1be39c"
"https://github.com/EFForg/action-center-platform.git","274","1","[7050403a9e41024f25dc693cf034c0a455e45180]","3","3","7050403a9e41024f25dc693cf034c0a455e45180"
