"REPO_URL","TASK_ID","#HASHES","HASHES","#PROD_FILES","#TEST_FILES","LAST"
"https://github.com/hashrocket/hr-til.git","17","2","[aefd63e3a6bc5e2a503f8a1c4338bb4228422867, 149fb7639ca98cf92b53e6e925c6b58b351df1d7]","2","1","149fb7639ca98cf92b53e6e925c6b58b351df1d7"
"https://github.com/hashrocket/hr-til.git","23","3","[2641a19c61358c34570a546464f277f9a131f65e, 4ca338d8d168d720c1085dff769fe5e0cc09791b, 4767631a5fe66670a0c2fa6ba308ac26a4db6b3e]","2","1","4767631a5fe66670a0c2fa6ba308ac26a4db6b3e"
"https://github.com/hashrocket/hr-til.git","26","5","[2824e4b5c451f40343609fd3d359fcb3d07976dc, 28e850b5dceb48c64777fc0ac750f72640f4bd5a, 295953cd10d98e72ed60da6dcbe0cd80ccda8706, 36346bc1201a22b6e8b8972be24e04d3d713d08a, df73b6e13ec7ea89092fdc297d14cb9ee496d882]","13","1","df73b6e13ec7ea89092fdc297d14cb9ee496d882"
"https://github.com/hashrocket/hr-til.git","66","3","[1826bb74461a2de03ea7b88c0d636e577dd198b1, 7d6814fc5df7e8593ad7eef1813342e70a83237a, ab41437e1c6d0b721daabc29fe3165d77ed9bd6d]","1","1","ab41437e1c6d0b721daabc29fe3165d77ed9bd6d"
"https://github.com/hashrocket/hr-til.git","71","3","[fe1d8db255c2c192608c0d3a7019b60f21ae2714, 1141d247f9ddd7b6693767b7202c0322ebc2cbdf, dbaa619162a57323722b54bc6c70a4324c184396]","2","1","dbaa619162a57323722b54bc6c70a4324c184396"
"https://github.com/hashrocket/hr-til.git","73","1","[fe1d8db255c2c192608c0d3a7019b60f21ae2714]","1","1","fe1d8db255c2c192608c0d3a7019b60f21ae2714"
