"REPO_URL","TASK_ID","#HASHES","HASHES","#PROD_FILES","#TEST_FILES","LAST"
"https://github.com/jpatel531/folioapp.git","2","1","[4cdea803f21fd9f959966f8bd4a1bf50f82bc83d]","2","2","4cdea803f21fd9f959966f8bd4a1bf50f82bc83d"
"https://github.com/jpatel531/folioapp.git","3","1","[8895e4866ebc42d8ea7f5055a0cf2c9a8bd01e3a]","67","10","8895e4866ebc42d8ea7f5055a0cf2c9a8bd01e3a"
"https://github.com/jpatel531/folioapp.git","34","22","[8343d901e972fc2582f1a52058b33c76f647dbdd, 310df5baf8dedfeccb29651e39d682bfce07fee6, 610ca22cbf31219a095b16e8a77fb686b2b2f74a, 5bd0b009c6cdcd5415a067d408137ab0e4584fc6, 483126d30d799c9f9b1a901fa1a665ca34b07df4, 3512ef4a7741352fb0d285164d8be1cb399c17a2, 2d658315ee820a49156de1dc193f5a159ec87b8f, 0af6d485a37f498f0b78ab560f7142af7228ee74, f09408560fdb3521ca9db11977047f2d6a108028, cf0a057e536d3607651066ed5752bf433890af5c, 47763220b50893f6bd1c8e95fed5e6483a369a02, 47aa4f6ba364b3a6137b4413bfadd8db8269052f, d40368c5694ec89047e5972a96cb745fc7445fa3, 559d1ff9dc42af002bf715e655b964fa376d9f47, 91abc364436b275b3aa650f90e65031463139554, a5eb76354a6a475184fe483719f9a0963280acdc, 8115154146824f93c1e5df59add0abdf3e61290d, dac321096431ed0d20d8a8c24aff2e4176ed6c89, 0c468e2e0f88535d323d255484f72ac8a188d984, 57693f23d7904ef38094794fab142f839b02cad1, fc0bd853535fb0261941cac438df573bd99cc761, d96cae8acc773f55ee3e9481ea1276ee378de945]","19","3","d96cae8acc773f55ee3e9481ea1276ee378de945"
"https://github.com/jpatel531/folioapp.git","36","14","[8343d901e972fc2582f1a52058b33c76f647dbdd, 310df5baf8dedfeccb29651e39d682bfce07fee6, 610ca22cbf31219a095b16e8a77fb686b2b2f74a, 5bd0b009c6cdcd5415a067d408137ab0e4584fc6, 483126d30d799c9f9b1a901fa1a665ca34b07df4, 3512ef4a7741352fb0d285164d8be1cb399c17a2, 2d658315ee820a49156de1dc193f5a159ec87b8f, 0af6d485a37f498f0b78ab560f7142af7228ee74, f09408560fdb3521ca9db11977047f2d6a108028, cf0a057e536d3607651066ed5752bf433890af5c, 47763220b50893f6bd1c8e95fed5e6483a369a02, 47aa4f6ba364b3a6137b4413bfadd8db8269052f, d40368c5694ec89047e5972a96cb745fc7445fa3, 559d1ff9dc42af002bf715e655b964fa376d9f47]","19","3","559d1ff9dc42af002bf715e655b964fa376d9f47"
"https://github.com/jpatel531/folioapp.git","39","13","[8343d901e972fc2582f1a52058b33c76f647dbdd, 310df5baf8dedfeccb29651e39d682bfce07fee6, 610ca22cbf31219a095b16e8a77fb686b2b2f74a, 5bd0b009c6cdcd5415a067d408137ab0e4584fc6, 483126d30d799c9f9b1a901fa1a665ca34b07df4, 3512ef4a7741352fb0d285164d8be1cb399c17a2, 2d658315ee820a49156de1dc193f5a159ec87b8f, 0af6d485a37f498f0b78ab560f7142af7228ee74, f09408560fdb3521ca9db11977047f2d6a108028, cf0a057e536d3607651066ed5752bf433890af5c, 47763220b50893f6bd1c8e95fed5e6483a369a02, 47aa4f6ba364b3a6137b4413bfadd8db8269052f, d40368c5694ec89047e5972a96cb745fc7445fa3]","17","3","d40368c5694ec89047e5972a96cb745fc7445fa3"
"https://github.com/jpatel531/folioapp.git","41","7","[0d8fa6b019de061a1d64f64cdaa6fae7a5395093, d96dae24c0419a91da425a609dd45e855069a8e7, 768b0e7315ec6122a59e2ea1551f4f6166385389, a691867ddd3ac7e72e446dd8636e8f44ca53f5d8, 8343d901e972fc2582f1a52058b33c76f647dbdd, 310df5baf8dedfeccb29651e39d682bfce07fee6, 3512ef4a7741352fb0d285164d8be1cb399c17a2]","31","6","3512ef4a7741352fb0d285164d8be1cb399c17a2"
"https://github.com/jpatel531/folioapp.git","42","20","[0d8fa6b019de061a1d64f64cdaa6fae7a5395093, d96dae24c0419a91da425a609dd45e855069a8e7, 768b0e7315ec6122a59e2ea1551f4f6166385389, a691867ddd3ac7e72e446dd8636e8f44ca53f5d8, dd9113e3abf9645cbdd9401aae549851d9ad3941, b9d76df9777ab50d7764b1ad362c206b33cccff6, 8343d901e972fc2582f1a52058b33c76f647dbdd, 310df5baf8dedfeccb29651e39d682bfce07fee6, b8a3c2d8e91cc9e814a7351756b09a0e44eb7ce7, 2807041afab09c674916b9b2a817292d9ad5f47b, ae969b066d04bb38ee53ba7f6128b4da792215bb, 5bd0b009c6cdcd5415a067d408137ab0e4584fc6, 483126d30d799c9f9b1a901fa1a665ca34b07df4, 37ed0d53c7397f432db45292db544947bb9cdf6a, 2d658315ee820a49156de1dc193f5a159ec87b8f, 0af6d485a37f498f0b78ab560f7142af7228ee74, f09408560fdb3521ca9db11977047f2d6a108028, cf0a057e536d3607651066ed5752bf433890af5c, 47763220b50893f6bd1c8e95fed5e6483a369a02, 47aa4f6ba364b3a6137b4413bfadd8db8269052f]","32","6","47aa4f6ba364b3a6137b4413bfadd8db8269052f"
"https://github.com/jpatel531/folioapp.git","43","8","[0d8fa6b019de061a1d64f64cdaa6fae7a5395093, d96dae24c0419a91da425a609dd45e855069a8e7, 768b0e7315ec6122a59e2ea1551f4f6166385389, a691867ddd3ac7e72e446dd8636e8f44ca53f5d8, 8343d901e972fc2582f1a52058b33c76f647dbdd, 310df5baf8dedfeccb29651e39d682bfce07fee6, 5bd0b009c6cdcd5415a067d408137ab0e4584fc6, 483126d30d799c9f9b1a901fa1a665ca34b07df4]","31","6","483126d30d799c9f9b1a901fa1a665ca34b07df4"
"https://github.com/jpatel531/folioapp.git","44","13","[0d8fa6b019de061a1d64f64cdaa6fae7a5395093, d96dae24c0419a91da425a609dd45e855069a8e7, 768b0e7315ec6122a59e2ea1551f4f6166385389, a691867ddd3ac7e72e446dd8636e8f44ca53f5d8, dd9113e3abf9645cbdd9401aae549851d9ad3941, b9d76df9777ab50d7764b1ad362c206b33cccff6, b8a3c2d8e91cc9e814a7351756b09a0e44eb7ce7, 2807041afab09c674916b9b2a817292d9ad5f47b, ae969b066d04bb38ee53ba7f6128b4da792215bb, 37ed0d53c7397f432db45292db544947bb9cdf6a, 2d658315ee820a49156de1dc193f5a159ec87b8f, 0af6d485a37f498f0b78ab560f7142af7228ee74, f09408560fdb3521ca9db11977047f2d6a108028]","31","6","f09408560fdb3521ca9db11977047f2d6a108028"
"https://github.com/jpatel531/folioapp.git","46","10","[0d8fa6b019de061a1d64f64cdaa6fae7a5395093, d96dae24c0419a91da425a609dd45e855069a8e7, 768b0e7315ec6122a59e2ea1551f4f6166385389, a691867ddd3ac7e72e446dd8636e8f44ca53f5d8, dd9113e3abf9645cbdd9401aae549851d9ad3941, b9d76df9777ab50d7764b1ad362c206b33cccff6, b8a3c2d8e91cc9e814a7351756b09a0e44eb7ce7, 2807041afab09c674916b9b2a817292d9ad5f47b, ae969b066d04bb38ee53ba7f6128b4da792215bb, 37ed0d53c7397f432db45292db544947bb9cdf6a]","31","6","37ed0d53c7397f432db45292db544947bb9cdf6a"
"https://github.com/jpatel531/folioapp.git","47","6","[0d8fa6b019de061a1d64f64cdaa6fae7a5395093, d96dae24c0419a91da425a609dd45e855069a8e7, 768b0e7315ec6122a59e2ea1551f4f6166385389, a691867ddd3ac7e72e446dd8636e8f44ca53f5d8, 8343d901e972fc2582f1a52058b33c76f647dbdd, 310df5baf8dedfeccb29651e39d682bfce07fee6]","31","6","310df5baf8dedfeccb29651e39d682bfce07fee6"
"https://github.com/jpatel531/folioapp.git","49","7","[0d8fa6b019de061a1d64f64cdaa6fae7a5395093, d96dae24c0419a91da425a609dd45e855069a8e7, 768b0e7315ec6122a59e2ea1551f4f6166385389, a691867ddd3ac7e72e446dd8636e8f44ca53f5d8, 8343d901e972fc2582f1a52058b33c76f647dbdd, 310df5baf8dedfeccb29651e39d682bfce07fee6, 5bd0b009c6cdcd5415a067d408137ab0e4584fc6]","31","6","5bd0b009c6cdcd5415a067d408137ab0e4584fc6"
"https://github.com/jpatel531/folioapp.git","51","4","[0d8fa6b019de061a1d64f64cdaa6fae7a5395093, d96dae24c0419a91da425a609dd45e855069a8e7, 768b0e7315ec6122a59e2ea1551f4f6166385389, a691867ddd3ac7e72e446dd8636e8f44ca53f5d8]","25","3","a691867ddd3ac7e72e446dd8636e8f44ca53f5d8"
"https://github.com/jpatel531/folioapp.git","52","13","[ef77b00676b0973caf06aaf7a0cb653cd98434da, 1195bf6b3ca4b62f27dfc1f70dd3ae9a5cd4bb30, 683ba1b74c37b9b9a27f879bfd2348db5ebeac61, 890bbddfe0407c9ee8c17e45e68c2bf65c075297, 3a9bdf5964aec4a5719dc756dd1e0525a41cb21b, 27163be44e4295396ad446d5a314bda5e24b95ac, 3138110d1e9a09840e689bef0b4b624bc10ac306, 0c4070d2e57d997285146cadae94f2b330a53f2a, 3b1e8bf76752f6de7a72b05866617dcee741f2d5, 1a06250178077cd11727f230f5c34b46906c789f, 27805a756aa6c7b0d213e66dec206bb36b969aec, c8bcd2d518601b1f481e3dbe410f7925f2e5da2a, a7623dab54b8b7048543cc54d5d0c23e9009fbab]","31","6","a7623dab54b8b7048543cc54d5d0c23e9009fbab"
"https://github.com/jpatel531/folioapp.git","53","13","[ef77b00676b0973caf06aaf7a0cb653cd98434da, 1195bf6b3ca4b62f27dfc1f70dd3ae9a5cd4bb30, 683ba1b74c37b9b9a27f879bfd2348db5ebeac61, 890bbddfe0407c9ee8c17e45e68c2bf65c075297, 3a9bdf5964aec4a5719dc756dd1e0525a41cb21b, 27163be44e4295396ad446d5a314bda5e24b95ac, 3138110d1e9a09840e689bef0b4b624bc10ac306, 0c4070d2e57d997285146cadae94f2b330a53f2a, 3b1e8bf76752f6de7a72b05866617dcee741f2d5, 1a06250178077cd11727f230f5c34b46906c789f, 27805a756aa6c7b0d213e66dec206bb36b969aec, c8bcd2d518601b1f481e3dbe410f7925f2e5da2a, a7623dab54b8b7048543cc54d5d0c23e9009fbab]","31","6","a7623dab54b8b7048543cc54d5d0c23e9009fbab"
"https://github.com/jpatel531/folioapp.git","54","4","[0d8fa6b019de061a1d64f64cdaa6fae7a5395093, d96dae24c0419a91da425a609dd45e855069a8e7, 768b0e7315ec6122a59e2ea1551f4f6166385389, a691867ddd3ac7e72e446dd8636e8f44ca53f5d8]","25","3","a691867ddd3ac7e72e446dd8636e8f44ca53f5d8"
"https://github.com/jpatel531/folioapp.git","55","12","[e4061a3981481b2b43f47ef835a088183a24526a, 8be700d25a18b7235a6cff34c9e8df452a49f8da, fcd7b392d92941a3fbaf85ddb0422705f0127ae9, 4616b546b35091714cbf9ec42696372203f7a00f, 1820aa064ec91851552a1a8ee801fc5ae766683a, e402ef35b9df7f64069e5a822f0d75e4ab89e8f8, 7af82170c4504b3aef0593b31aa4b0d579b31dbb, f08cb3a95c973f8e8aae929ca9d121c7849e67c4, 27163be44e4295396ad446d5a314bda5e24b95ac, 3138110d1e9a09840e689bef0b4b624bc10ac306, 3b1e8bf76752f6de7a72b05866617dcee741f2d5, 1a06250178077cd11727f230f5c34b46906c789f]","28","6","1a06250178077cd11727f230f5c34b46906c789f"
"https://github.com/jpatel531/folioapp.git","58","8","[e4061a3981481b2b43f47ef835a088183a24526a, 8be700d25a18b7235a6cff34c9e8df452a49f8da, fcd7b392d92941a3fbaf85ddb0422705f0127ae9, 4616b546b35091714cbf9ec42696372203f7a00f, 1820aa064ec91851552a1a8ee801fc5ae766683a, e402ef35b9df7f64069e5a822f0d75e4ab89e8f8, 7af82170c4504b3aef0593b31aa4b0d579b31dbb, f08cb3a95c973f8e8aae929ca9d121c7849e67c4]","23","3","f08cb3a95c973f8e8aae929ca9d121c7849e67c4"
"https://github.com/jpatel531/folioapp.git","59","3","[59a1ffddf132011a086d903cd9a7aa0a61551e00, ed0db366e523e5f8e6485f2ae335e11b305c5447, 4df6f318f5c444ef7ac911861c0d154400743bc1]","7","1","4df6f318f5c444ef7ac911861c0d154400743bc1"
"https://github.com/jpatel531/folioapp.git","60","23","[3b50b78d40786ae981071f8b0285ce019e707c9e, 8ac9c3a51829947979a7a4b9010761fc2f0d0033, 4270c9f53d64a2afbe656dda493c9cded3a42d8a, d2bef41175d083c6d674bfbd2a949d198bef9dd1, 35a0410514d22b38f171595935259fca149e207e, e8f076743961c377ccfb25c0bcb26fdebf243399, cd2fece2ab36a7d040b0fb876b985896c491cf40, 13e3781ee5fa9969712d4abb4361ef8b7ec30513, 294a7eac1ff569c431cfbc64fc9d8bb5593b5125, 49b689d69bd26c271d2c45cc7bf604d32b3956bf, 3be89c516946f1a928dc6c6be344f30efcc68e1d, c3522ec0f4105de67d4538a61ce3c71abc1af8ca, d041299fd906664bc2ac3388295dac9e44b603e1, df1808363f4b328d2d496e636835a553a1002bbb, a6f98320c3090327629046f3a916da1dc5ec6a73, 62fab6a06ee4c5dad91d827bffd45d8c94ef8793, 8260febef37abda5588a3378662bf0cab6693806, 255ef4872830cc7d63f547a18fbd1460cdb9aebe, 42098bd8e8b1da6c4c2f6a8567ed746be0190aca, 9e49ec105c757c9fc09b1849a357e2b4b83210a6, af02bef5ca4e32daa145642fdb71deb0cfbd8e08, 2c2147ac87ac15d958b15c7079c056f9ecbafa96, eeee1d02636477a38f9afd096a30ff63f833c03c]","21","1","eeee1d02636477a38f9afd096a30ff63f833c03c"
"https://github.com/jpatel531/folioapp.git","62","2","[59a1ffddf132011a086d903cd9a7aa0a61551e00, ed0db366e523e5f8e6485f2ae335e11b305c5447]","3","1","ed0db366e523e5f8e6485f2ae335e11b305c5447"
"https://github.com/jpatel531/folioapp.git","63","8","[adcf819c6f53dcd804113175bded5629ad88bf04, 4ef0c2d327ee5f5556aa621b8a9a6d10bb680ea6, e1f53804a5d510dbe2c58a5f6b524b334f18403a, edf54a4d925f225848d5cf5b3ce43a624bb0d23e, 81349c3d995a62ab1e0648e8ec44152decd47c63, 863220956da1749ae5b97db564d61524019595ce, b63b98c729413a01175bd58e8aa643428a44b6b7, d2bef41175d083c6d674bfbd2a949d198bef9dd1]","5","1","d2bef41175d083c6d674bfbd2a949d198bef9dd1"
