"REPO_URL","TASK_ID","#HASHES","HASHES","#PROD_FILES","#TEST_FILES","LAST"
"https://github.com/moneyadviceservice/wpcc.git","17","2","[1ad93cc9c9cdf342d86b3be1eafa8d75dbe18cc3, 3f8d4ac04b7a7198f3c11ef7ed405e83448cbf8b]","9","1","3f8d4ac04b7a7198f3c11ef7ed405e83448cbf8b"
"https://github.com/moneyadviceservice/wpcc.git","18","1","[d70a5849de80e077d3e42daeda0e309dafa40a44]","1","1","d70a5849de80e077d3e42daeda0e309dafa40a44"
"https://github.com/moneyadviceservice/wpcc.git","20","1","[1ad93cc9c9cdf342d86b3be1eafa8d75dbe18cc3]","7","1","1ad93cc9c9cdf342d86b3be1eafa8d75dbe18cc3"
"https://github.com/moneyadviceservice/wpcc.git","23","14","[6ab0775d2445ce750d8479e415d41eb927a55b60, 9ec2e67267b73c58eb1e40230b7672f94a42d63b, 63e8b724885ac50704b6688819a606f5f291ce95, 1430b67a1381c2a1deb8e67655605567866a8416, 335496677cd6a59f5cf54e70f75db91e56aaa7ca, b136949b2e03cd0aefd8947350e2a06f0d975ca8, eaa783a3477727e8fdc00b03e0c6aa437242ae74, ae620afe50a741dcdec588bd38ae06076d37491b, f285f1498a7558293b95016a3c273c32b3a7a76b, d5edce092786402ca85abb8e55d3fb481832c7a1, 2d193334307995bce98c33acf9388dc80f8a998a, 551487c2de9b60bfbe9990e69eaaeb2ad0afaa57, 45e5c15ddfbfb32e4bbe47cd154cd66c91010273, 0a56a02292846c80e296bd34ca6baba8f4fa02ce]","11","1","0a56a02292846c80e296bd34ca6baba8f4fa02ce"
"https://github.com/moneyadviceservice/wpcc.git","25","7","[b136949b2e03cd0aefd8947350e2a06f0d975ca8, ae620afe50a741dcdec588bd38ae06076d37491b, f285f1498a7558293b95016a3c273c32b3a7a76b, d5edce092786402ca85abb8e55d3fb481832c7a1, 2d193334307995bce98c33acf9388dc80f8a998a, 551487c2de9b60bfbe9990e69eaaeb2ad0afaa57, 45e5c15ddfbfb32e4bbe47cd154cd66c91010273]","11","1","45e5c15ddfbfb32e4bbe47cd154cd66c91010273"
"https://github.com/moneyadviceservice/wpcc.git","28","4","[f285f1498a7558293b95016a3c273c32b3a7a76b, d5edce092786402ca85abb8e55d3fb481832c7a1, 2d193334307995bce98c33acf9388dc80f8a998a, 551487c2de9b60bfbe9990e69eaaeb2ad0afaa57]","5","1","551487c2de9b60bfbe9990e69eaaeb2ad0afaa57"
"https://github.com/moneyadviceservice/wpcc.git","36","4","[a84913cf93c311aeafde9996e38196bcf69bd003, 684949d52bdc16b707fc37fa759cca7116163831, 9b29cce608fe05a44b5ccd6a0a3cd0a13e318b92, 752a10aad4f01710fa02badc193cdc32b22f8076]","4","1","752a10aad4f01710fa02badc193cdc32b22f8076"
"https://github.com/moneyadviceservice/wpcc.git","38","1","[a84913cf93c311aeafde9996e38196bcf69bd003]","3","1","a84913cf93c311aeafde9996e38196bcf69bd003"
"https://github.com/moneyadviceservice/wpcc.git","39","6","[cb4255d7cbea39668ae55751a8453b589a0f893b, b64e00aca36c8a08953310f736290833553e1481, 62af3d1fe3739f4c809dc2b0b617cde34577e071, af017b61edef232f2bbe26c8c954f5371621486f, 67c096292300b167acd04c274688858c73cecfcf, 4458cee1dedc420c65092b07acad12a16a3831fb]","9","1","4458cee1dedc420c65092b07acad12a16a3831fb"
"https://github.com/moneyadviceservice/wpcc.git","41","11","[f101be1c70bd330784f440998bbb9ee1ea80e9a7, 6ce99eb2e8407f02bf8327e262fa14f4cd831df3, e94837b5d83c3a65632553352c1e4c0d39a01a93, 3fcb97fac0e46f885948a59e391870bb625e266e, 75eaa3d8e6869e60727a95a96635368c964cec0a, fb793f86beb2f2ea82a8c39e24f94dd6610d81a8, 5af0b96bad3c1a4e55adfb5cd36c93dd389ac33c, c4aa51fdfe79536f6eddf5ec5f44fb387ea379c2, 4d9a13a72e3a79374995b241d30108b197daaaa5, 51e1d4d89f2236a3ae44da780ef064f84a3e01d6, 9418e09898c5b87771ae177dacb363c169d60f26]","10","4","9418e09898c5b87771ae177dacb363c169d60f26"
"https://github.com/moneyadviceservice/wpcc.git","44","3","[3fcb97fac0e46f885948a59e391870bb625e266e, 75eaa3d8e6869e60727a95a96635368c964cec0a, 51e1d4d89f2236a3ae44da780ef064f84a3e01d6]","5","1","51e1d4d89f2236a3ae44da780ef064f84a3e01d6"
"https://github.com/moneyadviceservice/wpcc.git","45","6","[bd282408611b517e23f448ea678b58cb202208dd, fa001ec58f835abb478530be275324ff12cf1b2e, 09bdb4267bb70590872f0e8d61d3838fa6d84298, 158be42f8cb4ea1362cb4f30d75e9e44adcc9dd3, 3d8923353e2fe828d64f7e1157623726cf217150, 748976fa0d657b019a9dcbda0467edfa2f256d4e]","7","3","748976fa0d657b019a9dcbda0467edfa2f256d4e"
"https://github.com/moneyadviceservice/wpcc.git","46","2","[f101be1c70bd330784f440998bbb9ee1ea80e9a7, 6ce99eb2e8407f02bf8327e262fa14f4cd831df3]","5","1","6ce99eb2e8407f02bf8327e262fa14f4cd831df3"
"https://github.com/moneyadviceservice/wpcc.git","47","3","[bd282408611b517e23f448ea678b58cb202208dd, fa001ec58f835abb478530be275324ff12cf1b2e, 3d8923353e2fe828d64f7e1157623726cf217150]","6","1","3d8923353e2fe828d64f7e1157623726cf217150"
"https://github.com/moneyadviceservice/wpcc.git","48","2","[09bdb4267bb70590872f0e8d61d3838fa6d84298, 158be42f8cb4ea1362cb4f30d75e9e44adcc9dd3]","1","2","158be42f8cb4ea1362cb4f30d75e9e44adcc9dd3"
"https://github.com/moneyadviceservice/wpcc.git","49","2","[6c4952d2a14815be8f73af8aa104ce68c53bb639, ad072dc4aa725a6dc22770d130681633359bfd4c]","6","1","ad072dc4aa725a6dc22770d130681633359bfd4c"
"https://github.com/moneyadviceservice/wpcc.git","51","7","[f3dbec92a70b31d27ac3e3bcfab6862dab9c9c84, 1ceea72290e59dc44bf63f94477c227fbcc3744b, 79cc20218103b1d0f9f3ee3631d7d0f98f6ed320, 02a25afb318f9afeaacc7b8d00946ed2f0fb2c6d, 5372b82557a92dfbeee2586ba89ea60764f0f7fa, 38c20f385e5e8047c7402e5a5e3b5d85f67b035f, d2b2d237e77bdf1b1466a692e10f6c7d53326d42]","13","1","d2b2d237e77bdf1b1466a692e10f6c7d53326d42"
"https://github.com/moneyadviceservice/wpcc.git","53","6","[fff2d1d47c0d74559744a32022b8ab6755028f08, 9639b372a2848a23becccab0079e09e01fe3a8f9, 18fdaa0396b6a0b5f1446883b61b2017b15958b7, 3bd924e960ec658da693abb18f41eaf746f264ca, 50556e1d59ed5e9c074657705932808b626d0dc4, d5f23951292902ae32039315d6087b6a47cd988e]","13","1","d5f23951292902ae32039315d6087b6a47cd988e"
"https://github.com/moneyadviceservice/wpcc.git","55","3","[fff2d1d47c0d74559744a32022b8ab6755028f08, 3bd924e960ec658da693abb18f41eaf746f264ca, 50556e1d59ed5e9c074657705932808b626d0dc4]","13","1","50556e1d59ed5e9c074657705932808b626d0dc4"
"https://github.com/moneyadviceservice/wpcc.git","57","6","[6c271a1163ec3d782a136c6adf459e359c74ce70, ad884abda993532c73dee704ca5faebaa61cd2ba, 21af6ec0fbc2d61ad91b3acc40aef70498cbfb44, 0c2020590f52d31c413a1b46d37d975cea61afa2, 1d4683d5d929c2fd798c8735a08aaf0f788aed99, 4f9fabcf81bc6f446d57b105b369864faadfb5d9]","19","12","4f9fabcf81bc6f446d57b105b369864faadfb5d9"
"https://github.com/moneyadviceservice/wpcc.git","58","2","[fff2d1d47c0d74559744a32022b8ab6755028f08, 3bd924e960ec658da693abb18f41eaf746f264ca]","12","1","3bd924e960ec658da693abb18f41eaf746f264ca"
"https://github.com/moneyadviceservice/wpcc.git","60","22","[0d89db4b0469202f91fb1b06e91cce5a34b0ee5d, 3d7f1cdb23246de6ba52b1db33ea10ae05432723, 55278bad81c1599db75544ce9175f846d30f8fc7, c38ab4e9ab566c1d9135112a23a6a5becbbc78df, 20ec290fdf53770afa325e027f74b59a551afeb3, 36df096661517759acc6d577ab33fc7851d8bc82, c39b4a89ca4ed41de307e22fc0efae3d7ceab0fe, de7bc03a7370d287c2535aa667df7dc370ad649d, 0046d09387354246757c75c3cd74d1c320f0c302, 8c6bc8a81e852ff2e42b87aa50b46d417cc88640, 5646a60c35f278ea2e97c7e56a383fee805c9f9a, a6ec4ff3dd8bcda34d344437279002a56bb28a20, 2c084d352002bebb050cfa1c55ff4f26bd1b2ae4, a94290566018c02c10cd7cac9de5b4716ba2b923, 92e85947d29f00f22e42fd964d2f98ad3c34bcd5, 3e06701e148fe58f843c5e481e785dd30f1aa069, 2f77be2cf73fafb47c3537a223ae0bf0d72626de, eb4bf4e01f3bb69af49972695281df4e7bf3446a, 8dc82b83311e48da2ed3b6f45f1cead1e1532a6c, 9d07d30f1f031c79cc6fd0fef5077ae6f1cf092e, d9e18eab30b0def57f5b7996b89a936900a0456a, a8daf5da54d8665f1add69a827bc53b3f277f64a]","23","12","a8daf5da54d8665f1add69a827bc53b3f277f64a"
"https://github.com/moneyadviceservice/wpcc.git","61","4","[92e85947d29f00f22e42fd964d2f98ad3c34bcd5, 3e06701e148fe58f843c5e481e785dd30f1aa069, 2f77be2cf73fafb47c3537a223ae0bf0d72626de, d9e18eab30b0def57f5b7996b89a936900a0456a]","16","2","d9e18eab30b0def57f5b7996b89a936900a0456a"
"https://github.com/moneyadviceservice/wpcc.git","63","2","[a94290566018c02c10cd7cac9de5b4716ba2b923, eb4bf4e01f3bb69af49972695281df4e7bf3446a]","2","1","eb4bf4e01f3bb69af49972695281df4e7bf3446a"
"https://github.com/moneyadviceservice/wpcc.git","64","3","[92e85947d29f00f22e42fd964d2f98ad3c34bcd5, 3e06701e148fe58f843c5e481e785dd30f1aa069, 2f77be2cf73fafb47c3537a223ae0bf0d72626de]","14","1","2f77be2cf73fafb47c3537a223ae0bf0d72626de"
"https://github.com/moneyadviceservice/wpcc.git","65","8","[f89a8e37c33bb32ddc747573450ca4f23cb0db2f, 3004900bb5228e75cdccac10b8e50f8996cdddd7, d3f630b666cad6269d758477e963f7a18bd32078, 0d89db4b0469202f91fb1b06e91cce5a34b0ee5d, 3d7f1cdb23246de6ba52b1db33ea10ae05432723, 55278bad81c1599db75544ce9175f846d30f8fc7, c38ab4e9ab566c1d9135112a23a6a5becbbc78df, 36df096661517759acc6d577ab33fc7851d8bc82]","5","10","36df096661517759acc6d577ab33fc7851d8bc82"
"https://github.com/moneyadviceservice/wpcc.git","67","14","[6776229d46347c9d4a28eb9f87a690f478ae3198, b73330a2919a4ee55f02c04781fea99f09ef5bc7, 97be4cc3a7910e1675f1b569c13353251bfb6d75, 9ba93f5e94dc51ab437d82d748fcf49dc4588249, 51bccaf2ce8a0c3365346ba482f2f3c2ca96f7cb, 6ff03afea779f469527077b38621d17a40290263, d7190dddb248414d3822e2b121c7d22ce86b9de6, 16ba7e2d532c98a8256b1fd01160180ef8205d6c, d4e56ab998b630e5fd3dd32d38fe6044863b3654, 676014e5fce15661ca4ba1334b72b9f045ffbec7, c082fbc5671c4610d913775f1a929bc0215aea4e, 5696f41a495d10340a8602d246f729797a4a5cdd, f0f519029dae491dcd57f03c6a3133ea3ed4bb2d, 9195eb082b1b15086e69cdd7de8d32d449329850]","8","3","9195eb082b1b15086e69cdd7de8d32d449329850"
"https://github.com/moneyadviceservice/wpcc.git","69","13","[25c47bca69e2273740c035912beac36fbe308417, 61ede3530df5a0ee9bc2df2aa4e873cfe0dfd8ae, 97be4cc3a7910e1675f1b569c13353251bfb6d75, 9ba93f5e94dc51ab437d82d748fcf49dc4588249, 51bccaf2ce8a0c3365346ba482f2f3c2ca96f7cb, 6ff03afea779f469527077b38621d17a40290263, d7190dddb248414d3822e2b121c7d22ce86b9de6, 16ba7e2d532c98a8256b1fd01160180ef8205d6c, d4e56ab998b630e5fd3dd32d38fe6044863b3654, 676014e5fce15661ca4ba1334b72b9f045ffbec7, c082fbc5671c4610d913775f1a929bc0215aea4e, 5696f41a495d10340a8602d246f729797a4a5cdd, f0f519029dae491dcd57f03c6a3133ea3ed4bb2d]","15","12","f0f519029dae491dcd57f03c6a3133ea3ed4bb2d"
"https://github.com/moneyadviceservice/wpcc.git","72","2","[d7190dddb248414d3822e2b121c7d22ce86b9de6, 16ba7e2d532c98a8256b1fd01160180ef8205d6c]","3","1","16ba7e2d532c98a8256b1fd01160180ef8205d6c"
"https://github.com/moneyadviceservice/wpcc.git","73","20","[500af068a746969245f6086759b3c91df18d04dc, 8bdc95718cb5f210783636f22bf5778bb73ce7ef, 55abb35de5d44ae03b05e61169bb7ae5c38e1948, 59f4ac9d2dfe696b848334691aa102e3e24cec65, 1fc3c606810d44aa47e3307fd36c965170b6cebb, fbb6d98507f176f62ff5ef0b0516335553809320, b4c0c5f183091eb7257a42e399d626ed36bca9a8, 4517c9fc7079ebe582972df92adb6d984baacac3, fc300023399aa94cafe682b8b83e0704344338dd, dc0dd97175d89542efd8666b149dcc6abafee406, 1970f9abb0e394200dda2dab32d2930589cf9ae4, 3c1cbf3deb721d93e98717d87742cf3445675e50, 5e28c9a5bfcac218399e0be74269e784f1f66b90, deb93407c4743e5dc2a2fc7ad3b6e7d91f98f5a8, d8dc207266e120f0c0e441ab6dbf88e84773ec9c, e8594b8052926d9e27fec2fe9de80cf4302169f7, f2ffa52d6b28b77cc3e34d406007fbfd7902c5fb, e57d8c49e3721bf6d60e84f261d5d49f3f0f4e72, 9f4f6fe428704e33ecadfb49a4fbd8125a167301, 77b1ec092b380e43a3a8b2ebce127fb49e7bca4f]","14","12","77b1ec092b380e43a3a8b2ebce127fb49e7bca4f"
"https://github.com/moneyadviceservice/wpcc.git","75","11","[4517c9fc7079ebe582972df92adb6d984baacac3, fc300023399aa94cafe682b8b83e0704344338dd, 1970f9abb0e394200dda2dab32d2930589cf9ae4, 3c1cbf3deb721d93e98717d87742cf3445675e50, 5e28c9a5bfcac218399e0be74269e784f1f66b90, deb93407c4743e5dc2a2fc7ad3b6e7d91f98f5a8, d8dc207266e120f0c0e441ab6dbf88e84773ec9c, e8594b8052926d9e27fec2fe9de80cf4302169f7, f2ffa52d6b28b77cc3e34d406007fbfd7902c5fb, e57d8c49e3721bf6d60e84f261d5d49f3f0f4e72, 9f4f6fe428704e33ecadfb49a4fbd8125a167301]","4","10","9f4f6fe428704e33ecadfb49a4fbd8125a167301"
"https://github.com/moneyadviceservice/wpcc.git","77","5","[d43a1b6d40b9eba0e010f8a4e405ada4d2e3c31a, 97dcf5c6ad077c5ebc106719439406ee4bc332c6, 73f1559c2eaa11686c13c468ae233699b7978762, 93d82d376561967bbe9d3bea9f664b0be650dbbf, 6e1167c7d19ce12f2e55e62655c3158e76241f08]","8","1","6e1167c7d19ce12f2e55e62655c3158e76241f08"
"https://github.com/moneyadviceservice/wpcc.git","81","4","[ccf77724c40fe6e2c33ec7e9e5d460cb17575e13, b881542eff37c210e3e89be21b7735712931c2d7, 9bd6a65d826d4f92aa66db2babfc143b325aa009, 6164ca56f84739f31d34197483995b31a0be0338]","22","2","6164ca56f84739f31d34197483995b31a0be0338"
"https://github.com/moneyadviceservice/wpcc.git","83","25","[d019ed6799c399362842f6f210bda083f3122791, 570903d5afaa79aafaf0b8d367f9beff6ae0a4fd, 81db9b11c2eaba8574818317d54408a276bd3564, 99d995b2019292669cf853d863c5b0e4bc73f6e0, 7e3fd5c929f6ac1894301a7104863d9a7abd3429, 9b98ff49006a381e140f223408f4da2fa7119c81, 9501874c5e91996ba146becea33c5407b0c1d44b, 511ac820ae8b3eceba92a768dbc2fb3a9bde92d0, abf2edee4ab36920a8cd1ec038d670a430d71331, d654d2ab68ad411543f397a8f83ce336261bd3f3, eb7a7f537aa24452608dde0c5117c77e42bb8f3f, 13cacfe896015316109054ce10f2bbf79f69ec24, c8f8e734ef7fb77cd97ec4c28e176a11e5d87971, 8c767078921c3300ad1268ed3f5fe5f427ed0a73, dd25ec7be647d60351c5e5b0c8dad50ef6d707e5, bb42bc3a2fdc3e79b657f957eefe73efe0c0bfb8, 53b198fa42ac335ad99dc28470b38c784a9f2c40, 21227357beba4584dbd5f0520a3f5ba3d1fb4168, 219a149d423a3ebb27b5fc47ceadcedf3aa8740d, 09e965c0e998d310b6643a6afa8ef87df2663b92, ec448e211aa816b0e1d7ef5e4f6775ec45624081, 09311fd91679c635de75b56acd2e8657a7bd2dbf, 34ba1f570e43f418911313c3572285107e94636f, f61395149d2480b8fe87009c3dcebf461f49a407, 5ae161ba1628c5bafc63c0f03ef3bc83964023d0]","17","1","5ae161ba1628c5bafc63c0f03ef3bc83964023d0"
"https://github.com/moneyadviceservice/wpcc.git","84","1","[ccf77724c40fe6e2c33ec7e9e5d460cb17575e13]","7","1","ccf77724c40fe6e2c33ec7e9e5d460cb17575e13"
"https://github.com/moneyadviceservice/wpcc.git","85","12","[d019ed6799c399362842f6f210bda083f3122791, 9b98ff49006a381e140f223408f4da2fa7119c81, 9501874c5e91996ba146becea33c5407b0c1d44b, 511ac820ae8b3eceba92a768dbc2fb3a9bde92d0, abf2edee4ab36920a8cd1ec038d670a430d71331, c8f8e734ef7fb77cd97ec4c28e176a11e5d87971, 8c767078921c3300ad1268ed3f5fe5f427ed0a73, dd25ec7be647d60351c5e5b0c8dad50ef6d707e5, bb42bc3a2fdc3e79b657f957eefe73efe0c0bfb8, 53b198fa42ac335ad99dc28470b38c784a9f2c40, 21227357beba4584dbd5f0520a3f5ba3d1fb4168, 219a149d423a3ebb27b5fc47ceadcedf3aa8740d]","15","1","219a149d423a3ebb27b5fc47ceadcedf3aa8740d"
"https://github.com/moneyadviceservice/wpcc.git","87","9","[d019ed6799c399362842f6f210bda083f3122791, 9b98ff49006a381e140f223408f4da2fa7119c81, 9501874c5e91996ba146becea33c5407b0c1d44b, 511ac820ae8b3eceba92a768dbc2fb3a9bde92d0, abf2edee4ab36920a8cd1ec038d670a430d71331, c8f8e734ef7fb77cd97ec4c28e176a11e5d87971, 8c767078921c3300ad1268ed3f5fe5f427ed0a73, dd25ec7be647d60351c5e5b0c8dad50ef6d707e5, 21227357beba4584dbd5f0520a3f5ba3d1fb4168]","14","1","21227357beba4584dbd5f0520a3f5ba3d1fb4168"
"https://github.com/moneyadviceservice/wpcc.git","90","8","[d019ed6799c399362842f6f210bda083f3122791, 9b98ff49006a381e140f223408f4da2fa7119c81, 9501874c5e91996ba146becea33c5407b0c1d44b, 511ac820ae8b3eceba92a768dbc2fb3a9bde92d0, abf2edee4ab36920a8cd1ec038d670a430d71331, c8f8e734ef7fb77cd97ec4c28e176a11e5d87971, 8c767078921c3300ad1268ed3f5fe5f427ed0a73, dd25ec7be647d60351c5e5b0c8dad50ef6d707e5]","12","1","dd25ec7be647d60351c5e5b0c8dad50ef6d707e5"
"https://github.com/moneyadviceservice/wpcc.git","91","6","[21da059e907c87f659aa70559b348d6cb739a3fb, 2aa7cca3dd5d033a67391b9e938cdd1fdbd991a4, cd0ca1789854b00cee87bed5096d4cb53e34e5c1, cfda906a314e9ea7056f5010f93e741f0929431b, 4079d9ff2d6c2012ac344971555ff19c933f5e3f, 65f883411ecc4db08e8c294f1c5722dae31e36d2]","3","4","65f883411ecc4db08e8c294f1c5722dae31e36d2"
"https://github.com/moneyadviceservice/wpcc.git","93","3","[42768700924c40df465818fd2bdbde9bdccedbac, c04db3585b08cf3ad4e526ce27dff907aa16690c, 29adef6e67cbdfb5235ba635b47a42b537861f72]","9","1","29adef6e67cbdfb5235ba635b47a42b537861f72"
"https://github.com/moneyadviceservice/wpcc.git","94","2","[21da059e907c87f659aa70559b348d6cb739a3fb, 2aa7cca3dd5d033a67391b9e938cdd1fdbd991a4]","3","1","2aa7cca3dd5d033a67391b9e938cdd1fdbd991a4"
"https://github.com/moneyadviceservice/wpcc.git","95","6","[f8aabaf529d1b1c2552ab79c22ef53b692cef6cd, c98d2a53e7ce9466da7867f361477d7c61c6fef6, 78d2cbfbd304f5abd8980d1332673dd8a1408b19, 91aa19d7722453d5419b104388c19374a64ceac9, 8be329075581f88a4ea32ec225a3d18541bdeded, 28e8e1d0c3b53aeac11cd8f007d3daf9141c7463]","9","1","28e8e1d0c3b53aeac11cd8f007d3daf9141c7463"
"https://github.com/moneyadviceservice/wpcc.git","97","2","[78d2cbfbd304f5abd8980d1332673dd8a1408b19, 91aa19d7722453d5419b104388c19374a64ceac9]","7","1","91aa19d7722453d5419b104388c19374a64ceac9"
"https://github.com/moneyadviceservice/wpcc.git","100","1","[78d2cbfbd304f5abd8980d1332673dd8a1408b19]","1","1","78d2cbfbd304f5abd8980d1332673dd8a1408b19"
"https://github.com/moneyadviceservice/wpcc.git","104","1","[8b67e391142da6090435d13369114850962d96ae]","3","1","8b67e391142da6090435d13369114850962d96ae"
"https://github.com/moneyadviceservice/wpcc.git","110","3","[c61134eadbbdd6afac0720c6e02a7bbd6d1ace54, 4b654665db06b863a28f69ef993e95dd6c999f48, 2f1f3a7eedf721013576db91dc11811fe29cbedf]","6","1","2f1f3a7eedf721013576db91dc11811fe29cbedf"
"https://github.com/moneyadviceservice/wpcc.git","117","7","[2b3e0a7d936f3c1cdbfe76cd9d6eaf469739be00, b3a0e4e86e335b2c43339877c531610be9d2ebce, 4fd2babf43636f7ce9382991070725957e7941a3, 7cfc1e2a5f0e87b1a1dd59daf63484a957746315, 23c07192cdca604fecf84ba6f04817d73eb128a1, 798e46f203cabc2ce2c14df50203f25acbad4629, b95bb60d71b86585e13c0e6041a989789c121510]","2","2","b95bb60d71b86585e13c0e6041a989789c121510"
