"REPO_URL","TASK_ID","#HASHES","HASHES","#PROD_FILES","#TEST_FILES","LAST"
"https://github.com/opengovernment/opengovernment.git","221","19","[6e1ecef21b8f637dad6c9fc317ca527b1a6ab0e6, ff4f7ef285859e2f0605f4ce14e633b66f99c3ca, 0492bdca8f179b2fdc792e7862715f137027f741, ae2e13bdc7bc05a9e3f6abfba9a49cd9bbd0f778, c639b90d2414ffc44b3c66879f03504cd20a9e15, 3fb9c95f4967188b27b20a56f007301fb196bbe7, 77180dfc012f477a611def193c6b1a918782db4d, b8dfa872180ae34d68d8ad300e5f159bc9c479e7, a86bc06b1289f257af6435d5a693d4b8ea0a9361, ec6b3d59fc0fd8ee610e51ee4324df6966dd52da, c5166b04b03d972a76fdc0cb1a85094841dda585, 5fc07567a5f04242e3ae31317e0c79e65bddb336, 56aa328cabdd407607f072cbdf279aed90815b4a, 0b3b76d14977a3ffc2fa89a0f4755092fe1d0833, 35c60892afd87070441ea9d272d81a20932b7d57, bbc6bac2f88d53357ee6563a7c894b832f967225, 05a4573b7e10dbd251465013fc5a1a5c817e95e5, fa608461ac7360f3c6fca960a40438505023275b, b7dc0ecb0469a1d3129eef217e8c88eb438a2a59]","23","1","b7dc0ecb0469a1d3129eef217e8c88eb438a2a59"
"https://github.com/opengovernment/opengovernment.git","223","4","[c639b90d2414ffc44b3c66879f03504cd20a9e15, 5fc07567a5f04242e3ae31317e0c79e65bddb336, 56aa328cabdd407607f072cbdf279aed90815b4a, fa608461ac7360f3c6fca960a40438505023275b]","15","1","fa608461ac7360f3c6fca960a40438505023275b"
"https://github.com/opengovernment/opengovernment.git","226","3","[c639b90d2414ffc44b3c66879f03504cd20a9e15, 5fc07567a5f04242e3ae31317e0c79e65bddb336, 56aa328cabdd407607f072cbdf279aed90815b4a]","1","1","56aa328cabdd407607f072cbdf279aed90815b4a"
"https://github.com/opengovernment/opengovernment.git","229","12","[56ef3e48769d00279ec1bb15a88135e469e073ed, cc35a5f915b65e94ded89d322cf5311acc44f279, 18b47cdcafa2ecadb17b56322fec13046c5e2b85, bbf725098242a42d7d2970981493eac396fab0c5, 8108c9ae637d6a94ea9b371f94f56c7bef0c98f5, 405a871983da19c98e8a384855e4b2d27314c87e, 8eed3e2fd98b0095ac6135a0857b851506b1d609, 5d527145125e8ed003b4453621d0402db6ce4467, 2e447a5d786d5c431f453a800f8d41facc80b642, 41bf03a55ce8c24adafbf5c589eb5fc84b27a517, b31507c019a56a38c50a1ed4fa54198b5252ead7, 9e28321e014eb14ac03cc505b42fea993b77dfd1]","11","1","9e28321e014eb14ac03cc505b42fea993b77dfd1"
"https://github.com/opengovernment/opengovernment.git","234","5","[b5159c29f34e20024dee49167dc12e53867b51d6, a47c27734cde2da44f3031de633d830737f202cd, 6e55afd3c0a3206d50048cc8f964677c7dee10e8, 41cf3337e9df4a72e627bbf55029db66b55bae64, 32d8c98fe8e22cbe1df34e40e7f450184e8f9ca7]","2","1","32d8c98fe8e22cbe1df34e40e7f450184e8f9ca7"
"https://github.com/opengovernment/opengovernment.git","240","3","[7062317ba003164badb214c8919befd136951fe9, 7bf540973ee76aed28b939ddff1c8d9c8be9c111, f2be7cdf34ee92246482028b6bb5950e017fbbce]","2","1","f2be7cdf34ee92246482028b6bb5950e017fbbce"
