"REPO_URL","TASK_ID","#HASHES","HASHES","#PROD_FILES","#TEST_FILES","LAST"
"https://github.com/sameersharma25/time_stack.git","90","8","[0a1c3abbc0ca0274792dad3f6ab534773d47d83a, b8462db8015f07ca947475500b80a84beb567c72, 5fa19f1ffa7016089a6db56794068b551b13ea5b, 7ba05b90bbe947e47b6692979272637c48113a92, e9d6df0d8580d2363d77a67c7ea725a6789dd8f8, 9c568501d34df43cbd8349e055e4f2dcac899629, 320621eed05f1523b1fc0600c41b2d74da4734ce, 63889e6201f9384f341cd2f6fd3f3115a76acc1d]","34","6","63889e6201f9384f341cd2f6fd3f3115a76acc1d"
"https://github.com/sameersharma25/time_stack.git","91","10","[4710172952973935891d8dd4ba7e23c24a97087a, 3097569ea40eecd3650da8aa00206e3f0ba2886d, 130a095e697c8f2813da3ec31923c605012d654e, 42487a911c998b020fa991825ce8284fdb766141, 0a1c3abbc0ca0274792dad3f6ab534773d47d83a, b8462db8015f07ca947475500b80a84beb567c72, 5fa19f1ffa7016089a6db56794068b551b13ea5b, 7ba05b90bbe947e47b6692979272637c48113a92, e9d6df0d8580d2363d77a67c7ea725a6789dd8f8, 9c568501d34df43cbd8349e055e4f2dcac899629]","26","6","9c568501d34df43cbd8349e055e4f2dcac899629"
"https://github.com/sameersharma25/time_stack.git","92","12","[4710172952973935891d8dd4ba7e23c24a97087a, 3097569ea40eecd3650da8aa00206e3f0ba2886d, 130a095e697c8f2813da3ec31923c605012d654e, 42487a911c998b020fa991825ce8284fdb766141, 22125242a66da03d46e6f0ab2e598a7ebf78ef95, a5305f2dfe37df6188930376d5b32e1fffe09816, 061f57112415b03902ecc91ad65bb5e22369e86e, 3697a8675a3126a52e7dd9a69160f6385209624e, f934192b43f4374760ccf585fe7b2bddb764813c, 8996897fb18e44bf0b2dc2c545b6d93f0be3670c, 7380820c1af17d6e67e367b8b52b7dd8431c28a7, 8aacac4ce70907af91861dae9c6a1507562bd6f7]","44","3","8aacac4ce70907af91861dae9c6a1507562bd6f7"
"https://github.com/sameersharma25/time_stack.git","94","7","[4710172952973935891d8dd4ba7e23c24a97087a, 3097569ea40eecd3650da8aa00206e3f0ba2886d, 130a095e697c8f2813da3ec31923c605012d654e, 42487a911c998b020fa991825ce8284fdb766141, 22125242a66da03d46e6f0ab2e598a7ebf78ef95, a5305f2dfe37df6188930376d5b32e1fffe09816, 061f57112415b03902ecc91ad65bb5e22369e86e]","36","3","061f57112415b03902ecc91ad65bb5e22369e86e"
"https://github.com/sameersharma25/time_stack.git","95","1","[b8462db8015f07ca947475500b80a84beb567c72]","1","2","b8462db8015f07ca947475500b80a84beb567c72"
"https://github.com/sameersharma25/time_stack.git","96","5","[4710172952973935891d8dd4ba7e23c24a97087a, 3097569ea40eecd3650da8aa00206e3f0ba2886d, 130a095e697c8f2813da3ec31923c605012d654e, 42487a911c998b020fa991825ce8284fdb766141, 5fa19f1ffa7016089a6db56794068b551b13ea5b]","25","5","5fa19f1ffa7016089a6db56794068b551b13ea5b"
"https://github.com/sameersharma25/time_stack.git","97","3","[c41d139c975b29a1ba9d8a9fed30699cb4093889, 1c6cf96bf2d02e398044fac753a0685c589d47d0, 0a1c3abbc0ca0274792dad3f6ab534773d47d83a]","4","5","0a1c3abbc0ca0274792dad3f6ab534773d47d83a"
"https://github.com/sameersharma25/time_stack.git","98","4","[4710172952973935891d8dd4ba7e23c24a97087a, 3097569ea40eecd3650da8aa00206e3f0ba2886d, 130a095e697c8f2813da3ec31923c605012d654e, 42487a911c998b020fa991825ce8284fdb766141]","24","3","42487a911c998b020fa991825ce8284fdb766141"
"https://github.com/sameersharma25/time_stack.git","100","21","[f0add9931598293c2719d39ded7443c47963d954, 511812793004d1764a4506d9c4f84f9d9708e74e, 6fb7dc8aaec4d8b18ce91ca54fa32edf92b1dc51, 4e0821a735c2aba4d5aee64501c77e056a0b1c71, 26750764c691300ce82ecd2ca24c1d2c46a04d5a, 24cc3cc4bd1c77ae734b4c1178ff7daed9f6b916, 8dba0c0473e9fac8343a1cbfc177dca17c160007, fd55eeb61ba3698c205a2ff9e22634a43c3d3fe6, b9151c39c159d38aa50a20b829cc9d1dac122018, 439d978327fedb58257a7038d23bfd82b52d49b2, 5e15f696860004ac8b4f8f1b61df553f0dab53d8, 37bf6f64782763dfe40e053fb3a70d4d5daf5bae, 34842b06fdd8a0f5970cc09559ecc473f7bf9fc4, 1384ac76d58cd764edb1e21ee84f98971780ac38, a1f16f28a9b3e11a75a0cc7edb55bf3c1dff26cf, 984c99db6a325db1901b4ff23c34559a47ede1ed, bab4625be2c53b992ad6622c29b481cc32714a65, 012625073eb948d435d77d17bbbd21dc059e7d64, 2d02707bced6411a3494c2251bf566dfc6aaa9f1, 924605ab5fb67f5bd823f4c26aceb14be03c8879, c0ed7a5ac32123410e28b7db1d6e2830c274aae2]","39","5","c0ed7a5ac32123410e28b7db1d6e2830c274aae2"
"https://github.com/sameersharma25/time_stack.git","102","9","[f0add9931598293c2719d39ded7443c47963d954, 511812793004d1764a4506d9c4f84f9d9708e74e, 6fb7dc8aaec4d8b18ce91ca54fa32edf92b1dc51, 4e0821a735c2aba4d5aee64501c77e056a0b1c71, 26750764c691300ce82ecd2ca24c1d2c46a04d5a, 24cc3cc4bd1c77ae734b4c1178ff7daed9f6b916, bab4625be2c53b992ad6622c29b481cc32714a65, 012625073eb948d435d77d17bbbd21dc059e7d64, 2d02707bced6411a3494c2251bf566dfc6aaa9f1]","38","5","2d02707bced6411a3494c2251bf566dfc6aaa9f1"
"https://github.com/sameersharma25/time_stack.git","103","7","[f0add9931598293c2719d39ded7443c47963d954, 511812793004d1764a4506d9c4f84f9d9708e74e, 6fb7dc8aaec4d8b18ce91ca54fa32edf92b1dc51, 4e0821a735c2aba4d5aee64501c77e056a0b1c71, 26750764c691300ce82ecd2ca24c1d2c46a04d5a, 24cc3cc4bd1c77ae734b4c1178ff7daed9f6b916, bab4625be2c53b992ad6622c29b481cc32714a65]","28","3","bab4625be2c53b992ad6622c29b481cc32714a65"
"https://github.com/sameersharma25/time_stack.git","104","10","[8dba0c0473e9fac8343a1cbfc177dca17c160007, fd55eeb61ba3698c205a2ff9e22634a43c3d3fe6, b9151c39c159d38aa50a20b829cc9d1dac122018, 439d978327fedb58257a7038d23bfd82b52d49b2, 5e15f696860004ac8b4f8f1b61df553f0dab53d8, 37bf6f64782763dfe40e053fb3a70d4d5daf5bae, 34842b06fdd8a0f5970cc09559ecc473f7bf9fc4, 1384ac76d58cd764edb1e21ee84f98971780ac38, a1f16f28a9b3e11a75a0cc7edb55bf3c1dff26cf, 984c99db6a325db1901b4ff23c34559a47ede1ed]","26","3","984c99db6a325db1901b4ff23c34559a47ede1ed"
"https://github.com/sameersharma25/time_stack.git","105","6","[f0add9931598293c2719d39ded7443c47963d954, 511812793004d1764a4506d9c4f84f9d9708e74e, 6fb7dc8aaec4d8b18ce91ca54fa32edf92b1dc51, 4e0821a735c2aba4d5aee64501c77e056a0b1c71, 26750764c691300ce82ecd2ca24c1d2c46a04d5a, 24cc3cc4bd1c77ae734b4c1178ff7daed9f6b916]","6","3","24cc3cc4bd1c77ae734b4c1178ff7daed9f6b916"
"https://github.com/sameersharma25/time_stack.git","107","4","[8dba0c0473e9fac8343a1cbfc177dca17c160007, fd55eeb61ba3698c205a2ff9e22634a43c3d3fe6, b9151c39c159d38aa50a20b829cc9d1dac122018, 439d978327fedb58257a7038d23bfd82b52d49b2]","14","3","439d978327fedb58257a7038d23bfd82b52d49b2"
"https://github.com/sameersharma25/time_stack.git","117","5","[f0add9931598293c2719d39ded7443c47963d954, 511812793004d1764a4506d9c4f84f9d9708e74e, 6fb7dc8aaec4d8b18ce91ca54fa32edf92b1dc51, 4e0821a735c2aba4d5aee64501c77e056a0b1c71, 26750764c691300ce82ecd2ca24c1d2c46a04d5a]","6","3","26750764c691300ce82ecd2ca24c1d2c46a04d5a"
"https://github.com/sameersharma25/time_stack.git","119","4","[f0add9931598293c2719d39ded7443c47963d954, 511812793004d1764a4506d9c4f84f9d9708e74e, 6fb7dc8aaec4d8b18ce91ca54fa32edf92b1dc51, 4e0821a735c2aba4d5aee64501c77e056a0b1c71]","6","3","4e0821a735c2aba4d5aee64501c77e056a0b1c71"
"https://github.com/sameersharma25/time_stack.git","122","3","[cf89880ee5a2e186cca7ebac2e8ca3e55808a3c5, 564a598d445d8c67c92da525572c9febc662cffd, ec1ce9ed5942dcd59abd7625b531ee95f4fe953d]","4","3","ec1ce9ed5942dcd59abd7625b531ee95f4fe953d"
