"REPO_URL","TASK_ID","#HASHES","HASHES","#PROD_FILES","#TEST_FILES","LAST"
"https://github.com/TheOdinProject/theodinproject.git","113","22","[b6ad92b4c54417fe96c802c08006773b6313e4d1, 79ad994889854fa0aea1e650785dd25110ced9b8, 56ce69b2e0f944c9b9f0586f4ae5f47df2c4cc22, 24c27b47c8cc39d6de89ac84e9334790a91a3b47, 585809e0596f7efbf66ffc3ef4f25813b591ea76, c04d757dcae2756a4c0161d095fdca2646c2b85d, cd76a276bf86df893b8c234559c234a11663db80, 31a651c322922d1f55969e5a221dfecbeaa02090, 20229521c4b8762830fd732e71f45d6ba936f893, d17619d3eb047325924ba9ca701938070eb1955c, 24088309fa7643f4f4005580b3b61f7b03c944aa, 9f10b25f4e5376ab5b716e7e0d19bca639e80d9e, fddfcd4529eea51efa1dacf7041c862ae2dbff09, 33a23dc9bdbc26bcc0898209484105f78f1bb260, 42fe7300e4b51830a75da9ad50ca6d5fb3068c43, d7c5d34fe4e6ad9295a9ca96b1f90455f6918d25, 026ad589e32671fa9bc779c1f5f58fd2c65a9164, 61f17aa07006bf71487fa7544077e74861fc9d95, aeee3eb2032e6a64aaf936d235738ab5a16dec52, 9af8247d9c62a361c94d9a61e1d598e64a9b9b2a, 6a42e32cf979ad2af3a36542279ad6e92cf9857c, 5fcb3b0501e0c17dbc4c0a822a8fcc11a73441ea]","120","8","5fcb3b0501e0c17dbc4c0a822a8fcc11a73441ea"
"https://github.com/TheOdinProject/theodinproject.git","114","17","[b6ad92b4c54417fe96c802c08006773b6313e4d1, 79ad994889854fa0aea1e650785dd25110ced9b8, 56ce69b2e0f944c9b9f0586f4ae5f47df2c4cc22, 24c27b47c8cc39d6de89ac84e9334790a91a3b47, 585809e0596f7efbf66ffc3ef4f25813b591ea76, c04d757dcae2756a4c0161d095fdca2646c2b85d, cd76a276bf86df893b8c234559c234a11663db80, 31a651c322922d1f55969e5a221dfecbeaa02090, 20229521c4b8762830fd732e71f45d6ba936f893, d17619d3eb047325924ba9ca701938070eb1955c, 24088309fa7643f4f4005580b3b61f7b03c944aa, 9f10b25f4e5376ab5b716e7e0d19bca639e80d9e, fddfcd4529eea51efa1dacf7041c862ae2dbff09, 33a23dc9bdbc26bcc0898209484105f78f1bb260, 42fe7300e4b51830a75da9ad50ca6d5fb3068c43, d7c5d34fe4e6ad9295a9ca96b1f90455f6918d25, dbfdf942ef2c7770660ade9f7be86f98e73d67ce]","120","8","dbfdf942ef2c7770660ade9f7be86f98e73d67ce"
"https://github.com/TheOdinProject/theodinproject.git","115","16","[b6ad92b4c54417fe96c802c08006773b6313e4d1, 79ad994889854fa0aea1e650785dd25110ced9b8, 56ce69b2e0f944c9b9f0586f4ae5f47df2c4cc22, 24c27b47c8cc39d6de89ac84e9334790a91a3b47, 585809e0596f7efbf66ffc3ef4f25813b591ea76, c04d757dcae2756a4c0161d095fdca2646c2b85d, cd76a276bf86df893b8c234559c234a11663db80, 31a651c322922d1f55969e5a221dfecbeaa02090, 20229521c4b8762830fd732e71f45d6ba936f893, d17619d3eb047325924ba9ca701938070eb1955c, 24088309fa7643f4f4005580b3b61f7b03c944aa, 9f10b25f4e5376ab5b716e7e0d19bca639e80d9e, fddfcd4529eea51efa1dacf7041c862ae2dbff09, 33a23dc9bdbc26bcc0898209484105f78f1bb260, 42fe7300e4b51830a75da9ad50ca6d5fb3068c43, d7c5d34fe4e6ad9295a9ca96b1f90455f6918d25]","120","8","d7c5d34fe4e6ad9295a9ca96b1f90455f6918d25"
"https://github.com/TheOdinProject/theodinproject.git","119","16","[b6ad92b4c54417fe96c802c08006773b6313e4d1, 79ad994889854fa0aea1e650785dd25110ced9b8, 56ce69b2e0f944c9b9f0586f4ae5f47df2c4cc22, 24c27b47c8cc39d6de89ac84e9334790a91a3b47, 585809e0596f7efbf66ffc3ef4f25813b591ea76, c04d757dcae2756a4c0161d095fdca2646c2b85d, cd76a276bf86df893b8c234559c234a11663db80, 31a651c322922d1f55969e5a221dfecbeaa02090, 20229521c4b8762830fd732e71f45d6ba936f893, d17619d3eb047325924ba9ca701938070eb1955c, 24088309fa7643f4f4005580b3b61f7b03c944aa, 9f10b25f4e5376ab5b716e7e0d19bca639e80d9e, fddfcd4529eea51efa1dacf7041c862ae2dbff09, 33a23dc9bdbc26bcc0898209484105f78f1bb260, 42fe7300e4b51830a75da9ad50ca6d5fb3068c43, d7c5d34fe4e6ad9295a9ca96b1f90455f6918d25]","120","8","d7c5d34fe4e6ad9295a9ca96b1f90455f6918d25"
"https://github.com/TheOdinProject/theodinproject.git","121","9","[b6ad92b4c54417fe96c802c08006773b6313e4d1, 79ad994889854fa0aea1e650785dd25110ced9b8, 56ce69b2e0f944c9b9f0586f4ae5f47df2c4cc22, 24c27b47c8cc39d6de89ac84e9334790a91a3b47, 585809e0596f7efbf66ffc3ef4f25813b591ea76, c04d757dcae2756a4c0161d095fdca2646c2b85d, 20229521c4b8762830fd732e71f45d6ba936f893, d17619d3eb047325924ba9ca701938070eb1955c, 24088309fa7643f4f4005580b3b61f7b03c944aa]","120","8","24088309fa7643f4f4005580b3b61f7b03c944aa"
"https://github.com/TheOdinProject/theodinproject.git","124","493","[ca8ff0aa365d939aa81f9432b208d3ef58a8aa1c, c4b00b448669f8334364e5b92bca9a3c32f6803f, efdc2888072f409e687d31dc580595dbe4fe0ff4, 5b0eba101443b57ee9efc7f46b770e4f594a9608, 3af0e243cddcf6a9a91de61d4c73ac6095940742, aa515df44d8b00033bade0729d7a50925ad4b743, ea098b495db05597dabf6b08ea1bc2f8c309d73f, 66671c676c62ef12f71d8ea22c4cd8a0d2db1000, c3a33f9ce5213dedbc447f653001e5cca55ffcca, 03ab7fcb4bf0a3635b13ea20355a4c00cc5be19a, 6da93cdf4363de6acc76ae21504856fd677dbcf3, 55024025a54a04aa1aae854f527b2e82c4707f31, 411b81b4ebfff62e337b058c52c59e60ca1db30b, 3ed74bd02adccf090feb8d70c249829c7e499b97, f88eb7a05a2f73f0acd41361cf6c8325e038b41c, 9ce9871d65422c85bb813c4a86be26081aed0a98, 622d703f907625b598d60c2417110512961f02f9, e4daa1cfb84b16e59935f3e6c1df5a7d47c15490, e5e4eaead79035a76ea03784f39512518772560c, add04dce9d300ac6da431e08e7cf4c5fc974906b, 0f595f0e586995dc9ed2324e707901aa0c22b026, fca93bd20d3df24be50f4e8c9eb353143226696e, 0c9f4487ddc681d6dd143e0f230ec78c366c7022, 095949f7736d92f29e21047ac158c0884997ade8, 1c6f819f1ac62ed55c6c4d002a111ae57887504c, 6afe31e65eef78a51aab7673bcfe00ae0d21b0f6, dd39b7a4daf2190dc7681962f5ea70828dc82b61, 1da91617ada389a30f1eeb1e00cee4ed2e6de44e, e4cb281e10a88187404c807c8ee9d991e5b98494, b54004a274a4a86cc0e4608be769ee20194b19d5, efe9d5d865b7b9f9decec9f9727307bebf95ea87, ccdb5b54379db6000be5ec6abf1087fd9a57d3af, a878e9c62cdba81b1e4fbdddebe8974135dde483, 6cc291582d4ff1b1f9edfa7d131a146e23d3eb7b, 5204c74b6dfd7f1e6f71297e393869efb9b7e58c, b00e4f9f2607e912093671f1a26d92d5c2712e3e, 6505000ff6a0777fe10e5bd75dbafb2adc4312ac, 09ae4b16c2ae4a46ff8cfb98d611f2ab0df6106e, 9032dcbe9ec57576471f37ba1fc892de68e7676c, 911820d08227ad339690e652ed26f8aa4b533da6, bebdaf975c208443671a3559e38113c756a2f97a, 1540f4b40c9fcefd345efa6a3a1427eaf705243d, 423d9903547cb10039456820d2219e4b46cb31ae, c74eca2617e7b750facaf511b84ff28c7e27510e, c36355831c330be7f0bb751a385d438bd7c245f1, 0baa48af940377486c27d4f4c3a757900d2b3c61, 384baf046ad8ddfd1701990e4107c2d2e3c3c99e, e9b7810e092def8773816648a477a3f1c5eddca3, 248653b410328c70bb8ec814ec9fc54882c209a8, d58efc0e5956c051ad593512827bf3083ca57b07, 6d80c33239cee09b45b5cf0f37c8e0ffbf236f1c, 2baac195e0f7268509d99e8245428e0d04c24325, 47a5692782cdfc5738001f2b89c5902f764f5f53, 9fe32541879a4479fd92472d38221662523377c3, 953f325eccd4a7af89484d251b4969cd1c3a0736, 0cd2e4ca5269caf2302639cf5620e1c48b7ff78a, 8bbf92c248320681fbf289b0d678ac6b4f1b594f, 3a0d21e0251570673ac8f9f5b7ba77a6b8a8b20e, eda980a1f069680d4b59dee64b9b41997e71274d, 31abe4aaa7f6ddf770e1a4e7bf97ce287995c1f7, 6ee07bdca16daad8c51e7cd0c7da574df3fe524b, 195e614a9cc50a41a18788a2fce0fa3ce21ba4f8, da20e41e246d4071179ce07a5ec10c907436b93c, c5a3c3217c0f50b25ca234edc8f8e16cfa384bce, 571b34d33402d5cf08abfe206af07266d81e9b56, be015a28476b47e47a27b5c65890010313e07077, 740373a6d44939bb5774e9e1bfa4f81e78919da8, 6d61f83bf95f5ca2e84d28a2fa00db699677323c, 81a6a888d3148b87c2ca83034e0a499142f30d03, dbb10d7cfcbb9def5073e90796e5a4ddf5394f28, 713a6e18c318c3d8c137b1bd3daa49b837598469, 980881820dcd2fe8f1bb68e0a3934c5ca39bffc3, c5621b985ece8c7cfdc71733814659653deabf0e, 6dfa7d978d0eecf03e4c6e7e0a524e93fe156a96, 464b9e54a46d9416a436a2c81e0747dfa5057d7d, aa13ded3f4ad6f8b8cd94be14cb9764e400ded01, e6de1c2c8d068742a970f5fce3a68ed27b0c9dd2, f4a6745128141adba93566c7504bdfc52e60bda9, 35a4ba4fa958de4d7cd051ea761e25b30ae48778, 4a037cbbde7b6f87bdade67951dcd362eca9d106, ad224a00c2b1e4f00487536a3edcf55561a7fa4d, 1df5c7ed994f6513460b7d504a0dbd662daf1443, 4754e329feae3d42f1f0dd7b6e0d247581e4e99c, 7a7ad114e3eacb631671a177e647c240e7fe126d, 83bd6adfaafb5653ad66da9cc6d8c0799c02be8e, 5b1708d934606a98a7437d10bab59eb7987463c2, d797d016a38e6212acd0b203546718cbb3ccf137, 71f3bac2bd2e35f94b37fc7c32e4bfc5e8ad8af8, dee6e2c09b14f0660f01377654fc7950efa9a441, 52ab1a9e95fc0376bf735f1997a9bc48f77406a5, 31aa25ae3b121546a9c458dc21698de72693ff18, ab75db87366bee36e9f2f2f5db44bc6327d106d7, d01c66f8d86d6f4b0d0346b2a72ea9c35d41b2eb, 0cd9f14cee3ef759b30721c2b05e8e139179f94b, 46cf051681b3e01e350b6b9fab37db0fc6721cd7, 0239b13934ace64a603f49790ee6806195b8913e, 14f500f779ea5d55a10feea3a2f137148e2eac93, fb1343104e3f7d36997fef6f997ea437f71f404a, e94ac6d45fc41c85cdfb626857165a68b0311c0e, 361a62731170cdb2a6e1fa89b24663397a4f31bb, f09498cd1e618ad20e57e016fc49333816a0a6f9, 98d461ad9223275243fb3018c49220eae0bf22ec, 497109b9d93e752eb043bf40a43d217463c02527, 58f0122822cc72dce9cab12305e1140735f0f09d, b0d5f8689bfaea06e35792c9479231d7d79b17c1, 822a66d328a3f4a1003ae74bfb50d1881e09e9b1, 3341d82cc6c3c7ef1fa03a61624bb659b3803a5b, ae75145c7c03a080c78eb15604411acbab9c9638, c3f6befb024ba9a9a93b9ccb9b7ca3397a22742e, 51f2246f1e10745fa2256f97c53167a946fbf949, e313ed948262a572ef242e89543ed6839ee50466, a5738917cbb92bfca26d73a3f3d0b11185b4c285, a94711073d23c9a2421e99a2d40b06ba4d6df7a1, d694bb55dde8f0bcec4a6a2fa78edf67ab5c3a98, 0dac55f75ef8060e55b1b5fc0d93bc91e0cfbc84, 28f70c60f8a7bfd39b6302e2484bafecef3ed1d9, 8f56f5fffb0f689b73266dc3a9e17215ec2522c2, 21cff139b0f81930af04050ac04a58e7cee19ca5, d3cecdd23bfb9eccda9b608d2d387af7381000a6, 1b0a570a0d1da6d33aa6eb65c551a53c7e9d122e, 79dcafc55c7f2ecf2c43595729fe8dd6f0406217, 4a4f8728206d9a0379983ce1cc18f5da87933c49, f5715d6f3b1f67cf397eced28201219b804f4d0f, 5c223b6d99ce24490407c5dac72726d491fb305a, 5c31e1d08240d7d6399c8ef9b8bc6d989bf2f52b, 5515d4b672430db195ac503bb1d2f9a68698f963, 3659bfe43299ea764fa2c6b50c1a287e7b786be2, 8b44ff726dfe15d636fd7b16dfdcba04f304ab28, 8823de7f6369eef1c252d7a3227d43c184c0f7b4, fe0b2518d3c67e29f41c27b7a17c30b17993d47d, 547401f2242da4bed320870a680d9c34dfbd621e, fe591b76106f01c18b065e30252421a11bbcefdb, 87d52bf74af90232213b666261e3dc292bf27388, 2f3541da697095fd115ab2ecedb54dccf7cc0374, 4499c9def8958d81ca8584adc71582854133d5b9, 3d8ed7492fc10356132abf6abb8cc4b293b3885c, 8aad06d62ef81c227e64f2966f77039561c7d43a, 9d610421dc327785d3fafc79162e969cb6380547, 5960355c3cccbec8972d80f3f4d69fe2faa9eacf, 40f23b2f03d7ee94d36d89bd34d694673a3ba72d, d793f8c4b90faa33569920f63c336cf68ef92128, ec6845e63961dad5e7b8d7bf507cb4d7e320ad39, 372457388cbfcd90d30f09151deab8ea208027d3, f0061e74d97de90fe63b602a56e0f186413bea52, 0b9211ee2306f717444e8c0a8ef2aac62cc7342e, 6ee08f5864bd4089cb46b09b9fb78d0584a855d8, 3a747973e786e167fe3a3d74da3bb8827654b107, 951c181621ec2e8bf76d8aef1beea41eed0037a7, 1d36f5ccc24110a83b971a9e34105078f0c8e9cb, 0a53ac6187fe1bdcd8a0701ae8f0d5925b0df980, 74e084a0f365a08c428d927275db7c21a1ac69bf, c7ad0c7150c742c438416d900586a08a4e84cc09, ca6bd968e3d7dcec4890d0e5c662719f8a3a0e94, c635dcc357d337aa52246768be99e24dbca54a09, 5f306875d303c2ec281f89ea3d23b8a585d1c38a, 2b15332c80cc4c4aadbfeaf97838971e9b331ad9, a0c2f8c57ecff35464f79e681ff793fb4019f8e0, 91a4274835ad45bf2e908856fb1d6957ae956783, 75792b1ee7ab39071338de6174beee92dc7ec879, e63e689778cc45b6534d550a8c9b4d6f457d2b67, 7c614acd7b7f4b964986295ba4d417c7f69461fd, ad727d5c4da25fa7a459c88bc2893db3d532b9f9, 99844c4198fba368eaa24fd178c4bf77292d7b43, 66c5c7fb8fc164933ca004259859e3002696ec63, 9fb613c0ec1bb2282617decb1e2d76ace87c0cb3, 72ca24180e9d6d0d2b1f45a2951216be74c62816, 9c070baf8e94f8e392f48e938c1e8db47dc1388b, 15b0f60b7ef16c7f8f4ccd854bf5ab8409639916, 884a42af2ed1f06db6061d178373a99beaaec557, 69c6a9399b67723b6db74be1427e650321df00ab, cea3d42e832f04232a4c443cff7550fdb5f4ec03, 73d2c7683942e4ba22d605524b9b33159bea2010, 768d1e17e609121508b10b7b097a8006ecabe62a, b9c2e956fad5b7c3b7705eec6085573a7a5f6dd8, 3e0c8482ec17f43b22c45c3e5daf0aefc0b5cc5e, 63ccddbafb0415d889762fc42904b9388f9f6839, 5b1220c5a226b0e65960ce146da70322c6220d83, e67396becc7199258d44358c4c27b360687f640c, 6d76db5bf5c829a8dc265ae0b2a8db596d266336, 4e3a68675cffd3be3f3ac93a876d00fe7500ea7b, 4ccca745d8805201fbd1861345b8d79600a387e4, 8db64785be4ab4532faf5f937e2e5e908b74064b, 617772d8efe9a31576b1516bf0a9626991b3aeaf, fb67a5ba0c23180a89220c171ab24f992d239829, c2b73c18097cc44edda1d2098b1f7680b5875efc, 91e5bcd0c3aaaad5bebe7b2e02b2551e036c8782, 4153ed3473be597c232a29d6ebb0d8d4258ab3b6, b44a73a66c745d652f0440b34fd72a759c9ffe1c, d0f0d8e1a3d780876b53c21190563d7670fcdd37, de3fcab1434795715317754b08e8e6632466c9f5, e0fca3c186655b37327bbed070dbdee7d01f4a31, 9ef23417d9378e9e52255c626c781d6a41a44e7a, 7abeaf030fe01c76355f999336ab54d3e6d7efbb, a482d9e380d21c061a9c99ba45456f39e3165fb5, f9af6e1eeb3ddf70f17d876019f269e3d9b1cc20, c191397eab89709ac23762946036e19a10323528, 3d437af05612bbfedf0b83f522722cf6f20f19ee, d3bc9df4eba297ee045466d69180752952c8ae6c, 8b5180f433b016b23d66e005e2ea34c1a70f529e, 2deefdb43dd1ddc4e1f771f8eec09f01cd51875d, 83588b466fee8f889006099aac6aa6a29e5b8770, c7e25686ae04294bcf29aca53a6c1f340d163720, 3cdcbeeeb68627dcf90d9c75eb2b93d6cda832cc, 314be9279dc11bed56c406122b5a05c2ebeddce1, a90bdfd3eeb580e632208d4692656b2b938b92dc, 8c5c20b0fe52ceb33159b6452ce29f004a8aa61e, 73cbe206c22ea2a81ec55c6ea840e15fbb1e2d84, ba8a91453ca697da6953e1947b40166bebf7b98a, 8b8d035a7651729af095b0c025258ace8ca7e69b, 3abfee40ae5c9da162f52341cb4dc557cbd5d7ce, ce4e13d4297fee19a14781fa488ef492b2d088b3, 8f562000c308032ceb3625883bcb1771d17eaee0, 312d75ee51bebdd1a210f8655f3afd1dc1606ce4, 99f395ba88aad23495545f134d94f3fe8d3a8709, c1f650d79dc55e27293715c68bb3527a56c0ab07, 592fd8df11ca32745909d144fa790203bc91620a, b83133d2f5e0c2e11ffbc3b1f55c192998d9545b, 69d3b4e4d461f2e476fc2df516d8ffcd4bc5e5bf, 9f96de64689dcfca420ca3d3219dca6bd36396a3, b9cbdf22ddf985c6ce51a10555f0c4d759fecbff, 1947086f420840347ed1869a46fb41a7a4b447c8, 77b140c630392f3420a94e6095b984b2539acc18, c620437499aacb231083277994c014fd49887d87, 3237a46f96e66a4ecb116800f695f4fbb61e0d73, 57f18435dfcb6bc429455ba218c3585e37127a09, f72e83cf147193e04f8844d97f8c509358fbf19e, 6f24cd7e663bfb19bb25ff15dc11759b757c0aaf, df2b28ddb372223e8e584c699b2133c061409363, ee6fc2227c9333bb0a74dde877d344db107825b9, 42bcd35bfc50963768b9a23ec270cbeee83830cb, 1b5ad788abfe0f929e2c47afbcb24a56675b8568, 8f8daf424911055949ebf494c4996c828a43f6d3, df458c51953132261f940ed867df690cba0d0237, 8ab7c016eba59695ca582bb5bf3bb37cddb8f35c, babef7a6ee7d4e3f0bfc22190497e0da9a2cbbf2, 6284109ccb77cc2caf80db9f33650c858ec6f23b, 89aea419be7c3dd4a8afd1ef17817107848e7112, 6003936af925d25f7e194d92ae9f18c3eba66f56, 7501fcb3c484029dd1a7e5cd025fe25a1202727f, 6b121b51703843ac457a20e035b46f46b82512a7, a1e1a6cb3c63d21c9575dc6f99100290f6a70a54, 84be233863b28e88c2b888b71c65a5dc49adb3ea, a22de987ccb6ad65bef273c03815ba6368ce12fa, 6a92e72feda5de9611b5efe40286e155bb5214ef, 27ecc32168348ccd83f44da386931adcfa8fc82e, 1a765314c42e29f14636f2fc7ae046cdaba0c742, 1a31c8067151bcbf03af3615fc8afed67f58c171, c89437dafcd938886880b6bbc8f0de918650e8d6, 4d5007129e175a8d7e23b1b552d7d7dc692ef77e, e2901ecb1085557f12df5827535152d70190ba95, f17008e443a077897b1475b4899ccf44d4dff2bc, 597c0f789493d7fd032d7620beb0cff5311e1351, 486a1e53d53e64bbe72fa73808a537ab37056589, b3c55bfea337134d5e4a67cbee43d920e7f48944, 0220f16afde3d3393572d04455692ad6425b4d6a, 9579c8bb110ade32ba11a8a5c0a541b278f3c66b, a343ed31cf0959f16f15c688b200fac44cc90f27, 550fcc59ae9aa14ace31afec6a94bf573ce6a7a0, 5fecf507f9853f84e6fb26cd56b13fabb0622444, a60440e10edb7439a3d05ed031ebc98d0547f18e, 834b054a3f39847c7e85055a8e6e0a8f466ebe8b, c63169e4430ec58638077824a9636d2c08d99006, 97262f1a028693c9743fb99f879e0f1650606553, 8eb8634d20e458b605d08b97882e53b2e0a55304, 4eac809f35f1912238322c95140921263500f7d1, a39ae70605cf06fd0623017fc23eec5f6b8b4246, e3a9992e720477213d6361ba005d333c7a7a10a5, 24efc7ffd9a7ca0f3a12b83f5debc47d6c82271a, da09888ffbd71a75e329534aab4757d7c37bb242, e1713cb7c3e2a750cf49732d43fc6149f9ecb5cb, 5d8f2ee9cf1d913037ba3fb4b5d39ee82c1d84a2, 894513087a9bfecc3dfbc8d2204eaa3c33a8e89e, 72443c89d679ff90dc25eb5f5d693bf220c003b6, e32562f65e2a4c143364c2c6b836491be34c78d3, 6f647d1abd9d6ed4128a1b36d6fb3296d92416fa, cf1c19abfcae062f7259a93f901a081dbe09a2a3, df0668c6a0b6b99459ad14f7dea5b2a78c213867, 3c26e22d4951551d90962ba63bb845d279e139b0, 4b68160124647a45f0f9ced4787f190df389b11e, 04dea1434984bebec532d1406f18d84eab3abbb9, 2de36dd2373d780d54fdc9eff254452296127bfb, c2b852fda13fc075d47cdf5c2d50f533727f0105, a5d71ee1822eec9d8af8c226f9eda68a24ee8be7, 414eef39924634e98a522aac69df64af6f6a849b, f89ac1c7f428edb99e8744e654b952ccd755cea6, 6c9d378c39f75c81df1126163d12fed51bb6412c, 426f238dc721ed47125ded2d84061d026925c05f, 010d7990d1fb84685f7d56bb0a1b96f1a26975f3, bdd7d80e54c60714e35dcee544a4cd7c7ac29069, f1e9a49d466a71e5d0e130f3aab487b6b32534b8, 09c67d6880fff78878a5b186458591e971b9ddc9, b2dc37621e638ab8eab889407a4aa3fa586ac388, 85adfd3d48e940d008dcdd8df0edc4ee5a191dbb, 7bf1697dc25cc5e61a33d21f7608952f1d8fd497, c338794db41c07038eb9d2ea60f7291bf3f37a9e, aab5d2361bf4e6e6c68334a209c2f4214389f118, d37504b3fb9fec3942ae467f4ed8fd1595f66bbf, c66e32d237dd462765651ba59bb606e072adc09d, ba1e630a7a4e3faab3001339db179b51ddd56f86, fe873b6f2cc7c790ec697bb99fdd12f5c367c5f8, 67655dc2a4bfd3047ac48f8b79d59d8b2f9a6250, 162d83a3ec80c1672445aa3264ddf938bcf24133, e548a3f7e4d74da4770887e33c95ca9733c75ca8, 56232812f3523bdeed663c5d4a20dd1674fc2fd0, 59ae36858330e2f58f5ee74c80310a4638ed3d35, 6b5b18ec353c4f3df6cc6d6cfebb4a0d9f72804a, f8bf34557601a52b5fbb160359175582dc754171, abf6de87ca303b6c2a413b1261330bf78ec61216, 958ed5d79c01ca66e0cc56800d3e76bd94c1b4d7, a07fedf010955f119896b9fc788f23ed331fc61b, 1573242769409134fe49281ef8c124a09ba5a42d, c5f3dbd4184cea564a984a7195d9a980bb0d0c8a, c977569cdf4296d447a305a684fc9ee818538564, 7b6452e54f38f3319ce6ceff109dc69c6a8a26b8, 0a3b3eba66b3766ec5d23e9abedf4a6542a2e70f, 37537093027047e06d8f14c51566ec278f617e42, 24a1147328caec211d7fe5d5d5e7a925730cb9f2, 2bf5ff5de7eb9805cc65e980673277052f2f76c2, b57c10e5cc5622f3f1f2827e8d0a93b4a5e121d8, 9fba73e16e3ec6f32b351137179315a11d1dcb30, 49c70aa6e2e478227faed7457909e472865a517d, e6d845cb865903daee0c9b5c1d39acb3549032bc, 79bed80bf13670248cf15fb9b3ef293ab84fd065, 359bdd24b3c2811aae25b86f24f55d88fd2837f7, 9cf13d31db11e28df253abf66d64a4f6f3593d87, f8578816e3dc430a7364101b9afa3e32fbaa0f9d, 9073565652fa687cb8810c3f3640dbc0ecf425b4, ea769db70efb65adc807d4cfed6aec0f281d1308, 7a8663a24f660bb3cb2f1252ae6345f8150b091f, e436fe99c127c68486df0ed3d81f4433329d4f23, 2a5607d126f9e0b4096aa3b10d3001b3593aa706, a531c603337376fb001e65ddb31ab530e09bc726, e7546f1d7c18cdfc2f7fdae164d11ed1f1679776, a3c01144674899ec4a26491f8f462990a6556614, 5d164dcf57e25d60054cb9b70f8235bc890d5e6b, aa96b4293111f62ef1076f1748ab154bd0aae0da, 2b76ff94b98b14ef992d88c8bd609a24dcb37cf3, 6190287964bbfc8ec7af5a914dff65b0ade033c0, 5e455a7df7dd54967a5d36a6b4ba10a304782e7e, 8111f7d283de6af65cf9e1957488117a61500da1, 379f320f72bbd0b0a531a1a6cea6a7d2b2bbe58d, 29470815ba20b5d1f4743d3d35488ccfb62d1f0d, fbc87fcde557069f8fa2eb4ad0a12bffc5ca940e, 4d5587b2a46d56d7f12d53a2c68f66a89c8407c6, e6cda981b1dad3e49492646143a392719de6bda3, d267dc1ca0c3f4eac5199a5e8ff2198863874bc0, fe93104e36a2f84eba7cf9b989de3f44758442bc, 87b0f771d362b4f6adde238905f0a2c8eb90be00, 07a1f5f2f15197d0279392b4ff970d7ece3ad0bc, 44c2d16ba5d51fc20573624e891da806a31229b7, cd5e1671b49e254066161ef20a30377acc270fab, 7bed838dde0daf1e1f7cad1a0d6b3a1a10fa14f5, 00bf8f253fc742abcdf7e453fc83348173634c2a, 8dd4c965f13aacd09c9f131d14273e1d44412a28, 95c030d8b96e466b3e85e132cbc2b89cce96d9a7, 5e6bb6a6efc0722c5382ea7c3105a942c2b248e5, 764a73c416d4d3ef52ae2b7a90d46bf7a92390a7, 4d34b04281a33dda82c3b60bf618ef6956664e21, 01d625cac53510f8d0baa3e7adab63ef416e4aea, accce1f75063933f9c8df7ffd6e08bd912d3c560, 98b86ca6d8dfb9a4ed92f4085be118688ef9c2cd, 084effc635f5a147e6138292d5547d49b4515f42, db98f2989354de921ef9910fb8e557b5a2c83b79, 174b5b63dbb37f29cf8cda11b6e2b1d7dccc12e0, f3d44abb2580fb8f3d0670f700092a7ddd296f62, ad044ddf8c6d16adddc1392cb0a96e002bd30c98, 5aeaf2a993b8d511b3fce2917bb43a1254a5d8ea, fa40264348048933f4c8fc5c4ea115429ac4922d, 66b3a51ffdb6721be3313a99937639eae2395bd5, 1126615c5bc4a7695023cc00b60c221082ec2f6b, 8efa20ecd7075a3f5a73fc27011f9374b5c8b2fa, 5e94f14cc066e32ab5549e164ef00093813a3890, 4f19a06155611e94aa88c132228f51248d1340c3, 1b989d047edc6ddef9538b68b9a4311be9c1ae90, 2ec3a3508b8bcf824dbdd5f882c9992cfaa84920, da9a1e1a7550abd7291b52f340973d5647858c79, ba87c5d166974003e1787513a285e65af4d40bf5, 77a9cbd822885c0a4361f8220249d6bf3347e931, bfd62e84000670f2c7fc1d5dd5c4e76eb318be2a, dbde8dae1bcd11926168d0f09776fbaeaea37215, b5b99a94c9fc67f697b5623649d51ee1ba5528fc, 26f0323c072fc9d1bffd6710e96508fca5bff5c4, 4116e8d22d919cd87cab6fd9bbe5d21a17840acf, ff877c7b5a49904e49e930cc1c2c5c45a4bae42e, e940d21256595271365d787b6a6e400d386f95b6, d3a09369b24d7c38771b1c5a392545679cfd6036, 588101bae104100e28ea64b79fca5b42e896c800, 26afa5b3aec65177f835dcec66216797a2b8f0de, 6f501a0f8f955434a8dfd442a80b941aa98e48f8, 1b881492b5c1799cacbad86ad3bd2c4a01d6a97c, f8d5de9bca7abd2af2a0cac6d868a91c9c6c1aab, af247820a43704668e469b4ab270db2858f361f2, 37b3708ae2fc7b3512ecac24731e2c291895de27, 892a632586af55ac5d10cb32d1cc0a2713c03e7b, 66e2959ede584f20f0a21faa980ff6ea9d2ff02f, bfae4f23fcec821e6e5dfc1bd2571501bb2b34b2, ed3096a9cfbdd2cf1a2fd1bce39dbed1591b1463, 95ca74bfb886fc5dfa5fbb392af1172fe8936aa8, eda7e3e3d4fe01ad6433b39ee9c20ca872fe6bdb, 77178d93bf4d5da4a793876a72d7ed5de3b52ecf, 174706efc82b10023caa896e6779113969570a85, e928ae8e93d4ba8bc5e5db4818c75bf68fbfa651, d9eaacb4510be56cd8822464766f2fd74d5295cf, f597c2706565a86861059f5998ab9f816034b417, 5b0ec61c1969da4ba98ec14da72131b7c2c68c07, 1727d79226545877c5a48ce1b8add843211a2866, 04bfb26ae6513fe34eb1ee1a4d9f92140e6620f2, cd8d81be7529afcaae15d1a6325af52da225056f, 0fc89bbae48e3a3759f910c9fd61c35f9a3dec1b, 775f8c9f2b9b6070b7ad2831a33af81d684aec37, 6ee04801575e284a8f7df1863a675f2189ea1dd7, d893a76c672a0fc1bbe293aa483a9770bf777757, 4dbb11b42865ab1eff627623a81ecbc31ebd7d45, 9dab0252807222519799e5644efa7661f4d8567a, 680e5d8658df2c359772f638fd4b21ad8d6bf60c, 138c0aad93a56f4015e414a2115e28c2bdd2e31d, bfad0f1e560432412ce2b150cfdb8bb5a67a35c1, 3ec5ea34fa67d95f0e988a853a3c979b4e9553d2, 261e27b6e6e69a7ee41a4ae70dfa68bb0711570a, 61cb7377c8de92043ffbc2b2269a1a7a0751424b, 9a33146318cde29238cc241d0818d0f9ab2bbca0, 857d74cb28283dd56c5483c2d9eef0a308af7d87, dfabbe9a429514e9c80e1750c6c8da40c59619de, 2b15eb0710dab1557a7602e8536af7df0d127621, 9ed8dd1e1e39dab53f7bfa239f3f152b76d75735, 576cfe99b78e93936f29326c586af1096d88c9ab, adb2b557ada376c1f948b7edb5c496db887d78f7, c09e63a65b105a31851ad73009ec5fe4d6b6cd7e, ef8291769d21fce5a7378d7bce71b26f296bb504, cc5154c08459b62aab96c3c9c3b766a7e7c00ade, 01a766ba52b03014c033305decdd671bbd2b372a, ee7ad7f5b0ad580c04c3588f55ebf5a3f443e46e, 53cd53731dc60fc741133b6fff6ac60e54ea2025, 82deb678ea26b0ae3d4119ced7964b6f746274dc, c9d2d4936ddee4e949b80ad142fc8e50b013ca73, a83f10936751cc836759068911f2a26569643270, ae96b9b000a6453f735f56a9a767035d8fe0d645, 9e31f45404bc57e3ea3d8935d52860ecaceabef4, 7ddd572984d83e8b56237d678740f02480ce677f, 744dbd56979ce1e3bd4ef7cbf1d276e4bda383b0, d91d6f6b29cfa0e4d4639748a84ae61aaeb9152d, 26d90790c268e07ca4a6a548f216bd935c645c9b, c402983ad013d7426846ada4d1685d3da6ec54f1, 53d78f56d708713e5d26c95471a2432cc0377df8, c3f547d9db0ee15f7f18a36a544c9c3b0504c9f8, beb6ba02627fa3bcee4d2fbf17da5d5cdb585380, 0b1c5a4029485c2cd958d6264b2d5ff0f5b16dbf, 4004840523e79a8a77ecb7a1f60b060bf9b8b6af, 5b2e0d08c036c4b92a9cd23a920fd5abb06e875b, d94d7611f3701b67be73f3771eb76687ea8590c5, 5ccd29ec9bf82191d95d33b208090c165eed832f, 88ac5d3d741b5b8d330825548a35a7cd677f5443, 22807dd9bc54d94dea2680523590047a710b89c7, 0b5c23d5131473fe5d52bbf334a1c7773684ac25, 1d6355456d6cf98dbdc1c965a02257a55501fcf4, 52ba88239a0d8c1e50119526311a519aba7a3f1a, f6c7bf9a785f1a489aa79dc09de323ee476b9eb8, 5df42fa2eb08a3867ef84fee032c3a7dfd46c105, 59ed19957abc3751ee64274ee50da7f4a52927a2, feb8232866871fd8da2fd725823a6f9a6b8010e3, 1d8a6da5f73817700bb1ba37fc7918858f7f3904, a4e27cee1a387eecb0671f14c3cc5f4136a152f8, d3561b16c817a424c6f5feb5c82fafec9d90d00a, 69fdbba2c3109ab012554396d9b3355beb668f69, 778c60f579ffe93630c7dfcd329720e7b77f1041, 45abeb183d1c3cbb46bb1688dc9a9358247198a4, d9be8623fa19bf73c610efc7a2e39f6f2437cad1, 1d6774e1bf25b3990085cacc341e1693d4445998, 85116347381b60a6df9ff36985073c2a6b1e0910, 342af9a9db9891a0123ce58a6ebb1010e73592b3, 8939610db1b120fac2437ef6ecc6a1d2f96c5358, 46bb08581bb606004f4ddacbfc0a8c7d1235f050, 7aa93d66902a96ae4b73b5a7b52e847a9ef872e9, c5988ef3e88d224485d83bcd51e97cd81adeed21, 9731cbd2f9cba7feb201d7f6aefbc28043f7d25c, 193466b2a0b91b8ec29a66b46e5335450d1e6f1d, f15316b37864afd879d050403911000c90a7a115, 7a89ba2fa9dfbb318ee7e9269b757707af0659e3, ff2e078a997df8ca0acc8926b8a36e7abb396ef1, 348b29c08945248f61af7e47b79ea587298757e0, 489700185ee287c089c470af221162581cb9a3a5, 18cff05bf5eca8f66061229a33b82d590ca1f512, 959881a6fa11d271aa470ae638f25ba33978ce42, 071aeddf311d719d3f5b800b594b7da4e1be1ecb, ae6f30239df59bbd3b57f328c2bb5f2a7bb96e79, 9504379293f0d551db8804b07e6040e920f3eaa3, 5b16b99c6ed30751641962e40ae364665d3f2dc3, dae9980c144a29bf762ae98cf63f066585ad02bb, 5f531c75af3a347c5e850a8168b993c40de306dc, 71377d5f3a3e1991b13f1c5054a10ff6fd1ddb70, dd04cd10d4d7e3c5e73cf78cf3a0957da3bffd96, ca3a9f1e6596ce06def896aa625ccdbbff0b6006, 0cc626fe44461daf3fe12fdd1f36d46a875d7a3c]","136","8","0cc626fe44461daf3fe12fdd1f36d46a875d7a3c"
"https://github.com/TheOdinProject/theodinproject.git","151","38","[08d5ed7d4503bac49f73c39daa2e5a63df7f95ae, d5146d665fec63610e9214c132a3bce194c1ede7, 3bdc8853e3d978e3b42139f093c2cdaaf6b3ff0c, f2c5e03b03e248fd594df6b52757eb14a785a32e, 9c9d8d0c561964f9238002a71487b839804c17f1, 9cae27880c754663dfa6e580b9e725bbb54eb343, fd23757858f748a702c1fda038723dd69e654901, 608e091c93da88f8417b7e17795c4862f7b627fd, 91ccd9d9223589aed7de44d9ba0faecb1c81f79d, 514365d8440a1df6ce4e5f184a302fdd48f397ab, 53c3eca35825d5a8f43d7d44c90946c9767262f9, 07a1f5f2f15197d0279392b4ff970d7ece3ad0bc, 44c2d16ba5d51fc20573624e891da806a31229b7, cd5e1671b49e254066161ef20a30377acc270fab, 7bed838dde0daf1e1f7cad1a0d6b3a1a10fa14f5, 764a73c416d4d3ef52ae2b7a90d46bf7a92390a7, 4d34b04281a33dda82c3b60bf618ef6956664e21, 01d625cac53510f8d0baa3e7adab63ef416e4aea, accce1f75063933f9c8df7ffd6e08bd912d3c560, f3d44abb2580fb8f3d0670f700092a7ddd296f62, ad044ddf8c6d16adddc1392cb0a96e002bd30c98, 5aeaf2a993b8d511b3fce2917bb43a1254a5d8ea, fa40264348048933f4c8fc5c4ea115429ac4922d, 66b3a51ffdb6721be3313a99937639eae2395bd5, 1126615c5bc4a7695023cc00b60c221082ec2f6b, 8efa20ecd7075a3f5a73fc27011f9374b5c8b2fa, 5e94f14cc066e32ab5549e164ef00093813a3890, 4f19a06155611e94aa88c132228f51248d1340c3, 1b989d047edc6ddef9538b68b9a4311be9c1ae90, 2ec3a3508b8bcf824dbdd5f882c9992cfaa84920, da9a1e1a7550abd7291b52f340973d5647858c79, ba87c5d166974003e1787513a285e65af4d40bf5, ff877c7b5a49904e49e930cc1c2c5c45a4bae42e, e940d21256595271365d787b6a6e400d386f95b6, d3a09369b24d7c38771b1c5a392545679cfd6036, 1b881492b5c1799cacbad86ad3bd2c4a01d6a97c, ed3096a9cfbdd2cf1a2fd1bce39dbed1591b1463, 95ca74bfb886fc5dfa5fbb392af1172fe8936aa8]","106","8","95ca74bfb886fc5dfa5fbb392af1172fe8936aa8"
"https://github.com/TheOdinProject/theodinproject.git","158","38","[08d5ed7d4503bac49f73c39daa2e5a63df7f95ae, d5146d665fec63610e9214c132a3bce194c1ede7, 3bdc8853e3d978e3b42139f093c2cdaaf6b3ff0c, f2c5e03b03e248fd594df6b52757eb14a785a32e, 9c9d8d0c561964f9238002a71487b839804c17f1, 9cae27880c754663dfa6e580b9e725bbb54eb343, fd23757858f748a702c1fda038723dd69e654901, 608e091c93da88f8417b7e17795c4862f7b627fd, 91ccd9d9223589aed7de44d9ba0faecb1c81f79d, 514365d8440a1df6ce4e5f184a302fdd48f397ab, 53c3eca35825d5a8f43d7d44c90946c9767262f9, 07a1f5f2f15197d0279392b4ff970d7ece3ad0bc, 44c2d16ba5d51fc20573624e891da806a31229b7, cd5e1671b49e254066161ef20a30377acc270fab, 7bed838dde0daf1e1f7cad1a0d6b3a1a10fa14f5, 764a73c416d4d3ef52ae2b7a90d46bf7a92390a7, 4d34b04281a33dda82c3b60bf618ef6956664e21, 01d625cac53510f8d0baa3e7adab63ef416e4aea, accce1f75063933f9c8df7ffd6e08bd912d3c560, 084effc635f5a147e6138292d5547d49b4515f42, db98f2989354de921ef9910fb8e557b5a2c83b79, 174b5b63dbb37f29cf8cda11b6e2b1d7dccc12e0, f3d44abb2580fb8f3d0670f700092a7ddd296f62, ad044ddf8c6d16adddc1392cb0a96e002bd30c98, 5aeaf2a993b8d511b3fce2917bb43a1254a5d8ea, fa40264348048933f4c8fc5c4ea115429ac4922d, 66b3a51ffdb6721be3313a99937639eae2395bd5, 1126615c5bc4a7695023cc00b60c221082ec2f6b, 8efa20ecd7075a3f5a73fc27011f9374b5c8b2fa, 5e94f14cc066e32ab5549e164ef00093813a3890, 4f19a06155611e94aa88c132228f51248d1340c3, 1b989d047edc6ddef9538b68b9a4311be9c1ae90, 2ec3a3508b8bcf824dbdd5f882c9992cfaa84920, da9a1e1a7550abd7291b52f340973d5647858c79, ba87c5d166974003e1787513a285e65af4d40bf5, ff877c7b5a49904e49e930cc1c2c5c45a4bae42e, e940d21256595271365d787b6a6e400d386f95b6, d3a09369b24d7c38771b1c5a392545679cfd6036]","106","8","d3a09369b24d7c38771b1c5a392545679cfd6036"
"https://github.com/TheOdinProject/theodinproject.git","159","31","[08d5ed7d4503bac49f73c39daa2e5a63df7f95ae, d5146d665fec63610e9214c132a3bce194c1ede7, 3bdc8853e3d978e3b42139f093c2cdaaf6b3ff0c, f2c5e03b03e248fd594df6b52757eb14a785a32e, 9c9d8d0c561964f9238002a71487b839804c17f1, 9cae27880c754663dfa6e580b9e725bbb54eb343, fd23757858f748a702c1fda038723dd69e654901, 608e091c93da88f8417b7e17795c4862f7b627fd, 91ccd9d9223589aed7de44d9ba0faecb1c81f79d, 514365d8440a1df6ce4e5f184a302fdd48f397ab, 53c3eca35825d5a8f43d7d44c90946c9767262f9, 07a1f5f2f15197d0279392b4ff970d7ece3ad0bc, 44c2d16ba5d51fc20573624e891da806a31229b7, cd5e1671b49e254066161ef20a30377acc270fab, 7bed838dde0daf1e1f7cad1a0d6b3a1a10fa14f5, 764a73c416d4d3ef52ae2b7a90d46bf7a92390a7, 4d34b04281a33dda82c3b60bf618ef6956664e21, 01d625cac53510f8d0baa3e7adab63ef416e4aea, accce1f75063933f9c8df7ffd6e08bd912d3c560, f3d44abb2580fb8f3d0670f700092a7ddd296f62, ad044ddf8c6d16adddc1392cb0a96e002bd30c98, 5aeaf2a993b8d511b3fce2917bb43a1254a5d8ea, 66b3a51ffdb6721be3313a99937639eae2395bd5, 1126615c5bc4a7695023cc00b60c221082ec2f6b, 8efa20ecd7075a3f5a73fc27011f9374b5c8b2fa, 5e94f14cc066e32ab5549e164ef00093813a3890, 4f19a06155611e94aa88c132228f51248d1340c3, 1b989d047edc6ddef9538b68b9a4311be9c1ae90, 2ec3a3508b8bcf824dbdd5f882c9992cfaa84920, da9a1e1a7550abd7291b52f340973d5647858c79, ba87c5d166974003e1787513a285e65af4d40bf5]","104","8","ba87c5d166974003e1787513a285e65af4d40bf5"
"https://github.com/TheOdinProject/theodinproject.git","162","18","[08d5ed7d4503bac49f73c39daa2e5a63df7f95ae, d5146d665fec63610e9214c132a3bce194c1ede7, 3bdc8853e3d978e3b42139f093c2cdaaf6b3ff0c, f2c5e03b03e248fd594df6b52757eb14a785a32e, 9c9d8d0c561964f9238002a71487b839804c17f1, 9cae27880c754663dfa6e580b9e725bbb54eb343, fd23757858f748a702c1fda038723dd69e654901, 608e091c93da88f8417b7e17795c4862f7b627fd, 91ccd9d9223589aed7de44d9ba0faecb1c81f79d, 514365d8440a1df6ce4e5f184a302fdd48f397ab, 53c3eca35825d5a8f43d7d44c90946c9767262f9, 764a73c416d4d3ef52ae2b7a90d46bf7a92390a7, 4d34b04281a33dda82c3b60bf618ef6956664e21, 01d625cac53510f8d0baa3e7adab63ef416e4aea, accce1f75063933f9c8df7ffd6e08bd912d3c560, f3d44abb2580fb8f3d0670f700092a7ddd296f62, 5e94f14cc066e32ab5549e164ef00093813a3890, 4f19a06155611e94aa88c132228f51248d1340c3]","102","8","4f19a06155611e94aa88c132228f51248d1340c3"
"https://github.com/TheOdinProject/theodinproject.git","169","13","[08d5ed7d4503bac49f73c39daa2e5a63df7f95ae, d5146d665fec63610e9214c132a3bce194c1ede7, 3bdc8853e3d978e3b42139f093c2cdaaf6b3ff0c, f2c5e03b03e248fd594df6b52757eb14a785a32e, 9c9d8d0c561964f9238002a71487b839804c17f1, 9cae27880c754663dfa6e580b9e725bbb54eb343, fd23757858f748a702c1fda038723dd69e654901, 608e091c93da88f8417b7e17795c4862f7b627fd, 91ccd9d9223589aed7de44d9ba0faecb1c81f79d, 514365d8440a1df6ce4e5f184a302fdd48f397ab, 53c3eca35825d5a8f43d7d44c90946c9767262f9, 764a73c416d4d3ef52ae2b7a90d46bf7a92390a7, 4d34b04281a33dda82c3b60bf618ef6956664e21]","99","8","4d34b04281a33dda82c3b60bf618ef6956664e21"
"https://github.com/TheOdinProject/theodinproject.git","171","349","[ca8ff0aa365d939aa81f9432b208d3ef58a8aa1c, c4b00b448669f8334364e5b92bca9a3c32f6803f, efdc2888072f409e687d31dc580595dbe4fe0ff4, 5b0eba101443b57ee9efc7f46b770e4f594a9608, 3af0e243cddcf6a9a91de61d4c73ac6095940742, aa515df44d8b00033bade0729d7a50925ad4b743, ea098b495db05597dabf6b08ea1bc2f8c309d73f, 66671c676c62ef12f71d8ea22c4cd8a0d2db1000, c3a33f9ce5213dedbc447f653001e5cca55ffcca, 03ab7fcb4bf0a3635b13ea20355a4c00cc5be19a, 6da93cdf4363de6acc76ae21504856fd677dbcf3, 55024025a54a04aa1aae854f527b2e82c4707f31, 411b81b4ebfff62e337b058c52c59e60ca1db30b, 3ed74bd02adccf090feb8d70c249829c7e499b97, f88eb7a05a2f73f0acd41361cf6c8325e038b41c, 9ce9871d65422c85bb813c4a86be26081aed0a98, 622d703f907625b598d60c2417110512961f02f9, e4daa1cfb84b16e59935f3e6c1df5a7d47c15490, e5e4eaead79035a76ea03784f39512518772560c, add04dce9d300ac6da431e08e7cf4c5fc974906b, 0f595f0e586995dc9ed2324e707901aa0c22b026, fca93bd20d3df24be50f4e8c9eb353143226696e, 0c9f4487ddc681d6dd143e0f230ec78c366c7022, 095949f7736d92f29e21047ac158c0884997ade8, 1c6f819f1ac62ed55c6c4d002a111ae57887504c, 6afe31e65eef78a51aab7673bcfe00ae0d21b0f6, dd39b7a4daf2190dc7681962f5ea70828dc82b61, 1da91617ada389a30f1eeb1e00cee4ed2e6de44e, e4cb281e10a88187404c807c8ee9d991e5b98494, b54004a274a4a86cc0e4608be769ee20194b19d5, efe9d5d865b7b9f9decec9f9727307bebf95ea87, ccdb5b54379db6000be5ec6abf1087fd9a57d3af, a878e9c62cdba81b1e4fbdddebe8974135dde483, 6cc291582d4ff1b1f9edfa7d131a146e23d3eb7b, 5204c74b6dfd7f1e6f71297e393869efb9b7e58c, b00e4f9f2607e912093671f1a26d92d5c2712e3e, 6505000ff6a0777fe10e5bd75dbafb2adc4312ac, 09ae4b16c2ae4a46ff8cfb98d611f2ab0df6106e, 9032dcbe9ec57576471f37ba1fc892de68e7676c, 911820d08227ad339690e652ed26f8aa4b533da6, bebdaf975c208443671a3559e38113c756a2f97a, 1540f4b40c9fcefd345efa6a3a1427eaf705243d, 423d9903547cb10039456820d2219e4b46cb31ae, c74eca2617e7b750facaf511b84ff28c7e27510e, c36355831c330be7f0bb751a385d438bd7c245f1, 0baa48af940377486c27d4f4c3a757900d2b3c61, 384baf046ad8ddfd1701990e4107c2d2e3c3c99e, e9b7810e092def8773816648a477a3f1c5eddca3, 248653b410328c70bb8ec814ec9fc54882c209a8, d58efc0e5956c051ad593512827bf3083ca57b07, 6d80c33239cee09b45b5cf0f37c8e0ffbf236f1c, 2baac195e0f7268509d99e8245428e0d04c24325, 47a5692782cdfc5738001f2b89c5902f764f5f53, 9fe32541879a4479fd92472d38221662523377c3, 953f325eccd4a7af89484d251b4969cd1c3a0736, 0cd2e4ca5269caf2302639cf5620e1c48b7ff78a, 8bbf92c248320681fbf289b0d678ac6b4f1b594f, 3a0d21e0251570673ac8f9f5b7ba77a6b8a8b20e, eda980a1f069680d4b59dee64b9b41997e71274d, 31abe4aaa7f6ddf770e1a4e7bf97ce287995c1f7, 6ee07bdca16daad8c51e7cd0c7da574df3fe524b, 195e614a9cc50a41a18788a2fce0fa3ce21ba4f8, da20e41e246d4071179ce07a5ec10c907436b93c, c5a3c3217c0f50b25ca234edc8f8e16cfa384bce, 571b34d33402d5cf08abfe206af07266d81e9b56, be015a28476b47e47a27b5c65890010313e07077, 740373a6d44939bb5774e9e1bfa4f81e78919da8, 6d61f83bf95f5ca2e84d28a2fa00db699677323c, 81a6a888d3148b87c2ca83034e0a499142f30d03, dbb10d7cfcbb9def5073e90796e5a4ddf5394f28, 713a6e18c318c3d8c137b1bd3daa49b837598469, 980881820dcd2fe8f1bb68e0a3934c5ca39bffc3, c5621b985ece8c7cfdc71733814659653deabf0e, 6dfa7d978d0eecf03e4c6e7e0a524e93fe156a96, 464b9e54a46d9416a436a2c81e0747dfa5057d7d, aa13ded3f4ad6f8b8cd94be14cb9764e400ded01, e6de1c2c8d068742a970f5fce3a68ed27b0c9dd2, f4a6745128141adba93566c7504bdfc52e60bda9, 35a4ba4fa958de4d7cd051ea761e25b30ae48778, 4a037cbbde7b6f87bdade67951dcd362eca9d106, ad224a00c2b1e4f00487536a3edcf55561a7fa4d, 1df5c7ed994f6513460b7d504a0dbd662daf1443, 4754e329feae3d42f1f0dd7b6e0d247581e4e99c, 7a7ad114e3eacb631671a177e647c240e7fe126d, 83bd6adfaafb5653ad66da9cc6d8c0799c02be8e, 5b1708d934606a98a7437d10bab59eb7987463c2, d797d016a38e6212acd0b203546718cbb3ccf137, 71f3bac2bd2e35f94b37fc7c32e4bfc5e8ad8af8, dee6e2c09b14f0660f01377654fc7950efa9a441, 52ab1a9e95fc0376bf735f1997a9bc48f77406a5, 31aa25ae3b121546a9c458dc21698de72693ff18, ab75db87366bee36e9f2f2f5db44bc6327d106d7, d01c66f8d86d6f4b0d0346b2a72ea9c35d41b2eb, 0cd9f14cee3ef759b30721c2b05e8e139179f94b, 46cf051681b3e01e350b6b9fab37db0fc6721cd7, 0239b13934ace64a603f49790ee6806195b8913e, 14f500f779ea5d55a10feea3a2f137148e2eac93, fb1343104e3f7d36997fef6f997ea437f71f404a, e94ac6d45fc41c85cdfb626857165a68b0311c0e, 361a62731170cdb2a6e1fa89b24663397a4f31bb, f09498cd1e618ad20e57e016fc49333816a0a6f9, 98d461ad9223275243fb3018c49220eae0bf22ec, 497109b9d93e752eb043bf40a43d217463c02527, 58f0122822cc72dce9cab12305e1140735f0f09d, b0d5f8689bfaea06e35792c9479231d7d79b17c1, 822a66d328a3f4a1003ae74bfb50d1881e09e9b1, 3341d82cc6c3c7ef1fa03a61624bb659b3803a5b, ae75145c7c03a080c78eb15604411acbab9c9638, c3f6befb024ba9a9a93b9ccb9b7ca3397a22742e, 51f2246f1e10745fa2256f97c53167a946fbf949, e313ed948262a572ef242e89543ed6839ee50466, a5738917cbb92bfca26d73a3f3d0b11185b4c285, a94711073d23c9a2421e99a2d40b06ba4d6df7a1, d694bb55dde8f0bcec4a6a2fa78edf67ab5c3a98, 0dac55f75ef8060e55b1b5fc0d93bc91e0cfbc84, 28f70c60f8a7bfd39b6302e2484bafecef3ed1d9, 8f56f5fffb0f689b73266dc3a9e17215ec2522c2, 21cff139b0f81930af04050ac04a58e7cee19ca5, d3cecdd23bfb9eccda9b608d2d387af7381000a6, 1b0a570a0d1da6d33aa6eb65c551a53c7e9d122e, 79dcafc55c7f2ecf2c43595729fe8dd6f0406217, 4a4f8728206d9a0379983ce1cc18f5da87933c49, f5715d6f3b1f67cf397eced28201219b804f4d0f, 5c223b6d99ce24490407c5dac72726d491fb305a, 5c31e1d08240d7d6399c8ef9b8bc6d989bf2f52b, 5515d4b672430db195ac503bb1d2f9a68698f963, 3659bfe43299ea764fa2c6b50c1a287e7b786be2, 8b44ff726dfe15d636fd7b16dfdcba04f304ab28, 8823de7f6369eef1c252d7a3227d43c184c0f7b4, fe0b2518d3c67e29f41c27b7a17c30b17993d47d, 547401f2242da4bed320870a680d9c34dfbd621e, fe591b76106f01c18b065e30252421a11bbcefdb, 87d52bf74af90232213b666261e3dc292bf27388, 2f3541da697095fd115ab2ecedb54dccf7cc0374, 4499c9def8958d81ca8584adc71582854133d5b9, 3d8ed7492fc10356132abf6abb8cc4b293b3885c, 8aad06d62ef81c227e64f2966f77039561c7d43a, 9d610421dc327785d3fafc79162e969cb6380547, 5960355c3cccbec8972d80f3f4d69fe2faa9eacf, 40f23b2f03d7ee94d36d89bd34d694673a3ba72d, d793f8c4b90faa33569920f63c336cf68ef92128, ec6845e63961dad5e7b8d7bf507cb4d7e320ad39, 372457388cbfcd90d30f09151deab8ea208027d3, f0061e74d97de90fe63b602a56e0f186413bea52, 0b9211ee2306f717444e8c0a8ef2aac62cc7342e, 6ee08f5864bd4089cb46b09b9fb78d0584a855d8, 3a747973e786e167fe3a3d74da3bb8827654b107, 951c181621ec2e8bf76d8aef1beea41eed0037a7, 1d36f5ccc24110a83b971a9e34105078f0c8e9cb, 0a53ac6187fe1bdcd8a0701ae8f0d5925b0df980, 74e084a0f365a08c428d927275db7c21a1ac69bf, c7ad0c7150c742c438416d900586a08a4e84cc09, ca6bd968e3d7dcec4890d0e5c662719f8a3a0e94, c635dcc357d337aa52246768be99e24dbca54a09, 5f306875d303c2ec281f89ea3d23b8a585d1c38a, 2b15332c80cc4c4aadbfeaf97838971e9b331ad9, a0c2f8c57ecff35464f79e681ff793fb4019f8e0, 91a4274835ad45bf2e908856fb1d6957ae956783, 75792b1ee7ab39071338de6174beee92dc7ec879, e63e689778cc45b6534d550a8c9b4d6f457d2b67, 7c614acd7b7f4b964986295ba4d417c7f69461fd, ad727d5c4da25fa7a459c88bc2893db3d532b9f9, 99844c4198fba368eaa24fd178c4bf77292d7b43, 66c5c7fb8fc164933ca004259859e3002696ec63, 9fb613c0ec1bb2282617decb1e2d76ace87c0cb3, 72ca24180e9d6d0d2b1f45a2951216be74c62816, 9c070baf8e94f8e392f48e938c1e8db47dc1388b, 15b0f60b7ef16c7f8f4ccd854bf5ab8409639916, 884a42af2ed1f06db6061d178373a99beaaec557, 69c6a9399b67723b6db74be1427e650321df00ab, cea3d42e832f04232a4c443cff7550fdb5f4ec03, 73d2c7683942e4ba22d605524b9b33159bea2010, 768d1e17e609121508b10b7b097a8006ecabe62a, b9c2e956fad5b7c3b7705eec6085573a7a5f6dd8, 3e0c8482ec17f43b22c45c3e5daf0aefc0b5cc5e, 63ccddbafb0415d889762fc42904b9388f9f6839, 5b1220c5a226b0e65960ce146da70322c6220d83, e67396becc7199258d44358c4c27b360687f640c, 6d76db5bf5c829a8dc265ae0b2a8db596d266336, 4e3a68675cffd3be3f3ac93a876d00fe7500ea7b, 4ccca745d8805201fbd1861345b8d79600a387e4, 8db64785be4ab4532faf5f937e2e5e908b74064b, 617772d8efe9a31576b1516bf0a9626991b3aeaf, fb67a5ba0c23180a89220c171ab24f992d239829, c2b73c18097cc44edda1d2098b1f7680b5875efc, 91e5bcd0c3aaaad5bebe7b2e02b2551e036c8782, 4153ed3473be597c232a29d6ebb0d8d4258ab3b6, b44a73a66c745d652f0440b34fd72a759c9ffe1c, d0f0d8e1a3d780876b53c21190563d7670fcdd37, de3fcab1434795715317754b08e8e6632466c9f5, e0fca3c186655b37327bbed070dbdee7d01f4a31, 9ef23417d9378e9e52255c626c781d6a41a44e7a, 7abeaf030fe01c76355f999336ab54d3e6d7efbb, a482d9e380d21c061a9c99ba45456f39e3165fb5, f9af6e1eeb3ddf70f17d876019f269e3d9b1cc20, c191397eab89709ac23762946036e19a10323528, 3d437af05612bbfedf0b83f522722cf6f20f19ee, d3bc9df4eba297ee045466d69180752952c8ae6c, 8b5180f433b016b23d66e005e2ea34c1a70f529e, 2deefdb43dd1ddc4e1f771f8eec09f01cd51875d, 83588b466fee8f889006099aac6aa6a29e5b8770, c7e25686ae04294bcf29aca53a6c1f340d163720, 3cdcbeeeb68627dcf90d9c75eb2b93d6cda832cc, 314be9279dc11bed56c406122b5a05c2ebeddce1, a90bdfd3eeb580e632208d4692656b2b938b92dc, 8c5c20b0fe52ceb33159b6452ce29f004a8aa61e, 73cbe206c22ea2a81ec55c6ea840e15fbb1e2d84, ba8a91453ca697da6953e1947b40166bebf7b98a, 8b8d035a7651729af095b0c025258ace8ca7e69b, 3abfee40ae5c9da162f52341cb4dc557cbd5d7ce, ce4e13d4297fee19a14781fa488ef492b2d088b3, 8f562000c308032ceb3625883bcb1771d17eaee0, 312d75ee51bebdd1a210f8655f3afd1dc1606ce4, 99f395ba88aad23495545f134d94f3fe8d3a8709, c1f650d79dc55e27293715c68bb3527a56c0ab07, 592fd8df11ca32745909d144fa790203bc91620a, b83133d2f5e0c2e11ffbc3b1f55c192998d9545b, 69d3b4e4d461f2e476fc2df516d8ffcd4bc5e5bf, 9f96de64689dcfca420ca3d3219dca6bd36396a3, b9cbdf22ddf985c6ce51a10555f0c4d759fecbff, 1947086f420840347ed1869a46fb41a7a4b447c8, 77b140c630392f3420a94e6095b984b2539acc18, c620437499aacb231083277994c014fd49887d87, 3237a46f96e66a4ecb116800f695f4fbb61e0d73, 57f18435dfcb6bc429455ba218c3585e37127a09, f72e83cf147193e04f8844d97f8c509358fbf19e, 6f24cd7e663bfb19bb25ff15dc11759b757c0aaf, df2b28ddb372223e8e584c699b2133c061409363, ee6fc2227c9333bb0a74dde877d344db107825b9, 42bcd35bfc50963768b9a23ec270cbeee83830cb, 1b5ad788abfe0f929e2c47afbcb24a56675b8568, 8f8daf424911055949ebf494c4996c828a43f6d3, df458c51953132261f940ed867df690cba0d0237, 8ab7c016eba59695ca582bb5bf3bb37cddb8f35c, babef7a6ee7d4e3f0bfc22190497e0da9a2cbbf2, 6284109ccb77cc2caf80db9f33650c858ec6f23b, 89aea419be7c3dd4a8afd1ef17817107848e7112, 6003936af925d25f7e194d92ae9f18c3eba66f56, 7501fcb3c484029dd1a7e5cd025fe25a1202727f, 6b121b51703843ac457a20e035b46f46b82512a7, a1e1a6cb3c63d21c9575dc6f99100290f6a70a54, 84be233863b28e88c2b888b71c65a5dc49adb3ea, a22de987ccb6ad65bef273c03815ba6368ce12fa, 6a92e72feda5de9611b5efe40286e155bb5214ef, 27ecc32168348ccd83f44da386931adcfa8fc82e, 1a765314c42e29f14636f2fc7ae046cdaba0c742, 1a31c8067151bcbf03af3615fc8afed67f58c171, c89437dafcd938886880b6bbc8f0de918650e8d6, 4d5007129e175a8d7e23b1b552d7d7dc692ef77e, e2901ecb1085557f12df5827535152d70190ba95, f17008e443a077897b1475b4899ccf44d4dff2bc, 597c0f789493d7fd032d7620beb0cff5311e1351, 486a1e53d53e64bbe72fa73808a537ab37056589, b3c55bfea337134d5e4a67cbee43d920e7f48944, 0220f16afde3d3393572d04455692ad6425b4d6a, 9579c8bb110ade32ba11a8a5c0a541b278f3c66b, a343ed31cf0959f16f15c688b200fac44cc90f27, 550fcc59ae9aa14ace31afec6a94bf573ce6a7a0, 5fecf507f9853f84e6fb26cd56b13fabb0622444, a60440e10edb7439a3d05ed031ebc98d0547f18e, 834b054a3f39847c7e85055a8e6e0a8f466ebe8b, c63169e4430ec58638077824a9636d2c08d99006, 97262f1a028693c9743fb99f879e0f1650606553, 8eb8634d20e458b605d08b97882e53b2e0a55304, 4eac809f35f1912238322c95140921263500f7d1, a39ae70605cf06fd0623017fc23eec5f6b8b4246, e3a9992e720477213d6361ba005d333c7a7a10a5, 24efc7ffd9a7ca0f3a12b83f5debc47d6c82271a, da09888ffbd71a75e329534aab4757d7c37bb242, e1713cb7c3e2a750cf49732d43fc6149f9ecb5cb, 5d8f2ee9cf1d913037ba3fb4b5d39ee82c1d84a2, 894513087a9bfecc3dfbc8d2204eaa3c33a8e89e, 72443c89d679ff90dc25eb5f5d693bf220c003b6, e32562f65e2a4c143364c2c6b836491be34c78d3, 6f647d1abd9d6ed4128a1b36d6fb3296d92416fa, cf1c19abfcae062f7259a93f901a081dbe09a2a3, df0668c6a0b6b99459ad14f7dea5b2a78c213867, 3c26e22d4951551d90962ba63bb845d279e139b0, 4b68160124647a45f0f9ced4787f190df389b11e, 04dea1434984bebec532d1406f18d84eab3abbb9, 2de36dd2373d780d54fdc9eff254452296127bfb, c2b852fda13fc075d47cdf5c2d50f533727f0105, a5d71ee1822eec9d8af8c226f9eda68a24ee8be7, 414eef39924634e98a522aac69df64af6f6a849b, f89ac1c7f428edb99e8744e654b952ccd755cea6, 6c9d378c39f75c81df1126163d12fed51bb6412c, 426f238dc721ed47125ded2d84061d026925c05f, 010d7990d1fb84685f7d56bb0a1b96f1a26975f3, bdd7d80e54c60714e35dcee544a4cd7c7ac29069, f1e9a49d466a71e5d0e130f3aab487b6b32534b8, 09c67d6880fff78878a5b186458591e971b9ddc9, b2dc37621e638ab8eab889407a4aa3fa586ac388, 85adfd3d48e940d008dcdd8df0edc4ee5a191dbb, 7bf1697dc25cc5e61a33d21f7608952f1d8fd497, c338794db41c07038eb9d2ea60f7291bf3f37a9e, aab5d2361bf4e6e6c68334a209c2f4214389f118, d37504b3fb9fec3942ae467f4ed8fd1595f66bbf, c66e32d237dd462765651ba59bb606e072adc09d, ba1e630a7a4e3faab3001339db179b51ddd56f86, fe873b6f2cc7c790ec697bb99fdd12f5c367c5f8, 67655dc2a4bfd3047ac48f8b79d59d8b2f9a6250, 162d83a3ec80c1672445aa3264ddf938bcf24133, e548a3f7e4d74da4770887e33c95ca9733c75ca8, 56232812f3523bdeed663c5d4a20dd1674fc2fd0, 59ae36858330e2f58f5ee74c80310a4638ed3d35, 6b5b18ec353c4f3df6cc6d6cfebb4a0d9f72804a, f8bf34557601a52b5fbb160359175582dc754171, abf6de87ca303b6c2a413b1261330bf78ec61216, 958ed5d79c01ca66e0cc56800d3e76bd94c1b4d7, a07fedf010955f119896b9fc788f23ed331fc61b, 1573242769409134fe49281ef8c124a09ba5a42d, c5f3dbd4184cea564a984a7195d9a980bb0d0c8a, c977569cdf4296d447a305a684fc9ee818538564, 7b6452e54f38f3319ce6ceff109dc69c6a8a26b8, 0a3b3eba66b3766ec5d23e9abedf4a6542a2e70f, 37537093027047e06d8f14c51566ec278f617e42, 24a1147328caec211d7fe5d5d5e7a925730cb9f2, 2bf5ff5de7eb9805cc65e980673277052f2f76c2, b57c10e5cc5622f3f1f2827e8d0a93b4a5e121d8, 9fba73e16e3ec6f32b351137179315a11d1dcb30, 49c70aa6e2e478227faed7457909e472865a517d, e6d845cb865903daee0c9b5c1d39acb3549032bc, 79bed80bf13670248cf15fb9b3ef293ab84fd065, 359bdd24b3c2811aae25b86f24f55d88fd2837f7, 9cf13d31db11e28df253abf66d64a4f6f3593d87, f8578816e3dc430a7364101b9afa3e32fbaa0f9d, 9073565652fa687cb8810c3f3640dbc0ecf425b4, ea769db70efb65adc807d4cfed6aec0f281d1308, 7a8663a24f660bb3cb2f1252ae6345f8150b091f, e436fe99c127c68486df0ed3d81f4433329d4f23, 2a5607d126f9e0b4096aa3b10d3001b3593aa706, a531c603337376fb001e65ddb31ab530e09bc726, e7546f1d7c18cdfc2f7fdae164d11ed1f1679776, a3c01144674899ec4a26491f8f462990a6556614, 5d164dcf57e25d60054cb9b70f8235bc890d5e6b, aa96b4293111f62ef1076f1748ab154bd0aae0da, 2b76ff94b98b14ef992d88c8bd609a24dcb37cf3, 6190287964bbfc8ec7af5a914dff65b0ade033c0, 5e455a7df7dd54967a5d36a6b4ba10a304782e7e, 8111f7d283de6af65cf9e1957488117a61500da1, 379f320f72bbd0b0a531a1a6cea6a7d2b2bbe58d, 29470815ba20b5d1f4743d3d35488ccfb62d1f0d, fbc87fcde557069f8fa2eb4ad0a12bffc5ca940e, 4d5587b2a46d56d7f12d53a2c68f66a89c8407c6, e6cda981b1dad3e49492646143a392719de6bda3, d267dc1ca0c3f4eac5199a5e8ff2198863874bc0, fe93104e36a2f84eba7cf9b989de3f44758442bc, 87b0f771d362b4f6adde238905f0a2c8eb90be00, 764a73c416d4d3ef52ae2b7a90d46bf7a92390a7]","103","8","764a73c416d4d3ef52ae2b7a90d46bf7a92390a7"
"https://github.com/TheOdinProject/theodinproject.git","219","17","[2deefdb43dd1ddc4e1f771f8eec09f01cd51875d, c7e25686ae04294bcf29aca53a6c1f340d163720, 3cdcbeeeb68627dcf90d9c75eb2b93d6cda832cc, 314be9279dc11bed56c406122b5a05c2ebeddce1, a90bdfd3eeb580e632208d4692656b2b938b92dc, 8c5c20b0fe52ceb33159b6452ce29f004a8aa61e, ba8a91453ca697da6953e1947b40166bebf7b98a, 8b8d035a7651729af095b0c025258ace8ca7e69b, 3abfee40ae5c9da162f52341cb4dc557cbd5d7ce, ce4e13d4297fee19a14781fa488ef492b2d088b3, 8f562000c308032ceb3625883bcb1771d17eaee0, 99f395ba88aad23495545f134d94f3fe8d3a8709, 592fd8df11ca32745909d144fa790203bc91620a, 69d3b4e4d461f2e476fc2df516d8ffcd4bc5e5bf, f72e83cf147193e04f8844d97f8c509358fbf19e, 6f24cd7e663bfb19bb25ff15dc11759b757c0aaf, 42bcd35bfc50963768b9a23ec270cbeee83830cb]","66","8","42bcd35bfc50963768b9a23ec270cbeee83830cb"
"https://github.com/TheOdinProject/theodinproject.git","223","9","[8b5180f433b016b23d66e005e2ea34c1a70f529e, 83588b466fee8f889006099aac6aa6a29e5b8770, c7e25686ae04294bcf29aca53a6c1f340d163720, 3cdcbeeeb68627dcf90d9c75eb2b93d6cda832cc, 314be9279dc11bed56c406122b5a05c2ebeddce1, a90bdfd3eeb580e632208d4692656b2b938b92dc, 8c5c20b0fe52ceb33159b6452ce29f004a8aa61e, ba8a91453ca697da6953e1947b40166bebf7b98a, 8b8d035a7651729af095b0c025258ace8ca7e69b]","53","8","8b8d035a7651729af095b0c025258ace8ca7e69b"
"https://github.com/TheOdinProject/theodinproject.git","225","205","[ca8ff0aa365d939aa81f9432b208d3ef58a8aa1c, c4b00b448669f8334364e5b92bca9a3c32f6803f, efdc2888072f409e687d31dc580595dbe4fe0ff4, 5b0eba101443b57ee9efc7f46b770e4f594a9608, 3af0e243cddcf6a9a91de61d4c73ac6095940742, aa515df44d8b00033bade0729d7a50925ad4b743, ea098b495db05597dabf6b08ea1bc2f8c309d73f, 66671c676c62ef12f71d8ea22c4cd8a0d2db1000, c3a33f9ce5213dedbc447f653001e5cca55ffcca, 03ab7fcb4bf0a3635b13ea20355a4c00cc5be19a, 6da93cdf4363de6acc76ae21504856fd677dbcf3, 55024025a54a04aa1aae854f527b2e82c4707f31, 411b81b4ebfff62e337b058c52c59e60ca1db30b, 3ed74bd02adccf090feb8d70c249829c7e499b97, f88eb7a05a2f73f0acd41361cf6c8325e038b41c, 9ce9871d65422c85bb813c4a86be26081aed0a98, 622d703f907625b598d60c2417110512961f02f9, e4daa1cfb84b16e59935f3e6c1df5a7d47c15490, e5e4eaead79035a76ea03784f39512518772560c, add04dce9d300ac6da431e08e7cf4c5fc974906b, 0f595f0e586995dc9ed2324e707901aa0c22b026, fca93bd20d3df24be50f4e8c9eb353143226696e, 0c9f4487ddc681d6dd143e0f230ec78c366c7022, 095949f7736d92f29e21047ac158c0884997ade8, 1c6f819f1ac62ed55c6c4d002a111ae57887504c, 6afe31e65eef78a51aab7673bcfe00ae0d21b0f6, dd39b7a4daf2190dc7681962f5ea70828dc82b61, 1da91617ada389a30f1eeb1e00cee4ed2e6de44e, e4cb281e10a88187404c807c8ee9d991e5b98494, b54004a274a4a86cc0e4608be769ee20194b19d5, efe9d5d865b7b9f9decec9f9727307bebf95ea87, ccdb5b54379db6000be5ec6abf1087fd9a57d3af, a878e9c62cdba81b1e4fbdddebe8974135dde483, 6cc291582d4ff1b1f9edfa7d131a146e23d3eb7b, 5204c74b6dfd7f1e6f71297e393869efb9b7e58c, b00e4f9f2607e912093671f1a26d92d5c2712e3e, 6505000ff6a0777fe10e5bd75dbafb2adc4312ac, 09ae4b16c2ae4a46ff8cfb98d611f2ab0df6106e, 9032dcbe9ec57576471f37ba1fc892de68e7676c, 911820d08227ad339690e652ed26f8aa4b533da6, bebdaf975c208443671a3559e38113c756a2f97a, 1540f4b40c9fcefd345efa6a3a1427eaf705243d, 423d9903547cb10039456820d2219e4b46cb31ae, c74eca2617e7b750facaf511b84ff28c7e27510e, c36355831c330be7f0bb751a385d438bd7c245f1, 0baa48af940377486c27d4f4c3a757900d2b3c61, 384baf046ad8ddfd1701990e4107c2d2e3c3c99e, e9b7810e092def8773816648a477a3f1c5eddca3, 248653b410328c70bb8ec814ec9fc54882c209a8, d58efc0e5956c051ad593512827bf3083ca57b07, 6d80c33239cee09b45b5cf0f37c8e0ffbf236f1c, 2baac195e0f7268509d99e8245428e0d04c24325, 47a5692782cdfc5738001f2b89c5902f764f5f53, 96f8aebae04a4cdf78e406b2f1422478380d233d, 9fe32541879a4479fd92472d38221662523377c3, 953f325eccd4a7af89484d251b4969cd1c3a0736, 0cd2e4ca5269caf2302639cf5620e1c48b7ff78a, 8bbf92c248320681fbf289b0d678ac6b4f1b594f, 3a0d21e0251570673ac8f9f5b7ba77a6b8a8b20e, eda980a1f069680d4b59dee64b9b41997e71274d, 31abe4aaa7f6ddf770e1a4e7bf97ce287995c1f7, 6ee07bdca16daad8c51e7cd0c7da574df3fe524b, 195e614a9cc50a41a18788a2fce0fa3ce21ba4f8, da20e41e246d4071179ce07a5ec10c907436b93c, c5a3c3217c0f50b25ca234edc8f8e16cfa384bce, 571b34d33402d5cf08abfe206af07266d81e9b56, be015a28476b47e47a27b5c65890010313e07077, 740373a6d44939bb5774e9e1bfa4f81e78919da8, 6d61f83bf95f5ca2e84d28a2fa00db699677323c, 81a6a888d3148b87c2ca83034e0a499142f30d03, dbb10d7cfcbb9def5073e90796e5a4ddf5394f28, 713a6e18c318c3d8c137b1bd3daa49b837598469, 980881820dcd2fe8f1bb68e0a3934c5ca39bffc3, c5621b985ece8c7cfdc71733814659653deabf0e, 6dfa7d978d0eecf03e4c6e7e0a524e93fe156a96, 464b9e54a46d9416a436a2c81e0747dfa5057d7d, aa13ded3f4ad6f8b8cd94be14cb9764e400ded01, e6de1c2c8d068742a970f5fce3a68ed27b0c9dd2, f4a6745128141adba93566c7504bdfc52e60bda9, 35a4ba4fa958de4d7cd051ea761e25b30ae48778, 4a037cbbde7b6f87bdade67951dcd362eca9d106, ad224a00c2b1e4f00487536a3edcf55561a7fa4d, 1df5c7ed994f6513460b7d504a0dbd662daf1443, 4754e329feae3d42f1f0dd7b6e0d247581e4e99c, 7a7ad114e3eacb631671a177e647c240e7fe126d, 83bd6adfaafb5653ad66da9cc6d8c0799c02be8e, 5b1708d934606a98a7437d10bab59eb7987463c2, d797d016a38e6212acd0b203546718cbb3ccf137, 71f3bac2bd2e35f94b37fc7c32e4bfc5e8ad8af8, dee6e2c09b14f0660f01377654fc7950efa9a441, 52ab1a9e95fc0376bf735f1997a9bc48f77406a5, 31aa25ae3b121546a9c458dc21698de72693ff18, ab75db87366bee36e9f2f2f5db44bc6327d106d7, d01c66f8d86d6f4b0d0346b2a72ea9c35d41b2eb, 0cd9f14cee3ef759b30721c2b05e8e139179f94b, 46cf051681b3e01e350b6b9fab37db0fc6721cd7, 0239b13934ace64a603f49790ee6806195b8913e, 14f500f779ea5d55a10feea3a2f137148e2eac93, fb1343104e3f7d36997fef6f997ea437f71f404a, e94ac6d45fc41c85cdfb626857165a68b0311c0e, 361a62731170cdb2a6e1fa89b24663397a4f31bb, f09498cd1e618ad20e57e016fc49333816a0a6f9, 98d461ad9223275243fb3018c49220eae0bf22ec, 497109b9d93e752eb043bf40a43d217463c02527, 58f0122822cc72dce9cab12305e1140735f0f09d, b0d5f8689bfaea06e35792c9479231d7d79b17c1, 822a66d328a3f4a1003ae74bfb50d1881e09e9b1, 3341d82cc6c3c7ef1fa03a61624bb659b3803a5b, ae75145c7c03a080c78eb15604411acbab9c9638, c3f6befb024ba9a9a93b9ccb9b7ca3397a22742e, 51f2246f1e10745fa2256f97c53167a946fbf949, e313ed948262a572ef242e89543ed6839ee50466, a5738917cbb92bfca26d73a3f3d0b11185b4c285, a94711073d23c9a2421e99a2d40b06ba4d6df7a1, d694bb55dde8f0bcec4a6a2fa78edf67ab5c3a98, 0dac55f75ef8060e55b1b5fc0d93bc91e0cfbc84, 28f70c60f8a7bfd39b6302e2484bafecef3ed1d9, 8f56f5fffb0f689b73266dc3a9e17215ec2522c2, 21cff139b0f81930af04050ac04a58e7cee19ca5, d3cecdd23bfb9eccda9b608d2d387af7381000a6, 1b0a570a0d1da6d33aa6eb65c551a53c7e9d122e, 79dcafc55c7f2ecf2c43595729fe8dd6f0406217, 4a4f8728206d9a0379983ce1cc18f5da87933c49, f5715d6f3b1f67cf397eced28201219b804f4d0f, 5c223b6d99ce24490407c5dac72726d491fb305a, 5c31e1d08240d7d6399c8ef9b8bc6d989bf2f52b, 5515d4b672430db195ac503bb1d2f9a68698f963, 3659bfe43299ea764fa2c6b50c1a287e7b786be2, 8b44ff726dfe15d636fd7b16dfdcba04f304ab28, 8823de7f6369eef1c252d7a3227d43c184c0f7b4, fe0b2518d3c67e29f41c27b7a17c30b17993d47d, 547401f2242da4bed320870a680d9c34dfbd621e, fe591b76106f01c18b065e30252421a11bbcefdb, 87d52bf74af90232213b666261e3dc292bf27388, 2f3541da697095fd115ab2ecedb54dccf7cc0374, 4499c9def8958d81ca8584adc71582854133d5b9, 3d8ed7492fc10356132abf6abb8cc4b293b3885c, 8aad06d62ef81c227e64f2966f77039561c7d43a, 9d610421dc327785d3fafc79162e969cb6380547, 5960355c3cccbec8972d80f3f4d69fe2faa9eacf, 40f23b2f03d7ee94d36d89bd34d694673a3ba72d, d793f8c4b90faa33569920f63c336cf68ef92128, ec6845e63961dad5e7b8d7bf507cb4d7e320ad39, 372457388cbfcd90d30f09151deab8ea208027d3, f0061e74d97de90fe63b602a56e0f186413bea52, 0b9211ee2306f717444e8c0a8ef2aac62cc7342e, 6ee08f5864bd4089cb46b09b9fb78d0584a855d8, e519f5fb3a48d384565fb86ad02ee751d1d269a5, 177a2d53ca99105013a4196dea45a06bb4f45990, 3a747973e786e167fe3a3d74da3bb8827654b107, 951c181621ec2e8bf76d8aef1beea41eed0037a7, 1d36f5ccc24110a83b971a9e34105078f0c8e9cb, 0a53ac6187fe1bdcd8a0701ae8f0d5925b0df980, 74e084a0f365a08c428d927275db7c21a1ac69bf, c7ad0c7150c742c438416d900586a08a4e84cc09, ca6bd968e3d7dcec4890d0e5c662719f8a3a0e94, c635dcc357d337aa52246768be99e24dbca54a09, 5f306875d303c2ec281f89ea3d23b8a585d1c38a, 2b15332c80cc4c4aadbfeaf97838971e9b331ad9, a0c2f8c57ecff35464f79e681ff793fb4019f8e0, 91a4274835ad45bf2e908856fb1d6957ae956783, 75792b1ee7ab39071338de6174beee92dc7ec879, e63e689778cc45b6534d550a8c9b4d6f457d2b67, 7c614acd7b7f4b964986295ba4d417c7f69461fd, ae2d1c98e0ceeeec7b697594e411bdb6ee29ad54, ad727d5c4da25fa7a459c88bc2893db3d532b9f9, 99844c4198fba368eaa24fd178c4bf77292d7b43, 66c5c7fb8fc164933ca004259859e3002696ec63, 9fb613c0ec1bb2282617decb1e2d76ace87c0cb3, 72ca24180e9d6d0d2b1f45a2951216be74c62816, 9c070baf8e94f8e392f48e938c1e8db47dc1388b, 3424c5271f8097517bb08d11df73c17024a5f753, 15b0f60b7ef16c7f8f4ccd854bf5ab8409639916, 884a42af2ed1f06db6061d178373a99beaaec557, 69c6a9399b67723b6db74be1427e650321df00ab, cea3d42e832f04232a4c443cff7550fdb5f4ec03, 73d2c7683942e4ba22d605524b9b33159bea2010, 768d1e17e609121508b10b7b097a8006ecabe62a, b9c2e956fad5b7c3b7705eec6085573a7a5f6dd8, 3e0c8482ec17f43b22c45c3e5daf0aefc0b5cc5e, 63ccddbafb0415d889762fc42904b9388f9f6839, 5b1220c5a226b0e65960ce146da70322c6220d83, e67396becc7199258d44358c4c27b360687f640c, 6d76db5bf5c829a8dc265ae0b2a8db596d266336, 4e3a68675cffd3be3f3ac93a876d00fe7500ea7b, 4ccca745d8805201fbd1861345b8d79600a387e4, 8db64785be4ab4532faf5f937e2e5e908b74064b, 617772d8efe9a31576b1516bf0a9626991b3aeaf, fb67a5ba0c23180a89220c171ab24f992d239829, c2b73c18097cc44edda1d2098b1f7680b5875efc, 91e5bcd0c3aaaad5bebe7b2e02b2551e036c8782, 4153ed3473be597c232a29d6ebb0d8d4258ab3b6, b44a73a66c745d652f0440b34fd72a759c9ffe1c, d0f0d8e1a3d780876b53c21190563d7670fcdd37, de3fcab1434795715317754b08e8e6632466c9f5, e0fca3c186655b37327bbed070dbdee7d01f4a31, 9ef23417d9378e9e52255c626c781d6a41a44e7a, 7abeaf030fe01c76355f999336ab54d3e6d7efbb, a482d9e380d21c061a9c99ba45456f39e3165fb5, f9af6e1eeb3ddf70f17d876019f269e3d9b1cc20, c191397eab89709ac23762946036e19a10323528, 3d437af05612bbfedf0b83f522722cf6f20f19ee, d3bc9df4eba297ee045466d69180752952c8ae6c, 8b5180f433b016b23d66e005e2ea34c1a70f529e, 83588b466fee8f889006099aac6aa6a29e5b8770]","55","8","83588b466fee8f889006099aac6aa6a29e5b8770"
"https://github.com/TheOdinProject/theodinproject.git","233","18","[96f8aebae04a4cdf78e406b2f1422478380d233d, e519f5fb3a48d384565fb86ad02ee751d1d269a5, 177a2d53ca99105013a4196dea45a06bb4f45990, ae2d1c98e0ceeeec7b697594e411bdb6ee29ad54, 9fb613c0ec1bb2282617decb1e2d76ace87c0cb3, 72ca24180e9d6d0d2b1f45a2951216be74c62816, 3424c5271f8097517bb08d11df73c17024a5f753, 15b0f60b7ef16c7f8f4ccd854bf5ab8409639916, 69c6a9399b67723b6db74be1427e650321df00ab, cea3d42e832f04232a4c443cff7550fdb5f4ec03, 73d2c7683942e4ba22d605524b9b33159bea2010, 768d1e17e609121508b10b7b097a8006ecabe62a, b9c2e956fad5b7c3b7705eec6085573a7a5f6dd8, e67396becc7199258d44358c4c27b360687f640c, 6d76db5bf5c829a8dc265ae0b2a8db596d266336, 4e3a68675cffd3be3f3ac93a876d00fe7500ea7b, 4ccca745d8805201fbd1861345b8d79600a387e4, 8db64785be4ab4532faf5f937e2e5e908b74064b]","50","8","8db64785be4ab4532faf5f937e2e5e908b74064b"
"https://github.com/TheOdinProject/theodinproject.git","235","12","[96f8aebae04a4cdf78e406b2f1422478380d233d, e519f5fb3a48d384565fb86ad02ee751d1d269a5, 177a2d53ca99105013a4196dea45a06bb4f45990, ae2d1c98e0ceeeec7b697594e411bdb6ee29ad54, 9fb613c0ec1bb2282617decb1e2d76ace87c0cb3, 72ca24180e9d6d0d2b1f45a2951216be74c62816, 3424c5271f8097517bb08d11df73c17024a5f753, 15b0f60b7ef16c7f8f4ccd854bf5ab8409639916, cea3d42e832f04232a4c443cff7550fdb5f4ec03, 73d2c7683942e4ba22d605524b9b33159bea2010, 768d1e17e609121508b10b7b097a8006ecabe62a, b9c2e956fad5b7c3b7705eec6085573a7a5f6dd8]","49","8","b9c2e956fad5b7c3b7705eec6085573a7a5f6dd8"
"https://github.com/TheOdinProject/theodinproject.git","238","6","[96f8aebae04a4cdf78e406b2f1422478380d233d, e519f5fb3a48d384565fb86ad02ee751d1d269a5, 177a2d53ca99105013a4196dea45a06bb4f45990, ae2d1c98e0ceeeec7b697594e411bdb6ee29ad54, 3424c5271f8097517bb08d11df73c17024a5f753, 73d2c7683942e4ba22d605524b9b33159bea2010]","49","8","73d2c7683942e4ba22d605524b9b33159bea2010"
"https://github.com/TheOdinProject/theodinproject.git","241","167","[ca8ff0aa365d939aa81f9432b208d3ef58a8aa1c, c4b00b448669f8334364e5b92bca9a3c32f6803f, efdc2888072f409e687d31dc580595dbe4fe0ff4, 5b0eba101443b57ee9efc7f46b770e4f594a9608, 3af0e243cddcf6a9a91de61d4c73ac6095940742, aa515df44d8b00033bade0729d7a50925ad4b743, ea098b495db05597dabf6b08ea1bc2f8c309d73f, 66671c676c62ef12f71d8ea22c4cd8a0d2db1000, c3a33f9ce5213dedbc447f653001e5cca55ffcca, 03ab7fcb4bf0a3635b13ea20355a4c00cc5be19a, 6da93cdf4363de6acc76ae21504856fd677dbcf3, 55024025a54a04aa1aae854f527b2e82c4707f31, 411b81b4ebfff62e337b058c52c59e60ca1db30b, 3ed74bd02adccf090feb8d70c249829c7e499b97, f88eb7a05a2f73f0acd41361cf6c8325e038b41c, 9ce9871d65422c85bb813c4a86be26081aed0a98, 622d703f907625b598d60c2417110512961f02f9, e4daa1cfb84b16e59935f3e6c1df5a7d47c15490, e5e4eaead79035a76ea03784f39512518772560c, add04dce9d300ac6da431e08e7cf4c5fc974906b, 0f595f0e586995dc9ed2324e707901aa0c22b026, fca93bd20d3df24be50f4e8c9eb353143226696e, 0c9f4487ddc681d6dd143e0f230ec78c366c7022, 095949f7736d92f29e21047ac158c0884997ade8, 1c6f819f1ac62ed55c6c4d002a111ae57887504c, 6afe31e65eef78a51aab7673bcfe00ae0d21b0f6, dd39b7a4daf2190dc7681962f5ea70828dc82b61, 1da91617ada389a30f1eeb1e00cee4ed2e6de44e, e4cb281e10a88187404c807c8ee9d991e5b98494, b54004a274a4a86cc0e4608be769ee20194b19d5, efe9d5d865b7b9f9decec9f9727307bebf95ea87, ccdb5b54379db6000be5ec6abf1087fd9a57d3af, a878e9c62cdba81b1e4fbdddebe8974135dde483, 6cc291582d4ff1b1f9edfa7d131a146e23d3eb7b, 5204c74b6dfd7f1e6f71297e393869efb9b7e58c, b00e4f9f2607e912093671f1a26d92d5c2712e3e, 6505000ff6a0777fe10e5bd75dbafb2adc4312ac, 09ae4b16c2ae4a46ff8cfb98d611f2ab0df6106e, 9032dcbe9ec57576471f37ba1fc892de68e7676c, 911820d08227ad339690e652ed26f8aa4b533da6, bebdaf975c208443671a3559e38113c756a2f97a, 1540f4b40c9fcefd345efa6a3a1427eaf705243d, 423d9903547cb10039456820d2219e4b46cb31ae, c74eca2617e7b750facaf511b84ff28c7e27510e, c36355831c330be7f0bb751a385d438bd7c245f1, 0baa48af940377486c27d4f4c3a757900d2b3c61, 384baf046ad8ddfd1701990e4107c2d2e3c3c99e, e9b7810e092def8773816648a477a3f1c5eddca3, 248653b410328c70bb8ec814ec9fc54882c209a8, d58efc0e5956c051ad593512827bf3083ca57b07, 6d80c33239cee09b45b5cf0f37c8e0ffbf236f1c, 2baac195e0f7268509d99e8245428e0d04c24325, 47a5692782cdfc5738001f2b89c5902f764f5f53, 9fe32541879a4479fd92472d38221662523377c3, 953f325eccd4a7af89484d251b4969cd1c3a0736, 0cd2e4ca5269caf2302639cf5620e1c48b7ff78a, 8bbf92c248320681fbf289b0d678ac6b4f1b594f, 3a0d21e0251570673ac8f9f5b7ba77a6b8a8b20e, eda980a1f069680d4b59dee64b9b41997e71274d, 31abe4aaa7f6ddf770e1a4e7bf97ce287995c1f7, 6ee07bdca16daad8c51e7cd0c7da574df3fe524b, 195e614a9cc50a41a18788a2fce0fa3ce21ba4f8, da20e41e246d4071179ce07a5ec10c907436b93c, c5a3c3217c0f50b25ca234edc8f8e16cfa384bce, 571b34d33402d5cf08abfe206af07266d81e9b56, be015a28476b47e47a27b5c65890010313e07077, 740373a6d44939bb5774e9e1bfa4f81e78919da8, 6d61f83bf95f5ca2e84d28a2fa00db699677323c, 81a6a888d3148b87c2ca83034e0a499142f30d03, dbb10d7cfcbb9def5073e90796e5a4ddf5394f28, 713a6e18c318c3d8c137b1bd3daa49b837598469, 980881820dcd2fe8f1bb68e0a3934c5ca39bffc3, c5621b985ece8c7cfdc71733814659653deabf0e, 6dfa7d978d0eecf03e4c6e7e0a524e93fe156a96, 464b9e54a46d9416a436a2c81e0747dfa5057d7d, aa13ded3f4ad6f8b8cd94be14cb9764e400ded01, e6de1c2c8d068742a970f5fce3a68ed27b0c9dd2, f4a6745128141adba93566c7504bdfc52e60bda9, 35a4ba4fa958de4d7cd051ea761e25b30ae48778, 4a037cbbde7b6f87bdade67951dcd362eca9d106, ad224a00c2b1e4f00487536a3edcf55561a7fa4d, 1df5c7ed994f6513460b7d504a0dbd662daf1443, 4754e329feae3d42f1f0dd7b6e0d247581e4e99c, 7a7ad114e3eacb631671a177e647c240e7fe126d, 83bd6adfaafb5653ad66da9cc6d8c0799c02be8e, 5b1708d934606a98a7437d10bab59eb7987463c2, d797d016a38e6212acd0b203546718cbb3ccf137, 71f3bac2bd2e35f94b37fc7c32e4bfc5e8ad8af8, dee6e2c09b14f0660f01377654fc7950efa9a441, 52ab1a9e95fc0376bf735f1997a9bc48f77406a5, 31aa25ae3b121546a9c458dc21698de72693ff18, ab75db87366bee36e9f2f2f5db44bc6327d106d7, d01c66f8d86d6f4b0d0346b2a72ea9c35d41b2eb, 0cd9f14cee3ef759b30721c2b05e8e139179f94b, 46cf051681b3e01e350b6b9fab37db0fc6721cd7, 0239b13934ace64a603f49790ee6806195b8913e, 14f500f779ea5d55a10feea3a2f137148e2eac93, fb1343104e3f7d36997fef6f997ea437f71f404a, e94ac6d45fc41c85cdfb626857165a68b0311c0e, 361a62731170cdb2a6e1fa89b24663397a4f31bb, f09498cd1e618ad20e57e016fc49333816a0a6f9, 98d461ad9223275243fb3018c49220eae0bf22ec, 497109b9d93e752eb043bf40a43d217463c02527, 58f0122822cc72dce9cab12305e1140735f0f09d, b0d5f8689bfaea06e35792c9479231d7d79b17c1, 822a66d328a3f4a1003ae74bfb50d1881e09e9b1, 3341d82cc6c3c7ef1fa03a61624bb659b3803a5b, ae75145c7c03a080c78eb15604411acbab9c9638, c3f6befb024ba9a9a93b9ccb9b7ca3397a22742e, 51f2246f1e10745fa2256f97c53167a946fbf949, e313ed948262a572ef242e89543ed6839ee50466, a5738917cbb92bfca26d73a3f3d0b11185b4c285, a94711073d23c9a2421e99a2d40b06ba4d6df7a1, d694bb55dde8f0bcec4a6a2fa78edf67ab5c3a98, 0dac55f75ef8060e55b1b5fc0d93bc91e0cfbc84, 28f70c60f8a7bfd39b6302e2484bafecef3ed1d9, 8f56f5fffb0f689b73266dc3a9e17215ec2522c2, 21cff139b0f81930af04050ac04a58e7cee19ca5, d3cecdd23bfb9eccda9b608d2d387af7381000a6, 1b0a570a0d1da6d33aa6eb65c551a53c7e9d122e, 79dcafc55c7f2ecf2c43595729fe8dd6f0406217, 4a4f8728206d9a0379983ce1cc18f5da87933c49, f5715d6f3b1f67cf397eced28201219b804f4d0f, 5c223b6d99ce24490407c5dac72726d491fb305a, 5c31e1d08240d7d6399c8ef9b8bc6d989bf2f52b, 5515d4b672430db195ac503bb1d2f9a68698f963, 3659bfe43299ea764fa2c6b50c1a287e7b786be2, 8b44ff726dfe15d636fd7b16dfdcba04f304ab28, 8823de7f6369eef1c252d7a3227d43c184c0f7b4, fe0b2518d3c67e29f41c27b7a17c30b17993d47d, 547401f2242da4bed320870a680d9c34dfbd621e, fe591b76106f01c18b065e30252421a11bbcefdb, 87d52bf74af90232213b666261e3dc292bf27388, 2f3541da697095fd115ab2ecedb54dccf7cc0374, 4499c9def8958d81ca8584adc71582854133d5b9, 3d8ed7492fc10356132abf6abb8cc4b293b3885c, 8aad06d62ef81c227e64f2966f77039561c7d43a, 9d610421dc327785d3fafc79162e969cb6380547, 5960355c3cccbec8972d80f3f4d69fe2faa9eacf, 40f23b2f03d7ee94d36d89bd34d694673a3ba72d, d793f8c4b90faa33569920f63c336cf68ef92128, ec6845e63961dad5e7b8d7bf507cb4d7e320ad39, 372457388cbfcd90d30f09151deab8ea208027d3, f0061e74d97de90fe63b602a56e0f186413bea52, 0b9211ee2306f717444e8c0a8ef2aac62cc7342e, 6ee08f5864bd4089cb46b09b9fb78d0584a855d8, 3a747973e786e167fe3a3d74da3bb8827654b107, 951c181621ec2e8bf76d8aef1beea41eed0037a7, 1d36f5ccc24110a83b971a9e34105078f0c8e9cb, 0a53ac6187fe1bdcd8a0701ae8f0d5925b0df980, 74e084a0f365a08c428d927275db7c21a1ac69bf, c7ad0c7150c742c438416d900586a08a4e84cc09, ca6bd968e3d7dcec4890d0e5c662719f8a3a0e94, c635dcc357d337aa52246768be99e24dbca54a09, 5f306875d303c2ec281f89ea3d23b8a585d1c38a, 2b15332c80cc4c4aadbfeaf97838971e9b331ad9, a0c2f8c57ecff35464f79e681ff793fb4019f8e0, 91a4274835ad45bf2e908856fb1d6957ae956783, 75792b1ee7ab39071338de6174beee92dc7ec879, e63e689778cc45b6534d550a8c9b4d6f457d2b67, 7c614acd7b7f4b964986295ba4d417c7f69461fd, ad727d5c4da25fa7a459c88bc2893db3d532b9f9, 99844c4198fba368eaa24fd178c4bf77292d7b43, 66c5c7fb8fc164933ca004259859e3002696ec63, 9fb613c0ec1bb2282617decb1e2d76ace87c0cb3, 72ca24180e9d6d0d2b1f45a2951216be74c62816, 15b0f60b7ef16c7f8f4ccd854bf5ab8409639916]","50","8","15b0f60b7ef16c7f8f4ccd854bf5ab8409639916"
"https://github.com/TheOdinProject/theodinproject.git","247","25","[0e6ce87d24e8e78a2a162375ce8ec91aa963174a, 986b2b11170954b92042819c220ba55431e76bd4, a1f0a28c24052717844f2194a4d09d0e54da5c4f, ee2265a5f6b028d044b12241f9840f948532e10f, cbe5bb43e4d8d1d16eb2f9697ce8e974a5cd4838, 9819ef450d98a197b6234c28b599bcc7f43ad759, 382e3933b2cff07865c850ce78034e45e137183f, f5715d6f3b1f67cf397eced28201219b804f4d0f, 5c31e1d08240d7d6399c8ef9b8bc6d989bf2f52b, 9d2ebea1331818876e1cc6065920ff2e764f817d, d4959ef97bbe860641f90a2b6fca67a28a4f89fd, 0a53ac6187fe1bdcd8a0701ae8f0d5925b0df980, 74e084a0f365a08c428d927275db7c21a1ac69bf, c7ad0c7150c742c438416d900586a08a4e84cc09, ca6bd968e3d7dcec4890d0e5c662719f8a3a0e94, c635dcc357d337aa52246768be99e24dbca54a09, 5f306875d303c2ec281f89ea3d23b8a585d1c38a, 2b15332c80cc4c4aadbfeaf97838971e9b331ad9, a0c2f8c57ecff35464f79e681ff793fb4019f8e0, 91a4274835ad45bf2e908856fb1d6957ae956783, 75792b1ee7ab39071338de6174beee92dc7ec879, e63e689778cc45b6534d550a8c9b4d6f457d2b67, 7c614acd7b7f4b964986295ba4d417c7f69461fd, ad727d5c4da25fa7a459c88bc2893db3d532b9f9, 99844c4198fba368eaa24fd178c4bf77292d7b43]","49","8","99844c4198fba368eaa24fd178c4bf77292d7b43"
"https://github.com/TheOdinProject/theodinproject.git","252","41","[0e6ce87d24e8e78a2a162375ce8ec91aa963174a, 986b2b11170954b92042819c220ba55431e76bd4, a1f0a28c24052717844f2194a4d09d0e54da5c4f, ee2265a5f6b028d044b12241f9840f948532e10f, cbe5bb43e4d8d1d16eb2f9697ce8e974a5cd4838, 9819ef450d98a197b6234c28b599bcc7f43ad759, 382e3933b2cff07865c850ce78034e45e137183f, 4a4f8728206d9a0379983ce1cc18f5da87933c49, 5c223b6d99ce24490407c5dac72726d491fb305a, 5515d4b672430db195ac503bb1d2f9a68698f963, 3659bfe43299ea764fa2c6b50c1a287e7b786be2, 8b44ff726dfe15d636fd7b16dfdcba04f304ab28, 8823de7f6369eef1c252d7a3227d43c184c0f7b4, fe0b2518d3c67e29f41c27b7a17c30b17993d47d, 547401f2242da4bed320870a680d9c34dfbd621e, fe591b76106f01c18b065e30252421a11bbcefdb, 87d52bf74af90232213b666261e3dc292bf27388, 2f3541da697095fd115ab2ecedb54dccf7cc0374, 4499c9def8958d81ca8584adc71582854133d5b9, 3d8ed7492fc10356132abf6abb8cc4b293b3885c, 8aad06d62ef81c227e64f2966f77039561c7d43a, 9d610421dc327785d3fafc79162e969cb6380547, 9d2ebea1331818876e1cc6065920ff2e764f817d, 5960355c3cccbec8972d80f3f4d69fe2faa9eacf, 40f23b2f03d7ee94d36d89bd34d694673a3ba72d, d793f8c4b90faa33569920f63c336cf68ef92128, ec6845e63961dad5e7b8d7bf507cb4d7e320ad39, 372457388cbfcd90d30f09151deab8ea208027d3, f0061e74d97de90fe63b602a56e0f186413bea52, 0b9211ee2306f717444e8c0a8ef2aac62cc7342e, 6ee08f5864bd4089cb46b09b9fb78d0584a855d8, 3a747973e786e167fe3a3d74da3bb8827654b107, 951c181621ec2e8bf76d8aef1beea41eed0037a7, d4959ef97bbe860641f90a2b6fca67a28a4f89fd, 1d36f5ccc24110a83b971a9e34105078f0c8e9cb, 0a53ac6187fe1bdcd8a0701ae8f0d5925b0df980, 74e084a0f365a08c428d927275db7c21a1ac69bf, c7ad0c7150c742c438416d900586a08a4e84cc09, ca6bd968e3d7dcec4890d0e5c662719f8a3a0e94, c635dcc357d337aa52246768be99e24dbca54a09, 5f306875d303c2ec281f89ea3d23b8a585d1c38a]","49","8","5f306875d303c2ec281f89ea3d23b8a585d1c38a"
"https://github.com/TheOdinProject/theodinproject.git","253","16","[0e6ce87d24e8e78a2a162375ce8ec91aa963174a, 986b2b11170954b92042819c220ba55431e76bd4, a1f0a28c24052717844f2194a4d09d0e54da5c4f, ee2265a5f6b028d044b12241f9840f948532e10f, cbe5bb43e4d8d1d16eb2f9697ce8e974a5cd4838, 9819ef450d98a197b6234c28b599bcc7f43ad759, 382e3933b2cff07865c850ce78034e45e137183f, 9d2ebea1331818876e1cc6065920ff2e764f817d, 3a747973e786e167fe3a3d74da3bb8827654b107, 951c181621ec2e8bf76d8aef1beea41eed0037a7, d4959ef97bbe860641f90a2b6fca67a28a4f89fd, 1d36f5ccc24110a83b971a9e34105078f0c8e9cb, 74e084a0f365a08c428d927275db7c21a1ac69bf, c7ad0c7150c742c438416d900586a08a4e84cc09, ca6bd968e3d7dcec4890d0e5c662719f8a3a0e94, c635dcc357d337aa52246768be99e24dbca54a09]","49","8","c635dcc357d337aa52246768be99e24dbca54a09"
"https://github.com/TheOdinProject/theodinproject.git","255","148","[7fe459d5aadad1839b936736953cf41514cc805b, ca8ff0aa365d939aa81f9432b208d3ef58a8aa1c, c4b00b448669f8334364e5b92bca9a3c32f6803f, efdc2888072f409e687d31dc580595dbe4fe0ff4, 5b0eba101443b57ee9efc7f46b770e4f594a9608, 3af0e243cddcf6a9a91de61d4c73ac6095940742, aa515df44d8b00033bade0729d7a50925ad4b743, ea098b495db05597dabf6b08ea1bc2f8c309d73f, 66671c676c62ef12f71d8ea22c4cd8a0d2db1000, c3a33f9ce5213dedbc447f653001e5cca55ffcca, 03ab7fcb4bf0a3635b13ea20355a4c00cc5be19a, 6da93cdf4363de6acc76ae21504856fd677dbcf3, 55024025a54a04aa1aae854f527b2e82c4707f31, 411b81b4ebfff62e337b058c52c59e60ca1db30b, 3ed74bd02adccf090feb8d70c249829c7e499b97, f88eb7a05a2f73f0acd41361cf6c8325e038b41c, 9ce9871d65422c85bb813c4a86be26081aed0a98, 622d703f907625b598d60c2417110512961f02f9, e4daa1cfb84b16e59935f3e6c1df5a7d47c15490, e5e4eaead79035a76ea03784f39512518772560c, add04dce9d300ac6da431e08e7cf4c5fc974906b, 0f595f0e586995dc9ed2324e707901aa0c22b026, fca93bd20d3df24be50f4e8c9eb353143226696e, 0c9f4487ddc681d6dd143e0f230ec78c366c7022, 095949f7736d92f29e21047ac158c0884997ade8, 1c6f819f1ac62ed55c6c4d002a111ae57887504c, 6afe31e65eef78a51aab7673bcfe00ae0d21b0f6, dd39b7a4daf2190dc7681962f5ea70828dc82b61, 1da91617ada389a30f1eeb1e00cee4ed2e6de44e, e4cb281e10a88187404c807c8ee9d991e5b98494, b54004a274a4a86cc0e4608be769ee20194b19d5, efe9d5d865b7b9f9decec9f9727307bebf95ea87, ccdb5b54379db6000be5ec6abf1087fd9a57d3af, a878e9c62cdba81b1e4fbdddebe8974135dde483, 6cc291582d4ff1b1f9edfa7d131a146e23d3eb7b, 5204c74b6dfd7f1e6f71297e393869efb9b7e58c, b00e4f9f2607e912093671f1a26d92d5c2712e3e, 6505000ff6a0777fe10e5bd75dbafb2adc4312ac, 09ae4b16c2ae4a46ff8cfb98d611f2ab0df6106e, 9032dcbe9ec57576471f37ba1fc892de68e7676c, 911820d08227ad339690e652ed26f8aa4b533da6, bebdaf975c208443671a3559e38113c756a2f97a, 1540f4b40c9fcefd345efa6a3a1427eaf705243d, 423d9903547cb10039456820d2219e4b46cb31ae, c74eca2617e7b750facaf511b84ff28c7e27510e, c36355831c330be7f0bb751a385d438bd7c245f1, 0baa48af940377486c27d4f4c3a757900d2b3c61, 384baf046ad8ddfd1701990e4107c2d2e3c3c99e, e9b7810e092def8773816648a477a3f1c5eddca3, 248653b410328c70bb8ec814ec9fc54882c209a8, d58efc0e5956c051ad593512827bf3083ca57b07, 6d80c33239cee09b45b5cf0f37c8e0ffbf236f1c, 2baac195e0f7268509d99e8245428e0d04c24325, 47a5692782cdfc5738001f2b89c5902f764f5f53, 9fe32541879a4479fd92472d38221662523377c3, 953f325eccd4a7af89484d251b4969cd1c3a0736, 0cd2e4ca5269caf2302639cf5620e1c48b7ff78a, 8bbf92c248320681fbf289b0d678ac6b4f1b594f, 3a0d21e0251570673ac8f9f5b7ba77a6b8a8b20e, eda980a1f069680d4b59dee64b9b41997e71274d, 31abe4aaa7f6ddf770e1a4e7bf97ce287995c1f7, 6ee07bdca16daad8c51e7cd0c7da574df3fe524b, 195e614a9cc50a41a18788a2fce0fa3ce21ba4f8, da20e41e246d4071179ce07a5ec10c907436b93c, c5a3c3217c0f50b25ca234edc8f8e16cfa384bce, 571b34d33402d5cf08abfe206af07266d81e9b56, be015a28476b47e47a27b5c65890010313e07077, 740373a6d44939bb5774e9e1bfa4f81e78919da8, 6d61f83bf95f5ca2e84d28a2fa00db699677323c, 81a6a888d3148b87c2ca83034e0a499142f30d03, dbb10d7cfcbb9def5073e90796e5a4ddf5394f28, 713a6e18c318c3d8c137b1bd3daa49b837598469, 980881820dcd2fe8f1bb68e0a3934c5ca39bffc3, c5621b985ece8c7cfdc71733814659653deabf0e, 6dfa7d978d0eecf03e4c6e7e0a524e93fe156a96, 464b9e54a46d9416a436a2c81e0747dfa5057d7d, aa13ded3f4ad6f8b8cd94be14cb9764e400ded01, e6de1c2c8d068742a970f5fce3a68ed27b0c9dd2, f4a6745128141adba93566c7504bdfc52e60bda9, 35a4ba4fa958de4d7cd051ea761e25b30ae48778, 4a037cbbde7b6f87bdade67951dcd362eca9d106, ad224a00c2b1e4f00487536a3edcf55561a7fa4d, 1df5c7ed994f6513460b7d504a0dbd662daf1443, 4754e329feae3d42f1f0dd7b6e0d247581e4e99c, 7a7ad114e3eacb631671a177e647c240e7fe126d, 83bd6adfaafb5653ad66da9cc6d8c0799c02be8e, 5b1708d934606a98a7437d10bab59eb7987463c2, d797d016a38e6212acd0b203546718cbb3ccf137, 71f3bac2bd2e35f94b37fc7c32e4bfc5e8ad8af8, dee6e2c09b14f0660f01377654fc7950efa9a441, 52ab1a9e95fc0376bf735f1997a9bc48f77406a5, 31aa25ae3b121546a9c458dc21698de72693ff18, ab75db87366bee36e9f2f2f5db44bc6327d106d7, d01c66f8d86d6f4b0d0346b2a72ea9c35d41b2eb, 0cd9f14cee3ef759b30721c2b05e8e139179f94b, 46cf051681b3e01e350b6b9fab37db0fc6721cd7, 0239b13934ace64a603f49790ee6806195b8913e, 14f500f779ea5d55a10feea3a2f137148e2eac93, fb1343104e3f7d36997fef6f997ea437f71f404a, e94ac6d45fc41c85cdfb626857165a68b0311c0e, 361a62731170cdb2a6e1fa89b24663397a4f31bb, f09498cd1e618ad20e57e016fc49333816a0a6f9, 98d461ad9223275243fb3018c49220eae0bf22ec, 497109b9d93e752eb043bf40a43d217463c02527, 58f0122822cc72dce9cab12305e1140735f0f09d, b0d5f8689bfaea06e35792c9479231d7d79b17c1, 822a66d328a3f4a1003ae74bfb50d1881e09e9b1, 3341d82cc6c3c7ef1fa03a61624bb659b3803a5b, ae75145c7c03a080c78eb15604411acbab9c9638, c3f6befb024ba9a9a93b9ccb9b7ca3397a22742e, 51f2246f1e10745fa2256f97c53167a946fbf949, e313ed948262a572ef242e89543ed6839ee50466, a5738917cbb92bfca26d73a3f3d0b11185b4c285, a94711073d23c9a2421e99a2d40b06ba4d6df7a1, d694bb55dde8f0bcec4a6a2fa78edf67ab5c3a98, 0dac55f75ef8060e55b1b5fc0d93bc91e0cfbc84, 28f70c60f8a7bfd39b6302e2484bafecef3ed1d9, 8f56f5fffb0f689b73266dc3a9e17215ec2522c2, 21cff139b0f81930af04050ac04a58e7cee19ca5, d3cecdd23bfb9eccda9b608d2d387af7381000a6, 1b0a570a0d1da6d33aa6eb65c551a53c7e9d122e, 79dcafc55c7f2ecf2c43595729fe8dd6f0406217, 4a4f8728206d9a0379983ce1cc18f5da87933c49, 5c223b6d99ce24490407c5dac72726d491fb305a, 5515d4b672430db195ac503bb1d2f9a68698f963, 3659bfe43299ea764fa2c6b50c1a287e7b786be2, 8b44ff726dfe15d636fd7b16dfdcba04f304ab28, 8823de7f6369eef1c252d7a3227d43c184c0f7b4, fe0b2518d3c67e29f41c27b7a17c30b17993d47d, 547401f2242da4bed320870a680d9c34dfbd621e, fe591b76106f01c18b065e30252421a11bbcefdb, 87d52bf74af90232213b666261e3dc292bf27388, 2f3541da697095fd115ab2ecedb54dccf7cc0374, 4499c9def8958d81ca8584adc71582854133d5b9, 3d8ed7492fc10356132abf6abb8cc4b293b3885c, 8aad06d62ef81c227e64f2966f77039561c7d43a, 9d610421dc327785d3fafc79162e969cb6380547, 5960355c3cccbec8972d80f3f4d69fe2faa9eacf, 40f23b2f03d7ee94d36d89bd34d694673a3ba72d, d793f8c4b90faa33569920f63c336cf68ef92128, ec6845e63961dad5e7b8d7bf507cb4d7e320ad39, 372457388cbfcd90d30f09151deab8ea208027d3, f0061e74d97de90fe63b602a56e0f186413bea52, 0b9211ee2306f717444e8c0a8ef2aac62cc7342e, 6ee08f5864bd4089cb46b09b9fb78d0584a855d8, 3a747973e786e167fe3a3d74da3bb8827654b107, 951c181621ec2e8bf76d8aef1beea41eed0037a7, 1d36f5ccc24110a83b971a9e34105078f0c8e9cb]","50","8","1d36f5ccc24110a83b971a9e34105078f0c8e9cb"
"https://github.com/TheOdinProject/theodinproject.git","291","34","[dd39b7a4daf2190dc7681962f5ea70828dc82b61, 1da91617ada389a30f1eeb1e00cee4ed2e6de44e, ccdb5b54379db6000be5ec6abf1087fd9a57d3af, a878e9c62cdba81b1e4fbdddebe8974135dde483, 6cc291582d4ff1b1f9edfa7d131a146e23d3eb7b, 5204c74b6dfd7f1e6f71297e393869efb9b7e58c, b00e4f9f2607e912093671f1a26d92d5c2712e3e, 6505000ff6a0777fe10e5bd75dbafb2adc4312ac, 6d80c33239cee09b45b5cf0f37c8e0ffbf236f1c, 2baac195e0f7268509d99e8245428e0d04c24325, 47a5692782cdfc5738001f2b89c5902f764f5f53, 9fe32541879a4479fd92472d38221662523377c3, 8bbf92c248320681fbf289b0d678ac6b4f1b594f, 3a0d21e0251570673ac8f9f5b7ba77a6b8a8b20e, eda980a1f069680d4b59dee64b9b41997e71274d, 31abe4aaa7f6ddf770e1a4e7bf97ce287995c1f7, 6ee07bdca16daad8c51e7cd0c7da574df3fe524b, 195e614a9cc50a41a18788a2fce0fa3ce21ba4f8, da20e41e246d4071179ce07a5ec10c907436b93c, c5a3c3217c0f50b25ca234edc8f8e16cfa384bce, 571b34d33402d5cf08abfe206af07266d81e9b56, be015a28476b47e47a27b5c65890010313e07077, 740373a6d44939bb5774e9e1bfa4f81e78919da8, 6d61f83bf95f5ca2e84d28a2fa00db699677323c, 81a6a888d3148b87c2ca83034e0a499142f30d03, dbb10d7cfcbb9def5073e90796e5a4ddf5394f28, 713a6e18c318c3d8c137b1bd3daa49b837598469, 980881820dcd2fe8f1bb68e0a3934c5ca39bffc3, c5621b985ece8c7cfdc71733814659653deabf0e, 6dfa7d978d0eecf03e4c6e7e0a524e93fe156a96, 464b9e54a46d9416a436a2c81e0747dfa5057d7d, aa13ded3f4ad6f8b8cd94be14cb9764e400ded01, e6de1c2c8d068742a970f5fce3a68ed27b0c9dd2, f4a6745128141adba93566c7504bdfc52e60bda9]","33","8","f4a6745128141adba93566c7504bdfc52e60bda9"
"https://github.com/TheOdinProject/theodinproject.git","294","19","[dd39b7a4daf2190dc7681962f5ea70828dc82b61, 1da91617ada389a30f1eeb1e00cee4ed2e6de44e, ccdb5b54379db6000be5ec6abf1087fd9a57d3af, a878e9c62cdba81b1e4fbdddebe8974135dde483, 6cc291582d4ff1b1f9edfa7d131a146e23d3eb7b, 5204c74b6dfd7f1e6f71297e393869efb9b7e58c, b00e4f9f2607e912093671f1a26d92d5c2712e3e, 6505000ff6a0777fe10e5bd75dbafb2adc4312ac, 2baac195e0f7268509d99e8245428e0d04c24325, 47a5692782cdfc5738001f2b89c5902f764f5f53, da20e41e246d4071179ce07a5ec10c907436b93c, c5a3c3217c0f50b25ca234edc8f8e16cfa384bce, 740373a6d44939bb5774e9e1bfa4f81e78919da8, 6d61f83bf95f5ca2e84d28a2fa00db699677323c, 81a6a888d3148b87c2ca83034e0a499142f30d03, dbb10d7cfcbb9def5073e90796e5a4ddf5394f28, 713a6e18c318c3d8c137b1bd3daa49b837598469, 980881820dcd2fe8f1bb68e0a3934c5ca39bffc3, c5621b985ece8c7cfdc71733814659653deabf0e]","33","8","c5621b985ece8c7cfdc71733814659653deabf0e"
"https://github.com/TheOdinProject/theodinproject.git","297","11","[dd39b7a4daf2190dc7681962f5ea70828dc82b61, 1da91617ada389a30f1eeb1e00cee4ed2e6de44e, ccdb5b54379db6000be5ec6abf1087fd9a57d3af, a878e9c62cdba81b1e4fbdddebe8974135dde483, 6cc291582d4ff1b1f9edfa7d131a146e23d3eb7b, 5204c74b6dfd7f1e6f71297e393869efb9b7e58c, b00e4f9f2607e912093671f1a26d92d5c2712e3e, 6505000ff6a0777fe10e5bd75dbafb2adc4312ac, 2baac195e0f7268509d99e8245428e0d04c24325, 47a5692782cdfc5738001f2b89c5902f764f5f53, da20e41e246d4071179ce07a5ec10c907436b93c]","26","8","da20e41e246d4071179ce07a5ec10c907436b93c"
"https://github.com/TheOdinProject/theodinproject.git","300","30","[79d0ee3cbf880a4899240f4010583c94ff7d1ffa, 151ca64024c7619f79c369e1f8d565adbdd1a417, f88eb7a05a2f73f0acd41361cf6c8325e038b41c, 69808373be8cbe32040889e7087a230bce6f9824, b5fe3f4219e94d7e2f6ef257d767df3fbf5ed853, bcf13b744be0b2647694e1e1d099f817f27d80b5, 36fb836dd165dd8a38dc561a6ae7ab64250b166f, 3362479271b4629690e21d7d80b1ed23216d6158, 0f595f0e586995dc9ed2324e707901aa0c22b026, fca93bd20d3df24be50f4e8c9eb353143226696e, 0c9f4487ddc681d6dd143e0f230ec78c366c7022, 095949f7736d92f29e21047ac158c0884997ade8, 1c6f819f1ac62ed55c6c4d002a111ae57887504c, 6afe31e65eef78a51aab7673bcfe00ae0d21b0f6, e4cb281e10a88187404c807c8ee9d991e5b98494, b54004a274a4a86cc0e4608be769ee20194b19d5, efe9d5d865b7b9f9decec9f9727307bebf95ea87, 09ae4b16c2ae4a46ff8cfb98d611f2ab0df6106e, 9032dcbe9ec57576471f37ba1fc892de68e7676c, 911820d08227ad339690e652ed26f8aa4b533da6, bebdaf975c208443671a3559e38113c756a2f97a, 1540f4b40c9fcefd345efa6a3a1427eaf705243d, 423d9903547cb10039456820d2219e4b46cb31ae, c74eca2617e7b750facaf511b84ff28c7e27510e, c36355831c330be7f0bb751a385d438bd7c245f1, 0baa48af940377486c27d4f4c3a757900d2b3c61, 384baf046ad8ddfd1701990e4107c2d2e3c3c99e, e9b7810e092def8773816648a477a3f1c5eddca3, 248653b410328c70bb8ec814ec9fc54882c209a8, d58efc0e5956c051ad593512827bf3083ca57b07]","29","8","d58efc0e5956c051ad593512827bf3083ca57b07"
"https://github.com/TheOdinProject/theodinproject.git","301","17","[79d0ee3cbf880a4899240f4010583c94ff7d1ffa, 151ca64024c7619f79c369e1f8d565adbdd1a417, 69808373be8cbe32040889e7087a230bce6f9824, b5fe3f4219e94d7e2f6ef257d767df3fbf5ed853, bcf13b744be0b2647694e1e1d099f817f27d80b5, 36fb836dd165dd8a38dc561a6ae7ab64250b166f, 3362479271b4629690e21d7d80b1ed23216d6158, 9032dcbe9ec57576471f37ba1fc892de68e7676c, 911820d08227ad339690e652ed26f8aa4b533da6, bebdaf975c208443671a3559e38113c756a2f97a, 1540f4b40c9fcefd345efa6a3a1427eaf705243d, 423d9903547cb10039456820d2219e4b46cb31ae, c74eca2617e7b750facaf511b84ff28c7e27510e, c36355831c330be7f0bb751a385d438bd7c245f1, 0baa48af940377486c27d4f4c3a757900d2b3c61, e9b7810e092def8773816648a477a3f1c5eddca3, 248653b410328c70bb8ec814ec9fc54882c209a8]","29","8","248653b410328c70bb8ec814ec9fc54882c209a8"
"https://github.com/TheOdinProject/theodinproject.git","303","16","[79d0ee3cbf880a4899240f4010583c94ff7d1ffa, 151ca64024c7619f79c369e1f8d565adbdd1a417, 69808373be8cbe32040889e7087a230bce6f9824, b5fe3f4219e94d7e2f6ef257d767df3fbf5ed853, bcf13b744be0b2647694e1e1d099f817f27d80b5, 36fb836dd165dd8a38dc561a6ae7ab64250b166f, 3362479271b4629690e21d7d80b1ed23216d6158, 9032dcbe9ec57576471f37ba1fc892de68e7676c, 911820d08227ad339690e652ed26f8aa4b533da6, bebdaf975c208443671a3559e38113c756a2f97a, 1540f4b40c9fcefd345efa6a3a1427eaf705243d, 423d9903547cb10039456820d2219e4b46cb31ae, c74eca2617e7b750facaf511b84ff28c7e27510e, c36355831c330be7f0bb751a385d438bd7c245f1, 0baa48af940377486c27d4f4c3a757900d2b3c61, e9b7810e092def8773816648a477a3f1c5eddca3]","17","8","e9b7810e092def8773816648a477a3f1c5eddca3"
"https://github.com/TheOdinProject/theodinproject.git","305","1","[c74eca2617e7b750facaf511b84ff28c7e27510e]","15","8","c74eca2617e7b750facaf511b84ff28c7e27510e"
"https://github.com/TheOdinProject/theodinproject.git","306","1","[c36355831c330be7f0bb751a385d438bd7c245f1]","3","1","c36355831c330be7f0bb751a385d438bd7c245f1"
"https://github.com/TheOdinProject/theodinproject.git","332","21","[298cc4ed311f0dca7724470d40db7bac72d8eba3, 255cf8507b71b9bee44d4b34417390e109c3264a, b89d9087466a48b75bfa8171ac54aab25d7658ec, 47b284cc183bb0eade6582566b2a8e9cbf80d95d, 64ff8af5f22dc5dbbabcbf9c4a75318c35b863cc, 1b991b93e30b998316110c79df5d933e55ecb8ec, 84d983d90425d040317bf65df1a7b485ea67bb23, 6229efb4fc03041d7657a9a462aecdcb8688ce2c, e9cf5c53f964ea39fffc484cf1d75062af2f9361, 32ce8bf9e0c8a2ef0759eba86a935d50e55aa94b, c92324547db381252117b38ff56c9e991fdf4142, 50b244e58b29bde751c1df17f1dca16384fb8293, 89a4a6c8aa1e07a22174dd076fd4829e42fefe05, 595db542f151d5e755d666733713c8d707a82dcd, adc1df06992d40944a2c196126eecd780c753a0a, 2f04d1d47b8a809b62b3b6286e1bdbc4df39c6d2, 51643e584f8b71631b42faa0f316e9b55d563285, 3bd82f2283088500fbb6c83656539bbd5feaf6d6, 83dd3cbdd5f12d9ded02070e813246bf139e3bc6, 40b7497bbfd118dda52151641fd673e06557ba4d, 92f9157eb4b30665d43615235785a036f731ce80]","23","4","92f9157eb4b30665d43615235785a036f731ce80"
"https://github.com/TheOdinProject/theodinproject.git","337","40","[583385fc964b9f28fc20042464c54d84de02e77b, bfcb46d13bd71febeb05ba0bc989f7c0d906edb2, 05850db395fb6f26699ea380ae372ad5a00f68c4, c428cdca4abfb40cd66835c7636a7ea45dc3339b, 293511dc1b83ff51145fc0cf4666bfba4815f42b, f1a46a07e518b40d6cfd5050a844e732a70b89f8, 1002d86c7a40a31a5cfd09a3e504278d9b029544, f069707c5a9282bf5fb8512bff26ba3d55e0a5b4, 7b30c83c9d46fb24e86f434396acddba7821331e, 6f1298eedb7c9303e997f9bcea71459e0a4f8fb9, 18577c1f4c02e8b80e8109a324237817ab44b688, a9c8c2f84f9c022a9ea5bb80de0ad0e8aa4f9531, 0aba423a54d7d6b73cf98c1c0a4eb3f2e4777a2b, 6c114edb7ef805e53a4eb4fadab0310186b79c7c, 620cbfc0a84c6d5e4c632b4c5defd6263a0dbaaa, 314181d6ff431ae8c4943eaafb0278d6cdab1dc3, b91f21560043668aae87a05138e80ec7009c3320, b9c3aabaf1a6893e09189c35d49c39548bdd7d79, f6708772e6384bd929b77cc66ba819002cb4d8c8, 62abb790990c3c90c8151acdb05d1d185d27f597, 166371e52547a9ffc322bd727973feca61d5ebac, c6a9a4be4f296c4c2a49957c3f2377823709edc4, caf17cba385ec24a1964460fb0a1f79a3abf7bbb, e4f07b2b60dd34ebe98374369654aeb9ec529df0, dc70ff24c2ca3183a8ec74d84b41891675cdfa04, 21f1d64d8eb697c55ff511e9c36416375491de4b, 298cc4ed311f0dca7724470d40db7bac72d8eba3, 255cf8507b71b9bee44d4b34417390e109c3264a, b89d9087466a48b75bfa8171ac54aab25d7658ec, 47b284cc183bb0eade6582566b2a8e9cbf80d95d, 64ff8af5f22dc5dbbabcbf9c4a75318c35b863cc, 1b991b93e30b998316110c79df5d933e55ecb8ec, 84d983d90425d040317bf65df1a7b485ea67bb23, 6229efb4fc03041d7657a9a462aecdcb8688ce2c, e9cf5c53f964ea39fffc484cf1d75062af2f9361, 32ce8bf9e0c8a2ef0759eba86a935d50e55aa94b, c92324547db381252117b38ff56c9e991fdf4142, 50b244e58b29bde751c1df17f1dca16384fb8293, 89a4a6c8aa1e07a22174dd076fd4829e42fefe05, 595db542f151d5e755d666733713c8d707a82dcd]","23","4","595db542f151d5e755d666733713c8d707a82dcd"
"https://github.com/TheOdinProject/theodinproject.git","339","6","[f6708772e6384bd929b77cc66ba819002cb4d8c8, 166371e52547a9ffc322bd727973feca61d5ebac, c6a9a4be4f296c4c2a49957c3f2377823709edc4, caf17cba385ec24a1964460fb0a1f79a3abf7bbb, e4f07b2b60dd34ebe98374369654aeb9ec529df0, dc70ff24c2ca3183a8ec74d84b41891675cdfa04]","1","2","dc70ff24c2ca3183a8ec74d84b41891675cdfa04"
"https://github.com/TheOdinProject/theodinproject.git","345","5","[7b30c83c9d46fb24e86f434396acddba7821331e, 6f1298eedb7c9303e997f9bcea71459e0a4f8fb9, 18577c1f4c02e8b80e8109a324237817ab44b688, a9c8c2f84f9c022a9ea5bb80de0ad0e8aa4f9531, 0aba423a54d7d6b73cf98c1c0a4eb3f2e4777a2b]","10","1","0aba423a54d7d6b73cf98c1c0a4eb3f2e4777a2b"
"https://github.com/TheOdinProject/theodinproject.git","346","1","[6c114edb7ef805e53a4eb4fadab0310186b79c7c]","2","1","6c114edb7ef805e53a4eb4fadab0310186b79c7c"
"https://github.com/TheOdinProject/theodinproject.git","347","8","[583385fc964b9f28fc20042464c54d84de02e77b, bfcb46d13bd71febeb05ba0bc989f7c0d906edb2, 05850db395fb6f26699ea380ae372ad5a00f68c4, c428cdca4abfb40cd66835c7636a7ea45dc3339b, 293511dc1b83ff51145fc0cf4666bfba4815f42b, f1a46a07e518b40d6cfd5050a844e732a70b89f8, 1002d86c7a40a31a5cfd09a3e504278d9b029544, f069707c5a9282bf5fb8512bff26ba3d55e0a5b4]","5","1","f069707c5a9282bf5fb8512bff26ba3d55e0a5b4"
"https://github.com/TheOdinProject/theodinproject.git","349","5","[bfcb46d13bd71febeb05ba0bc989f7c0d906edb2, 05850db395fb6f26699ea380ae372ad5a00f68c4, c428cdca4abfb40cd66835c7636a7ea45dc3339b, 293511dc1b83ff51145fc0cf4666bfba4815f42b, f1a46a07e518b40d6cfd5050a844e732a70b89f8]","2","1","f1a46a07e518b40d6cfd5050a844e732a70b89f8"
"https://github.com/TheOdinProject/theodinproject.git","388","8","[32316a8f89493d1bbf8580fb36ea1822cc625c6f, b5adcf1f1a5b4f8b3c46d485f71b3e9bae1f5846, 26b7eeb992e09558e20790e9020b7bcc38cb7ef8, c44c5b22cb6aa705a6d6f0df9965cca2c4e50c8e, cbe57ebd7d0d2c113240bc15c6926b00b0e2087b, 64b5f742442007908eed3853b00967bc8571d822, 6370148cc5dab5751e3a3b508bc85d4adad3f997, b658079f5182c5755375228a3423d01bfc137b5d]","31","1","b658079f5182c5755375228a3423d01bfc137b5d"
"https://github.com/TheOdinProject/theodinproject.git","389","4","[32316a8f89493d1bbf8580fb36ea1822cc625c6f, b5adcf1f1a5b4f8b3c46d485f71b3e9bae1f5846, 26b7eeb992e09558e20790e9020b7bcc38cb7ef8, c44c5b22cb6aa705a6d6f0df9965cca2c4e50c8e]","11","1","c44c5b22cb6aa705a6d6f0df9965cca2c4e50c8e"
"https://github.com/TheOdinProject/theodinproject.git","391","3","[32316a8f89493d1bbf8580fb36ea1822cc625c6f, b5adcf1f1a5b4f8b3c46d485f71b3e9bae1f5846, 26b7eeb992e09558e20790e9020b7bcc38cb7ef8]","7","1","26b7eeb992e09558e20790e9020b7bcc38cb7ef8"
"https://github.com/TheOdinProject/theodinproject.git","394","8","[26e0754ca32927668fc42e8a0b77ae7e75427dae, f9d50d490acb23478462f953e8451b5ad965f792, 78792085d0d5af1981e9eb66870c69c1b0ada29c, 8f408a2c82d4dbf7d0bb2a464a9dfa2db1ed64d0, 26476324cc38cccf729d1e0b8eb8358a1296ab01, bb08df4092c3a5654e5c74fb80e9cdab23c76ddb, 771571d07004e9a456b18e01ae258c3d2735a916, 29c3b000af198dc31537c078b60767cb0c4f347a]","7","1","29c3b000af198dc31537c078b60767cb0c4f347a"
"https://github.com/TheOdinProject/theodinproject.git","396","2","[78792085d0d5af1981e9eb66870c69c1b0ada29c, 8f408a2c82d4dbf7d0bb2a464a9dfa2db1ed64d0]","4","1","8f408a2c82d4dbf7d0bb2a464a9dfa2db1ed64d0"
"https://github.com/TheOdinProject/theodinproject.git","406","6","[2b39663941613af2ad573d095ebfc1444f7a1bca, 0a0d08987be6a0ef43ab8b7633782b385c3354c8, ccd5e2292478bb6aa5a293e90de8439cd45670de, 08d7dd149427c1c4d1b805898c547646bb309f60, 8fb5053803f1e15c9c19a2f475911b6df97bc862, 7cb2e9c3aa6b5c286121e898a0b1f5f313ee54ad]","1","1","7cb2e9c3aa6b5c286121e898a0b1f5f313ee54ad"
